review_text,rating,date,language,sentiment,confidence,sentiment_clean,predicted_category,category_confidence,category,confidence_band,review_length,label_source,final_category,label_method
"these guys are terrible, they dont take any responsibility. customer service ignores you and closes tickets. absolute worst customer service.",1,2026-08-12 08:42:56,English,Negative,0.9998,NEGATIVE,"driver behavior, rude driver, unsafe driving, driver no show, safety issues",0.5823379755020142,Driver Behavior & Safety,medium,141,zero-shot-bart-large-mnli,Support & Refunds,keyword_rule
this happened to me multiple times where i order food and it takes hours for a rider to get assigned. there should be an option to cancel the order after a certain time limit because we have other things to do than waiting for 2h for food. the numbers for restaurants in the app dont work half the time too. the hot line is useless most of the time,1,2026-08-11 17:58:43,English,Negative,0.9998,NEGATIVE,"customer support, refunds, complaint handling, unhelpful support",0.5373790264129639,Support & Refunds,medium,348,zero-shot-bart-large-mnli,Delivery Issues,keyword_rule
this app is a not trust that is laying 50% discunt frist ride. not it offer working,1,2026-08-11 17:12:48,English,Negative,0.9994,NEGATIVE,"driver behavior, rude driver, unsafe driving, driver no show, safety issues",0.4194739460945129,Driver Behavior & Safety,low,83,zero-shot-bart-large-mnli,Pricing & Bidding,keyword_rule
"The new “Bid” feature has made PickMe extremely frustrating. Bidding gets activated automatically, and drivers take a long time to accept rides because they wait for higher offers. Many drivers then ask for an extra Rs.100 or more for a trip. This makes booking slow, stressful, and unpredictable. PickMe should give passengers the option to disable bidding and keep a fixed-fare system. The app was much more convenient before this feature.",1,2026-08-11 15:28:32,English,Negative,0.9963,NEGATIVE,"pricing, surge pricing, bidding, driver offers, high fares, expensive, discounts",0.7315916419029236,Pricing & Bidding,high,441,zero-shot-bart-large-mnli,Pricing & Bidding,auto_high_confidence
cheap and quick,5,2026-08-11 12:13:10,English,Negative,0.9996,NEGATIVE,"driver behavior, rude driver, unsafe driving, driver no show, safety issues",0.2619372904300689,Driver Behavior & Safety,low,15,zero-shot-bart-large-mnli,Exclude / Too Generic,generic_filter
"after taking 4 hours, they cancelled my food order reason- drivers are available to pick up that order 🤣",1,2026-08-09 23:16:05,English,Negative,0.9939,NEGATIVE,"customer support, refunds, complaint handling, unhelpful support",0.4342761933803558,Support & Refunds,low,104,zero-shot-bart-large-mnli,Delivery Issues,keyword_rule
"Drivers pick rides when they on another, we have to wait until they finish that trip and come to pick up. Please update the app such that the drivers wouldn't be able to pick rides while they on a trip",5,2026-08-09 15:52:47,English,Negative,0.9973,NEGATIVE,"privacy, security, data, account safety",0.3995697200298309,Privacy & Security,low,201,zero-shot-bart-large-mnli,Manual Review Needed,manual_review_needed
"without any reason they permanently blocked me , also not provide any contact numbers to contact office. kindly mention here your customer care numbers",1,2026-08-09 07:17:26,English,Negative,0.9976,NEGATIVE,"customer support, refunds, complaint handling, unhelpful support",0.6191598176956177,Support & Refunds,medium,151,zero-shot-bart-large-mnli,Support & Refunds,keyword_rule
frequently need to updates,5,2026-08-08 17:29:52,English,Negative,0.9551,NEGATIVE,"driver behavior, rude driver, unsafe driving, driver no show, safety issues",0.2626014947891235,Driver Behavior & Safety,low,26,zero-shot-bart-large-mnli,Manual Review Needed,manual_review_needed
please introduce a dark theme in this app.its too useful to save battery life and protect our eyes in android 8 high performance devices,4,2026-08-06 19:02:48,English,Negative,0.9986,NEGATIVE,"app bugs, crashes, slow app, technical issues, map, GPS, login, payment failure",0.2230666726827621,App Bugs,low,136,zero-shot-bart-large-mnli,Manual Review Needed,manual_review_needed
Foods are no promotions,5,2026-08-06 10:31:50,English,Negative,0.9984,NEGATIVE,"food delivery delays, late orders, missing items, wrong orders, cold food",0.2502305507659912,Delivery Issues,low,23,zero-shot-bart-large-mnli,Exclude / Too Generic,generic_filter
they virtually create a demand to vehicles and charging from customers by saying surge . if you took meeter taxi may cost 130 per km . when you travel with pick for 5 km they charge. fair + 400 surge . but when you took meter taxi it may cost 130 *5,1,2026-08-03 10:57:02,English,Negative,0.9541,NEGATIVE,"pricing, surge pricing, bidding, driver offers, high fares, expensive, discounts",0.7907019257545471,Pricing & Bidding,high,249,zero-shot-bart-large-mnli,Pricing & Bidding,auto_high_confidence
dude can't even schedule rides. Unable to set time in android 🤦‍♀️ seriously annoying,1,2026-08-02 22:32:26,English,Negative,0.9997,NEGATIVE,"driver behavior, rude driver, unsafe driving, driver no show, safety issues",0.4842599332332611,Driver Behavior & Safety,medium,85,zero-shot-bart-large-mnli,Manual Review Needed,manual_review_needed
"Deserves 0 stars. Worst delivery app I’ve ever used. Waited nearly 2 hours while my food sat cold at the restaurant for 90 mins with no driver assigned. Customer support offers zero help, just repetitive canned responses. Customer support repeatedly promised a driver was coming soon, offering no real solutions. Do not accept orders if you lack rider coverage. Extremely disappointing experience.",1,2026-08-02 21:05:01,English,Negative,0.9998,NEGATIVE,"food delivery delays, late orders, missing items, wrong orders, cold food",0.7679368257522583,Delivery Issues,high,397,zero-shot-bart-large-mnli,Delivery Issues,auto_high_confidence
the best riding app but too much ads that's frustrating 😕,5,2026-08-02 13:43:23,English,Negative,0.9979,NEGATIVE,"pricing, surge pricing, bidding, driver offers, high fares, expensive, discounts",0.4005816280841827,Pricing & Bidding,low,57,zero-shot-bart-large-mnli,Manual Review Needed,manual_review_needed
its has become a crapy app. food delivery is in a sad state. have to wait for hours to get food now. it takes half an hour to assign a drive after food is ready. if you don't have riders near by don't take orders. wasting people's time an money. booking taxi they can cancel without notice. but if we cancel we are charged. why only 1 sided. if they cancel they should be fined as well.,1,2026-08-01 21:05:02,English,Negative,0.9997,NEGATIVE,"food delivery delays, late orders, missing items, wrong orders, cold food",0.6238077878952026,Delivery Issues,medium,386,zero-shot-bart-large-mnli,Delivery Issues,keyword_rule
"Worst app of all time When I wanted my drivers details they cause I need to know if my child arrived at the class. They said wait 24 hours to get the details , so that mean I need to 24 hours to see what has happened to my child. A another time when someone accepted my trip I waited 20 minutes but the accepted person did not arrive so I cancelled it beacase of the driver did not come, For that they charged me money.",1,2026-08-01 14:57:11,English,Negative,0.9998,NEGATIVE,"driver behavior, rude driver, unsafe driving, driver no show, safety issues",0.5890138745307922,Driver Behavior & Safety,medium,419,zero-shot-bart-large-mnli,Driver Behavior & Safety,keyword_rule
Huawei mobile is not support pick me pls chek,5,2026-07-31 20:35:05,English,Negative,0.9997,NEGATIVE,"customer support, refunds, complaint handling, unhelpful support",0.4674200117588043,Support & Refunds,medium,45,zero-shot-bart-large-mnli,Support & Refunds,keyword_rule
pick me flash receiver location is incorrect and not updating. very poor location tracking,1,2026-07-31 17:34:25,English,Negative,0.9998,NEGATIVE,"privacy, security, data, account safety",0.3785449862480163,Privacy & Security,low,90,zero-shot-bart-large-mnli,App Bugs,keyword_rule
"never add your ATM card to this app, without using pick me there cut money",1,2026-07-30 00:49:46,English,Negative,0.9846,NEGATIVE,"privacy, security, data, account safety",0.7805907130241394,Privacy & Security,high,74,zero-shot-bart-large-mnli,Privacy & Security,auto_high_confidence
after the recent update the app is crashing every time. and each time needs to clear data and cashes or uninstall to use it.,1,2026-07-29 20:47:30,English,Negative,0.9995,NEGATIVE,"app bugs, crashes, slow app, technical issues, map, GPS, login, payment failure",0.4720580577850342,App Bugs,medium,124,zero-shot-bart-large-mnli,App Bugs,keyword_rule
"Worst transport service ever. Most of the drivers, including AAU-9178, overcharge customers when they realize they don’t know the route. The app showed 1075/= for me, but the driver charged 1400/=. Unreasonable!!!",1,2026-07-29 16:50:02,English,Negative,0.9998,NEGATIVE,"driver behavior, rude driver, unsafe driving, driver no show, safety issues",0.6652050614356995,Driver Behavior & Safety,high,213,zero-shot-bart-large-mnli,Driver Behavior & Safety,auto_high_confidence
"This was one of the worst customer service experiences I've ever had. The staff were rude, unprofessional, and showed little interest in helping customers. My concerns were ignored, communication was poor, and the overall service was disappointing. I would not recommend this business unless they make significant improvements to how they treat their customers. Very disappointing experience.",1,2026-07-29 02:33:28,English,Negative,0.9998,NEGATIVE,"customer support, refunds, complaint handling, unhelpful support",0.5307926535606384,Support & Refunds,medium,392,zero-shot-bart-large-mnli,Support & Refunds,keyword_rule
"very bad customer service, They don't have the responsibility and accountability for what they are doing. They don't have any solutions for customer grievences.",1,2026-07-28 23:59:01,English,Negative,0.9997,NEGATIVE,"customer support, refunds, complaint handling, unhelpful support",0.4333764016628265,Support & Refunds,low,160,zero-shot-bart-large-mnli,Support & Refunds,keyword_rule
I downloaded this app but somehow this doesn't work well via still loading for a an hour. guys lemme know is this app had any issue..,1,2026-07-28 20:36:36,English,Negative,0.9988,NEGATIVE,"app bugs, crashes, slow app, technical issues, map, GPS, login, payment failure",0.3989361524581909,App Bugs,low,133,zero-shot-bart-large-mnli,Manual Review Needed,manual_review_needed
I never received this order.when I went to pickup I was told a pick me rider collected it.very disappointed.shall not use card payment method again with you.,1,2026-07-28 00:37:59,English,Negative,0.9987,NEGATIVE,"food delivery delays, late orders, missing items, wrong orders, cold food",0.3005979359149933,Delivery Issues,low,157,zero-shot-bart-large-mnli,Manual Review Needed,manual_review_needed
"Terrible service, specially when trying to reclaim overcharges and when trying to get food ordered in weekends.",1,2026-07-26 20:12:24,English,Negative,0.9994,NEGATIVE,"customer support, refunds, complaint handling, unhelpful support",0.8952499628067017,Support & Refunds,high,111,zero-shot-bart-large-mnli,Support & Refunds,auto_high_confidence
𝑒𝑎𝑠𝑦 𝑡𝑜 ℎ𝑖𝑟𝑒 𝑣𝑒ℎ𝑖𝑐𝑙𝑒 𝑤ℎ𝑒𝑛 𝑤𝑒 𝑎𝑟𝑒 𝑖𝑛 𝑎 𝑒𝑚𝑒𝑟𝑔𝑒𝑛𝑐𝑦 𝑠𝑖𝑡𝑢𝑎𝑡𝑖𝑜𝑛,5,2026-07-25 18:13:24,English,Negative,0.9446,NEGATIVE,"app bugs, crashes, slow app, technical issues, map, GPS, login, payment failure",0.277791827917099,App Bugs,low,57,zero-shot-bart-large-mnli,Manual Review Needed,manual_review_needed
problem. After I got in a trip.its connects with another drivers,1,2026-07-25 15:10:45,English,Negative,0.9971,NEGATIVE,"driver behavior, rude driver, unsafe driving, driver no show, safety issues",0.3500316143035888,Driver Behavior & Safety,low,64,zero-shot-bart-large-mnli,Driver Behavior & Safety,keyword_rule
"I have traveled to the same destination twice for the same price of 300. However, the app recently showed me the same price, but it showed 600 for the driver. This has happened nearly 3 to 4 times now. This pricing system is extremely bad.",1,2026-07-25 13:16:09,English,Negative,0.9997,NEGATIVE,"pricing, surge pricing, bidding, driver offers, high fares, expensive, discounts",0.6553329825401306,Pricing & Bidding,high,239,zero-shot-bart-large-mnli,Pricing & Bidding,auto_high_confidence
this app doesn't work on my phone and honestly i don't know what's the issue. I've updated software patch and I'm using Android 15 version with Redmi A5 mobile. couple months ago i've been using pick me app with no problem or anything but lately nowadays when I trying to log on my account app saying please wait interface only. please fix this issue dear company. thanks.,2,2026-07-24 16:51:22,English,Negative,0.993,NEGATIVE,"privacy, security, data, account safety",0.4157482087612152,Privacy & Security,low,372,zero-shot-bart-large-mnli,Manual Review Needed,manual_review_needed
Too many promotional notifications,2,2026-07-24 15:09:38,English,Negative,0.9996,NEGATIVE,"pricing, surge pricing, bidding, driver offers, high fares, expensive, discounts",0.4113659262657165,Pricing & Bidding,low,34,zero-shot-bart-large-mnli,Manual Review Needed,manual_review_needed
"very bad experience and expensive, increase price after booking also, very bad 👎",1,2026-07-24 09:56:19,English,Negative,0.9997,NEGATIVE,"driver behavior, rude driver, unsafe driving, driver no show, safety issues",0.2942814230918884,Driver Behavior & Safety,low,80,zero-shot-bart-large-mnli,Pricing & Bidding,keyword_rule
Dissapointing. Takes more than usual time to pickup orders.,1,2026-07-23 21:06:55,English,Negative,0.9996,NEGATIVE,"driver behavior, rude driver, unsafe driving, driver no show, safety issues",0.3360981345176697,Driver Behavior & Safety,low,59,zero-shot-bart-large-mnli,Delivery Issues,keyword_rule
When will the temporary fuel surcharge be removed?,4,2026-07-22 18:08:05,English,Negative,0.9989,NEGATIVE,"driver behavior, rude driver, unsafe driving, driver no show, safety issues",0.3544995486736297,Driver Behavior & Safety,low,50,zero-shot-bart-large-mnli,Manual Review Needed,manual_review_needed
very bad service for driver and custemer,1,2026-07-21 08:27:27,English,Negative,0.9998,NEGATIVE,"driver behavior, rude driver, unsafe driving, driver no show, safety issues",0.4708037376403808,Driver Behavior & Safety,medium,40,zero-shot-bart-large-mnli,Driver Behavior & Safety,keyword_rule
there are no enough locations,1,2026-07-19 10:25:16,English,Negative,0.9996,NEGATIVE,"customer support, refunds, complaint handling, unhelpful support",0.266848623752594,Support & Refunds,low,29,zero-shot-bart-large-mnli,Manual Review Needed,manual_review_needed
really easy to use. it really appreciateable if you notify approximate amount including the hire amount. Most of the people confirm the hire with the price showing. sometimes they might don't have extra money. most of the time tuk's number plate different. drivers intentionally driving slowly near signal light to stop on Red 🔴 signal. You guys need to have an option to notify.,4,2026-07-19 08:19:34,English,Negative,0.9829,NEGATIVE,"driver behavior, rude driver, unsafe driving, driver no show, safety issues",0.9285353422164916,Driver Behavior & Safety,high,379,zero-shot-bart-large-mnli,Driver Behavior & Safety,auto_high_confidence
"I have been with Pick Me for a very long time, but the Pick Me app has not improved . Directions to locations are without roads. To tell you the truth , improvement is not seen at all. Pick Me is lucky that they don't have proper competition.",3,2026-07-18 19:51:49,English,Negative,0.9977,NEGATIVE,"customer support, refunds, complaint handling, unhelpful support",0.2224201560020446,Support & Refunds,low,242,zero-shot-bart-large-mnli,Manual Review Needed,manual_review_needed
driver bad attitude,1,2026-07-18 17:42:54,English,Negative,0.9998,NEGATIVE,"driver behavior, rude driver, unsafe driving, driver no show, safety issues",0.795183002948761,Driver Behavior & Safety,high,19,zero-shot-bart-large-mnli,Driver Behavior & Safety,auto_high_confidence
not ux friendly at all and full of bugs,1,2026-07-16 20:23:28,English,Negative,0.9998,NEGATIVE,"customer support, refunds, complaint handling, unhelpful support",0.3479453325271606,Support & Refunds,low,39,zero-shot-bart-large-mnli,App Bugs,keyword_rule
"when we cancel a ride selecting option to change the rider partner, it keeps on connecting to the same rider again and again... non sense app",1,2026-07-16 19:59:56,English,Negative,0.997,NEGATIVE,"customer support, refunds, complaint handling, unhelpful support",0.5615711212158203,Support & Refunds,medium,141,zero-shot-bart-large-mnli,Manual Review Needed,manual_review_needed
please add dark mode,4,2026-07-16 14:46:59,English,Negative,0.9773,NEGATIVE,"privacy, security, data, account safety",0.3263403475284576,Privacy & Security,low,20,zero-shot-bart-large-mnli,Exclude / Too Generic,generic_filter
App is good but better if you are not given the bid option for drivers Because of that the drivers bid unnecessarily and requesting over charges without accepting the ride. Therfore we get late.,4,2026-07-15 07:18:41,English,Negative,0.9907,NEGATIVE,"driver behavior, rude driver, unsafe driving, driver no show, safety issues",0.5832100510597229,Driver Behavior & Safety,medium,194,zero-shot-bart-large-mnli,Manual Review Needed,manual_review_needed
App eka hodai habai mehemai hadissiykt yanna plane ekakui ganwathurata yanna bottuwakui thibba nm maru salli thibbata karanna deyak na apita meke ehema una nm taru 5m denawa,4,2026-07-14 14:25:02,English,Negative,0.9924,NEGATIVE,"app bugs, crashes, slow app, technical issues, map, GPS, login, payment failure",0.3077899813652038,App Bugs,low,173,zero-shot-bart-large-mnli,Manual Review Needed,manual_review_needed
fix your damn map bro,1,2026-07-14 10:24:34,English,Negative,0.9948,NEGATIVE,"driver behavior, rude driver, unsafe driving, driver no show, safety issues",0.5110422968864441,Driver Behavior & Safety,medium,21,zero-shot-bart-large-mnli,App Bugs,keyword_rule
Bad customer service from Pick me.,1,2026-07-14 02:39:56,English,Negative,0.9998,NEGATIVE,"customer support, refunds, complaint handling, unhelpful support",0.5807446241378784,Support & Refunds,medium,34,zero-shot-bart-large-mnli,Support & Refunds,keyword_rule
"Initially I was happy about this app and it helped me a lot.But very disappointed after I ordered an item which was wrongly displayed in the app and I had to cancell,but still didn't get the refund which they promised to pay within 24 hours when I contacted the customers care line.",1,2026-07-13 18:43:55,English,Negative,0.9978,NEGATIVE,"customer support, refunds, complaint handling, unhelpful support",0.789359986782074,Support & Refunds,high,282,zero-shot-bart-large-mnli,Support & Refunds,auto_high_confidence
very unstable 😕 😐 😑 it can't place my oder right,1,2026-07-12 21:48:38,English,Negative,0.9997,NEGATIVE,"driver behavior, rude driver, unsafe driving, driver no show, safety issues",0.3195936679840088,Driver Behavior & Safety,low,48,zero-shot-bart-large-mnli,Manual Review Needed,manual_review_needed
i cant login after entering the otp ..i have tried multiple times,1,2026-07-12 13:02:08,English,Negative,0.9921,NEGATIVE,"privacy, security, data, account safety",0.2854155302047729,Privacy & Security,low,65,zero-shot-bart-large-mnli,App Bugs,keyword_rule
"Drivers are allowed to carry more passengers than the seating cpacity allowes"" which is illeagal. Furthermore, the company must also educate its customers not to exceed the seating capacity.",1,2026-07-12 11:41:28,English,Negative,0.99,NEGATIVE,"pricing, surge pricing, bidding, driver offers, high fares, expensive, discounts",0.272152304649353,Pricing & Bidding,low,190,zero-shot-bart-large-mnli,Driver Behavior & Safety,keyword_rule
at this moment the app is not working properly,1,2026-07-12 09:40:07,English,Negative,0.9998,NEGATIVE,"app bugs, crashes, slow app, technical issues, map, GPS, login, payment failure",0.4512216448783874,App Bugs,medium,46,zero-shot-bart-large-mnli,App Bugs,keyword_rule
pick me drive not there,1,2026-07-11 17:43:22,English,Negative,0.9992,NEGATIVE,"driver behavior, rude driver, unsafe driving, driver no show, safety issues",0.8254581689834595,Driver Behavior & Safety,high,23,zero-shot-bart-large-mnli,Driver Behavior & Safety,auto_high_confidence
"the app literally scam people. when you just select the pick up and drop off points, it calculate the fare for the longest route, at first i thought it was the quickest route but thats not the case, and the driver take a route he prefer, which is usually the shortest route. And at the end there will be like 5km difference between the estimated distance and the actual distance but the fare won't change. so make sure you add stops on the route u plan to take, then only it calculates the fair fare.",1,2026-07-07 12:26:00,English,Negative,0.9981,NEGATIVE,"driver behavior, rude driver, unsafe driving, driver no show, safety issues",0.5145596861839294,Driver Behavior & Safety,medium,500,zero-shot-bart-large-mnli,Manual Review Needed,manual_review_needed
The new surcharge is totally unfair,1,2026-07-07 07:31:16,English,Negative,0.9995,NEGATIVE,"pricing, surge pricing, bidding, driver offers, high fares, expensive, discounts",0.3948918879032135,Pricing & Bidding,low,35,zero-shot-bart-large-mnli,Manual Review Needed,manual_review_needed
"Absolutely disappointing. I urgently needed to use the PickMe app, but I couldn't even log in. This is one of the most unreliable services I've used. An app that doesn't work when customers need it most is completely unacceptable. Please fix your servers and improve the stability of your app. You're wasting your customers' time.",1,2026-07-06 21:15:53,English,Negative,0.9995,NEGATIVE,"app bugs, crashes, slow app, technical issues, map, GPS, login, payment failure",0.6180880665779114,App Bugs,medium,330,zero-shot-bart-large-mnli,App Bugs,keyword_rule
"No riders to pickup the orders ,Too late , Fully Dissapointed",1,2026-07-05 23:29:03,English,Negative,0.9993,NEGATIVE,"driver behavior, rude driver, unsafe driving, driver no show, safety issues",0.3338653147220611,Driver Behavior & Safety,low,61,zero-shot-bart-large-mnli,Delivery Issues,keyword_rule
trip was abondend at Midway poor service,1,2026-07-05 06:34:01,English,Negative,0.9997,NEGATIVE,"customer support, refunds, complaint handling, unhelpful support",0.4397759139537811,Support & Refunds,low,40,zero-shot-bart-large-mnli,Manual Review Needed,manual_review_needed
"Worst experience with the PickMe app. I placed an order at 6:00 PM, expecting a timely delivery, but it wasn't delivered until 10:30 PM. That's a delay of more than 4 hours, which is completely unacceptable. I repeatedly explained to the PickMe driver that the order was urgent, but the delivery was still made very late. This is not fair to customers who rely on your service. Very disappointed with this experience. I hope PickMe improves its delivery service and customer support",1,2026-07-04 22:43:09,English,Negative,0.9997,NEGATIVE,"driver behavior, rude driver, unsafe driving, driver no show, safety issues",0.3541855812072754,Driver Behavior & Safety,low,482,zero-shot-bart-large-mnli,Delivery Issues,keyword_rule
pickme food not work properly,1,2026-07-03 21:18:53,English,Negative,0.9998,NEGATIVE,"food delivery delays, late orders, missing items, wrong orders, cold food",0.5159074664115906,Delivery Issues,medium,29,zero-shot-bart-large-mnli,Delivery Issues,keyword_rule
i think better ower rewews 💥🍄🆔,5,2026-07-03 18:53:45,English,Negative,0.9907,NEGATIVE,"driver behavior, rude driver, unsafe driving, driver no show, safety issues",0.2582252025604248,Driver Behavior & Safety,low,30,zero-shot-bart-large-mnli,Manual Review Needed,manual_review_needed
location not working,1,2026-07-03 08:08:46,English,Negative,0.9997,NEGATIVE,"app bugs, crashes, slow app, technical issues, map, GPS, login, payment failure",0.319728285074234,App Bugs,low,20,zero-shot-bart-large-mnli,App Bugs,keyword_rule
"there are lesser and lesser pickme rides day by day and cant reach the needed destination in time no matter how early we wait, the drivers would come right by the location and cancel, which wastes a load of time even after confirming the ride multiple times, which management looked into this more.. 😔😔",2,2026-07-03 07:16:38,English,Negative,0.9993,NEGATIVE,"driver behavior, rude driver, unsafe driving, driver no show, safety issues",0.7971431612968445,Driver Behavior & Safety,high,302,zero-shot-bart-large-mnli,Driver Behavior & Safety,auto_high_confidence
"such a terrible app, always loading and loading.. always couldn't find the location.. please fix mn it",1,2026-07-02 18:04:06,English,Negative,0.9994,NEGATIVE,"app bugs, crashes, slow app, technical issues, map, GPS, login, payment failure",0.9224151372909546,App Bugs,high,102,zero-shot-bart-large-mnli,App Bugs,auto_high_confidence
this app is not open in my phone why?what's the issue.my phone is vivo y93 please check this issue,1,2026-07-02 15:41:31,English,Negative,0.998,NEGATIVE,"app bugs, crashes, slow app, technical issues, map, GPS, login, payment failure",0.339452862739563,App Bugs,low,98,zero-shot-bart-large-mnli,Manual Review Needed,manual_review_needed
"Always refusing the card payments, drivers attitudes are worst",1,2026-07-01 16:09:21,English,Negative,0.9998,NEGATIVE,"driver behavior, rude driver, unsafe driving, driver no show, safety issues",0.9036967158317566,Driver Behavior & Safety,high,62,zero-shot-bart-large-mnli,Driver Behavior & Safety,auto_high_confidence
"If a driver is on a order or ride, don't recommend another ride or delivery, because it delays our time",2,2026-07-01 07:41:26,English,Negative,0.9978,NEGATIVE,"driver behavior, rude driver, unsafe driving, driver no show, safety issues",0.4257594645023346,Driver Behavior & Safety,low,103,zero-shot-bart-large-mnli,Delivery Issues,keyword_rule
"I have noticed some drivers and specially riders record us and put the videos on social media platforms like faceboom or tiktok without our consent! Totally violation of privacy... they reveal publically our locations, whom we are with, what we ordered, where we go ect ect! you should do something about this! and other users, be aware about those so-called content creating riders who violate your privacy!",1,2026-06-30 21:07:59,English,Negative,0.9979,NEGATIVE,"privacy, security, data, account safety",0.944619357585907,Privacy & Security,high,408,zero-shot-bart-large-mnli,Privacy & Security,auto_high_confidence
"WORST CUSTOMER SERVICE EVER. IF U EVER HAVE A COMPLAIN, THEY TOOK A LONG TIME TO ANSWER BETTER UBER",1,2026-06-30 14:08:23,English,Negative,0.9998,NEGATIVE,"customer support, refunds, complaint handling, unhelpful support",0.7579084038734436,Support & Refunds,high,99,zero-shot-bart-large-mnli,Support & Refunds,auto_high_confidence
"Absolutely unacceptable. It's been months since the Ne-Yo concert was canceled, and I'm still waiting for my refund. Customer support has been unresponsive, calls are ignored, and there has been no meaningful resolution despite repeated follow-ups. This has been one of the worst customer service experiences I've ever had.This is one of the biggest scamming companies in Sri Lanka. I strongly advise everyone to avoid using them.",1,2026-06-30 13:38:48,English,Negative,0.9998,NEGATIVE,"customer support, refunds, complaint handling, unhelpful support",0.9523414373397828,Support & Refunds,high,430,zero-shot-bart-large-mnli,Support & Refunds,auto_high_confidence
Worst taxi app ever. When we order a taxi in 6.30 a.m to 7.45 a.m any taxi can not find it. 😡😡😡🤬,1,2026-06-30 07:06:12,English,Negative,0.9998,NEGATIVE,"app bugs, crashes, slow app, technical issues, map, GPS, login, payment failure",0.581562876701355,App Bugs,medium,96,zero-shot-bart-large-mnli,Delivery Issues,keyword_rule
A long time bug. Can't schedule a ride for future time. ex: now it is 10pm. I want to schedule a ride for tomorrow 6am. i can pick tomorrow but not 6am. but it is possible to pick 11pm like time (after 10pm). This is a bug.,4,2026-06-29 22:18:01,English,Negative,0.9986,NEGATIVE,"privacy, security, data, account safety",0.2752542495727539,Privacy & Security,low,223,zero-shot-bart-large-mnli,App Bugs,keyword_rule
"very disappointed app. once I am above to achieve platinum loyalty customer from gold they did such a rubbish and unexpected procedure that they suddenly dropped into silver customer. when I complained, they said that i registered recently. Literally, i have been used this app for more than 1 year.these guys are cheating",1,2026-06-29 13:39:34,English,Negative,0.9994,NEGATIVE,"customer support, refunds, complaint handling, unhelpful support",0.4077287316322326,Support & Refunds,low,322,zero-shot-bart-large-mnli,Manual Review Needed,manual_review_needed
"drivers behave badly, asking cash when we book for someone else",3,2026-06-28 17:28:34,English,Negative,0.9997,NEGATIVE,"driver behavior, rude driver, unsafe driving, driver no show, safety issues",0.9007481932640076,Driver Behavior & Safety,high,63,zero-shot-bart-large-mnli,Driver Behavior & Safety,auto_high_confidence
Not good. Not bad. But service is very ugly,1,2026-06-28 10:02:36,English,Negative,0.9996,NEGATIVE,"customer support, refunds, complaint handling, unhelpful support",0.2949058413505554,Support & Refunds,low,43,zero-shot-bart-large-mnli,Manual Review Needed,manual_review_needed
Before it was good. but now sooooo bad tooo slow to get a driver high rates and don't reccomend this I reccomend Uber(the best),3,2026-06-28 09:19:36,English,Negative,0.9958,NEGATIVE,"driver behavior, rude driver, unsafe driving, driver no show, safety issues",0.6370006203651428,Driver Behavior & Safety,medium,127,zero-shot-bart-large-mnli,Manual Review Needed,manual_review_needed
not efficient facility,1,2026-06-27 18:50:46,English,Negative,0.9998,NEGATIVE,"customer support, refunds, complaint handling, unhelpful support",0.4415759444236755,Support & Refunds,low,22,zero-shot-bart-large-mnli,Exclude / Too Generic,generic_filter
some zip cars are not maintained well. the interior is so unclean and with bad odour. please look into this.,5,2026-06-26 21:30:27,English,Negative,0.9971,NEGATIVE,"app bugs, crashes, slow app, technical issues, map, GPS, login, payment failure",0.2138825803995132,App Bugs,low,108,zero-shot-bart-large-mnli,Manual Review Needed,manual_review_needed
"Compared to Uber, the route selections after we chose where we wanna go, always got long routes which includes higher traffic and price. it was so embarrassed me causing so much time consumed to the get on time in the location. you better prepare this inefficient ways in the app.",1,2026-06-26 17:28:34,English,Negative,0.998,NEGATIVE,"driver behavior, rude driver, unsafe driving, driver no show, safety issues",0.3881849944591522,Driver Behavior & Safety,low,280,zero-shot-bart-large-mnli,Manual Review Needed,manual_review_needed
careless driving. over charged,1,2026-06-26 16:18:58,English,Negative,0.9994,NEGATIVE,"driver behavior, rude driver, unsafe driving, driver no show, safety issues",0.8714680075645447,Driver Behavior & Safety,high,30,zero-shot-bart-large-mnli,Driver Behavior & Safety,auto_high_confidence
"Drivers call you and interview you, if you don't pass the interview they will cancel.",1,2026-06-26 13:27:18,English,Negative,0.9945,NEGATIVE,"pricing, surge pricing, bidding, driver offers, high fares, expensive, discounts",0.207519456744194,Pricing & Bidding,low,85,zero-shot-bart-large-mnli,Driver Behavior & Safety,keyword_rule
"how many fees are you going to get ? handling fee,surge fee,handling fee, small package fee, late night fee taxes for famous outlets ... seriously? So is this your objective when starting this business? I remember that you are going to do srilankanized one lol 😆",1,2026-06-25 18:57:43,English,Negative,0.9833,NEGATIVE,"pricing, surge pricing, bidding, driver offers, high fares, expensive, discounts",0.4263646900653839,Pricing & Bidding,low,262,zero-shot-bart-large-mnli,Manual Review Needed,manual_review_needed
"I am disappointed with how my account was handled. Sometimes rides get canceled because I accept requests from both Uber and PickMe, and I keep the one that arrives first. I understand that frequent cancellations are not ideal, but permanently blocking an account for this seems too harsh. Why is a permanent block used instead of a warning, temporary suspension, or another fair solution? I would appreciate it if you could review the account and consider a more reasonable resolution. Thank you.",2,2026-06-25 11:30:25,English,Negative,0.9994,NEGATIVE,"customer support, refunds, complaint handling, unhelpful support",0.3465991020202636,Support & Refunds,low,497,zero-shot-bart-large-mnli,Manual Review Needed,manual_review_needed
irritating location issues plz make it correct I just waste my time 1hr,1,2026-06-23 16:38:42,English,Negative,0.9998,NEGATIVE,"customer support, refunds, complaint handling, unhelpful support",0.4422909021377563,Support & Refunds,low,71,zero-shot-bart-large-mnli,App Bugs,keyword_rule
I'm giving it 5 stars and also I would suggest you to add up a timing system like a 20 min thing in which if the restaurant or the driver after picking it up failed to make it up on time the customer gets an off of some amount just like the (Hunger station) in Saudi Arabia I know it's a lot to ask but giving an option like that would make many people to buy and also the restaurant and the driver will have a priority to deliver the food within time.,5,2026-06-22 01:05:08,English,Negative,0.9932,NEGATIVE,"food delivery delays, late orders, missing items, wrong orders, cold food",0.3820249140262604,Delivery Issues,low,452,zero-shot-bart-large-mnli,Delivery Issues,keyword_rule
"the vehicle he came is defferent to the the number in the app,he asked for a OTP when the trip was finish.this was the first time i experienced.it didnt appear on the phone however he took my phone and got the number.",1,2026-06-18 17:22:44,English,Negative,0.9878,NEGATIVE,"driver behavior, rude driver, unsafe driving, driver no show, safety issues",0.6433787941932678,Driver Behavior & Safety,medium,217,zero-shot-bart-large-mnli,App Bugs,keyword_rule
"Very disappointing experience with PickMe Food. My bakery order's ETA changed 3 times and stayed on ""Food ready, waiting for pickup"" for nearly an hour. I wanted to cancel, but there was no option in the app. The bakery couldn't cancel, PickMe support couldn't cancel, and even the rider couldn't cancel. I had to delay checking out of my hotel and wait for the food. The rider was fast once assigned, but the food arrived cold. Also, where is the option to review PickMe's service itself? Uber Eats",1,2026-06-18 14:04:51,English,Negative,0.9994,NEGATIVE,"food delivery delays, late orders, missing items, wrong orders, cold food",0.9003139734268188,Delivery Issues,high,499,zero-shot-bart-large-mnli,Delivery Issues,auto_high_confidence
"Last week had a bad experience. App has showed me and driver different paths, so it costed double fee. Pickme refused to refund. Always before start the trip check path and charges with driver.",1,2026-06-18 09:27:20,English,Negative,0.9989,NEGATIVE,"customer support, refunds, complaint handling, unhelpful support",0.7273801565170288,Support & Refunds,high,193,zero-shot-bart-large-mnli,Support & Refunds,auto_high_confidence
I know this isn't because of the app some of the drivers misuse the bid and some accepting trip and few minutes they cancel it or accept it and cancel it at the same time which is annoying.,2,2026-06-18 08:45:33,English,Negative,0.9995,NEGATIVE,"driver behavior, rude driver, unsafe driving, driver no show, safety issues",0.8125486373901367,Driver Behavior & Safety,high,189,zero-shot-bart-large-mnli,Driver Behavior & Safety,auto_high_confidence
location is scrambled. it shows that don't exist,1,2026-06-17 08:02:47,English,Negative,0.9996,NEGATIVE,"privacy, security, data, account safety",0.3645509481430053,Privacy & Security,low,48,zero-shot-bart-large-mnli,App Bugs,keyword_rule
very poor customer service in pickme.when we call to customer care they every time lying.the giving fake details to us.they only focusing commission from us.. please don't recommend for anyone..,1,2026-06-16 23:36:59,English,Negative,0.9997,NEGATIVE,"customer support, refunds, complaint handling, unhelpful support",0.6329526901245117,Support & Refunds,medium,194,zero-shot-bart-large-mnli,Support & Refunds,keyword_rule
not working error message sorry! we could not verify your number (First installed ),1,2026-06-16 14:51:00,English,Negative,0.9981,NEGATIVE,"privacy, security, data, account safety",0.3546371161937713,Privacy & Security,low,83,zero-shot-bart-large-mnli,App Bugs,keyword_rule
Api pick me eken kama ekak dana dawasata hamadama paya ganak badaginne weleenna una Service eka mama anthimai,1,2026-06-14 03:06:37,English,Negative,0.9961,NEGATIVE,"driver behavior, rude driver, unsafe driving, driver no show, safety issues",0.4875248670578003,Driver Behavior & Safety,medium,109,zero-shot-bart-large-mnli,Manual Review Needed,manual_review_needed
New app update doesn't work on some mobiles...!,1,2026-06-13 20:57:06,English,Negative,0.9996,NEGATIVE,"app bugs, crashes, slow app, technical issues, map, GPS, login, payment failure",0.4714145362377167,App Bugs,medium,47,zero-shot-bart-large-mnli,App Bugs,keyword_rule
Some times the riders are taking more from the clients,5,2026-06-13 17:24:36,English,Negative,0.9856,NEGATIVE,"pricing, surge pricing, bidding, driver offers, high fares, expensive, discounts",0.3065677881240845,Pricing & Bidding,low,54,zero-shot-bart-large-mnli,Manual Review Needed,manual_review_needed
This app is a huge scam now. it intentionally selects an absurd longer route and even if you add stops along the way it makes it even more absurd. a 1km journey turns into a 3.5km one and they charge for the 3.5km even if we take the 1km route,1,2026-06-13 13:33:35,English,Negative,0.9993,NEGATIVE,"driver behavior, rude driver, unsafe driving, driver no show, safety issues",0.2555317282676697,Driver Behavior & Safety,low,243,zero-shot-bart-large-mnli,Manual Review Needed,manual_review_needed
"This is one of the most annoying apps for booking rides. The ride get cancelld many times, or the price go higer than regular taxi ride and the booking takes so much time. Rides are very costly and the location get messed up often too. Neither fast service , nor accurate locating or nor rides on convenience price.",1,2026-06-13 12:40:26,English,Negative,0.9998,NEGATIVE,"app bugs, crashes, slow app, technical issues, map, GPS, login, payment failure",0.4481521844863891,App Bugs,low,315,zero-shot-bart-large-mnli,Pricing & Bidding,keyword_rule
app no work my phone,1,2026-06-13 09:11:32,English,Negative,0.9926,NEGATIVE,"app bugs, crashes, slow app, technical issues, map, GPS, login, payment failure",0.5059953331947327,App Bugs,medium,20,zero-shot-bart-large-mnli,Exclude / Too Generic,generic_filter
this app microstutters alot when loading restaurants to loading menus.,1,2026-06-12 10:25:24,English,Negative,0.9973,NEGATIVE,"app bugs, crashes, slow app, technical issues, map, GPS, login, payment failure",0.4706694185733795,App Bugs,medium,70,zero-shot-bart-large-mnli,Manual Review Needed,manual_review_needed
I cannot access your appp,1,2026-06-11 17:46:14,English,Negative,0.999,NEGATIVE,"privacy, security, data, account safety",0.5165010690689087,Privacy & Security,medium,25,zero-shot-bart-large-mnli,Manual Review Needed,manual_review_needed
trash app.when I went some where it showed 4.7km and 10m but the drivers know a trick that when they go slower even though there is no traffic so the app shows 20m and it charges more + I get late. I would highly appreciate it if you could fix this. (some drivers also trick us by changing the gear so we think we are going normal speed even though we are going like 10kmph),1,2026-06-11 14:26:39,English,Negative,0.9965,NEGATIVE,"driver behavior, rude driver, unsafe driving, driver no show, safety issues",0.4611359536647796,Driver Behavior & Safety,medium,374,zero-shot-bart-large-mnli,Manual Review Needed,manual_review_needed
I ordered a yellow rice from kotahena keells today..not enough even for a single person and the rice is too salty. very bad..,1,2026-06-11 12:40:37,English,Negative,0.9993,NEGATIVE,"food delivery delays, late orders, missing items, wrong orders, cold food",0.4683894217014313,Delivery Issues,medium,125,zero-shot-bart-large-mnli,Manual Review Needed,manual_review_needed
why pick me not active tell me please,5,2026-06-09 06:13:33,English,Negative,0.9996,NEGATIVE,"driver behavior, rude driver, unsafe driving, driver no show, safety issues",0.7526462078094482,Driver Behavior & Safety,high,37,zero-shot-bart-large-mnli,Driver Behavior & Safety,auto_high_confidence
Rare seat is uncomfotable.,4,2026-06-06 15:36:27,English,Negative,0.9965,NEGATIVE,"driver behavior, rude driver, unsafe driving, driver no show, safety issues",0.34893798828125,Driver Behavior & Safety,low,26,zero-shot-bart-large-mnli,Manual Review Needed,manual_review_needed
4n eke udin ena notification masg app eka athule thiyana notification wala pennanne na.,1,2026-06-06 13:16:03,English,Negative,0.9931,NEGATIVE,"privacy, security, data, account safety",0.4314948916435241,Privacy & Security,low,87,zero-shot-bart-large-mnli,Manual Review Needed,manual_review_needed
app didnt even open goddamn,1,2026-06-06 08:11:47,English,Negative,0.9995,NEGATIVE,"driver behavior, rude driver, unsafe driving, driver no show, safety issues",0.4183404147624969,Driver Behavior & Safety,low,27,zero-shot-bart-large-mnli,Manual Review Needed,manual_review_needed
The WORST food delivery service ever!. Gives a fake estimated delivery time and keeps prolonging it. Very disappointed.,1,2026-06-04 19:56:47,English,Negative,0.9998,NEGATIVE,"food delivery delays, late orders, missing items, wrong orders, cold food",0.6814159750938416,Delivery Issues,high,119,zero-shot-bart-large-mnli,Delivery Issues,auto_high_confidence
worst app I have ever used the the estimated time is just a scam it increased 1 and half hour,1,2026-06-04 19:55:58,English,Negative,0.9998,NEGATIVE,"customer support, refunds, complaint handling, unhelpful support",0.404390811920166,Support & Refunds,low,93,zero-shot-bart-large-mnli,Privacy & Security,keyword_rule
bad app waiting chagers and trip end over riding not add well.so drivers charge over,1,2026-06-04 12:33:15,English,Negative,0.9959,NEGATIVE,"driver behavior, rude driver, unsafe driving, driver no show, safety issues",0.7274393439292908,Driver Behavior & Safety,high,84,zero-shot-bart-large-mnli,Driver Behavior & Safety,auto_high_confidence
verry verry bad app,1,2026-06-03 17:20:23,English,Negative,0.9996,NEGATIVE,"app bugs, crashes, slow app, technical issues, map, GPS, login, payment failure",0.3551177680492401,App Bugs,low,19,zero-shot-bart-large-mnli,Exclude / Too Generic,generic_filter
driver robbed me and shot everyone in the vehicle I declare this MURDER(driver no plate:ABW 8473,1,2026-06-03 14:26:15,English,Negative,0.999,NEGATIVE,"driver behavior, rude driver, unsafe driving, driver no show, safety issues",0.8490623831748962,Driver Behavior & Safety,high,96,zero-shot-bart-large-mnli,Driver Behavior & Safety,auto_high_confidence
My account got reset all of a sudden. All my added details are all gone. Very disappointed. Need a fix ASAP,1,2026-06-02 23:47:16,English,Negative,0.9998,NEGATIVE,"privacy, security, data, account safety",0.814755916595459,Privacy & Security,high,107,zero-shot-bart-large-mnli,Privacy & Security,auto_high_confidence
this app banned me for no reson,1,2026-06-01 14:03:36,English,Negative,0.9989,NEGATIVE,"driver behavior, rude driver, unsafe driving, driver no show, safety issues",0.3531208336353302,Driver Behavior & Safety,low,31,zero-shot-bart-large-mnli,Manual Review Needed,manual_review_needed
gives automated discounts. when appealed after the trip. they ask for screenshots. bad service.,1,2026-05-31 16:26:25,English,Negative,0.9996,NEGATIVE,"customer support, refunds, complaint handling, unhelpful support",0.4283942580223083,Support & Refunds,low,95,zero-shot-bart-large-mnli,Pricing & Bidding,keyword_rule
"PickMe is not as fast as before. I don't think anyone should order food through PickMe anymore. I placed an order and it's been more than an hour, but it still hasn't arrived. The restaurant is located in Mount Lavinia, and the delivery address is Hill Street. Does it really take over an hour for such a delivery? I'm very disappointed with the service.",1,2026-05-30 18:22:57,English,Negative,0.9996,NEGATIVE,"food delivery delays, late orders, missing items, wrong orders, cold food",0.7677192687988281,Delivery Issues,high,354,zero-shot-bart-large-mnli,Delivery Issues,auto_high_confidence
disappointing customer service,1,2026-05-30 12:31:46,English,Negative,0.9998,NEGATIVE,"customer support, refunds, complaint handling, unhelpful support",0.6145793795585632,Support & Refunds,medium,30,zero-shot-bart-large-mnli,Support & Refunds,keyword_rule
"I would like to request an app where only the ride, event, rental, delivery and truck function are available. The food and market options are too distracting and its very much unfair for the user.",1,2026-05-30 04:59:54,English,Negative,0.9997,NEGATIVE,"driver behavior, rude driver, unsafe driving, driver no show, safety issues",0.2436745464801788,Driver Behavior & Safety,low,196,zero-shot-bart-large-mnli,Delivery Issues,keyword_rule
app eka godak wela load wenawa....ss upload krnna permission dunnoth pennanna puluwan....mge photone 4 ma mehemayi😟😵‍💫😖,2,2026-05-29 07:11:46,English,Negative,0.9966,NEGATIVE,"privacy, security, data, account safety",0.6323306560516357,Privacy & Security,medium,119,zero-shot-bart-large-mnli,Manual Review Needed,manual_review_needed
Not good app to much fault this app error error,1,2026-05-29 06:42:48,English,Negative,0.9997,NEGATIVE,"app bugs, crashes, slow app, technical issues, map, GPS, login, payment failure",0.5998448729515076,App Bugs,medium,47,zero-shot-bart-large-mnli,App Bugs,keyword_rule
"after the new update i cannot log in to my account anymore in my vivo Y93,i was stuck in the middle of the night without being able to book a ride i had to walk 5kms get home,app asks for tge mobile number to register and it says,device is not verified,i have been using this app for years but really dissapointed because of only focusing on high end devices when updating the app,not everybody uses new expensive mobile phones",1,2026-05-29 01:17:26,English,Negative,0.9993,NEGATIVE,"app bugs, crashes, slow app, technical issues, map, GPS, login, payment failure",0.5919122695922852,App Bugs,medium,427,zero-shot-bart-large-mnli,App Bugs,keyword_rule
more help full app,5,2026-05-28 22:40:52,English,Negative,0.8512,NEGATIVE,"app bugs, crashes, slow app, technical issues, map, GPS, login, payment failure",0.2548043727874756,App Bugs,low,18,zero-shot-bart-large-mnli,Exclude / Too Generic,generic_filter
"Interest in using this app is decreasing. It would be much better to conduct a face-to-face interview before selecting drivers, or at least allow only people within a suitable age limit to join. Many drivers still do not know how to navigate properly, even when guides are provided. Dealing with such situations becomes a difficult struggle for users, and this negatively affects the overall experience and interest in the app.Please consider allowing only drivers who have at least basic knowledge.",1,2026-05-28 17:53:23,English,Negative,0.9997,NEGATIVE,"driver behavior, rude driver, unsafe driving, driver no show, safety issues",0.3512278795242309,Driver Behavior & Safety,low,499,zero-shot-bart-large-mnli,Driver Behavior & Safety,keyword_rule
Too bad. It has been more than an hour. but no one is assigned to pick the parcel to deliver. The hotline is busy.,1,2026-05-28 13:34:50,English,Negative,0.9995,NEGATIVE,"customer support, refunds, complaint handling, unhelpful support",0.3415090143680572,Support & Refunds,low,114,zero-shot-bart-large-mnli,Manual Review Needed,manual_review_needed
"The rides feature is fine but the food delivery feature is terrible. One time I had to wait 1 hour just for a driver to be assigned. Another time, I waited for an hour for a driver to be assigned and then the app cancelled my order.",2,2026-05-28 12:47:06,English,Negative,0.9994,NEGATIVE,"food delivery delays, late orders, missing items, wrong orders, cold food",0.8296008110046387,Delivery Issues,high,232,zero-shot-bart-large-mnli,Delivery Issues,auto_high_confidence
"Horrible Experience. I have been using since it launch in late 2015. I find PickMe is going bad to worse day by day. I use PickMe Flash for business purposes and personal services. Each and every time I book PickMe Flash it automatically books / sends multiple vehicles (similar Vehicle if I book bike, then multiple bikes, if I request for Tuk Tuk, then multiple tuk tuks) and sends to requested location. This has been happening for last six months. Customer care service? Horrible service.",2,2026-05-27 13:59:11,English,Negative,0.9997,NEGATIVE,"customer support, refunds, complaint handling, unhelpful support",0.3612720966339111,Support & Refunds,low,492,zero-shot-bart-large-mnli,Manual Review Needed,manual_review_needed
how to hide your promotion notification ?????,1,2026-05-27 11:07:08,English,Negative,0.9995,NEGATIVE,"privacy, security, data, account safety",0.5967894196510315,Privacy & Security,medium,45,zero-shot-bart-large-mnli,Manual Review Needed,manual_review_needed
I came from kaduwela bus stand to near Cinec campus. It estimated 4.6km and showed lkr 398. But when I got there it showed actual distance was 13.48km. Even if I come from the longest route it's 6.1km. why this app showed like this.,1,2026-05-27 09:19:10,English,Negative,0.9968,NEGATIVE,"privacy, security, data, account safety",0.2468794584274292,Privacy & Security,low,232,zero-shot-bart-large-mnli,Manual Review Needed,manual_review_needed
now we rather use meter taxi. poor service,1,2026-05-26 17:07:26,English,Negative,0.9998,NEGATIVE,"driver behavior, rude driver, unsafe driving, driver no show, safety issues",0.4599194526672363,Driver Behavior & Safety,medium,42,zero-shot-bart-large-mnli,Manual Review Needed,manual_review_needed
anytime the rider cancel bad app,1,2026-05-26 07:11:32,English,Negative,0.9989,NEGATIVE,"app bugs, crashes, slow app, technical issues, map, GPS, login, payment failure",0.3440488576889038,App Bugs,low,32,zero-shot-bart-large-mnli,Manual Review Needed,manual_review_needed
trip close time and payment slow,5,2026-05-25 22:58:29,English,Negative,0.9997,NEGATIVE,"driver behavior, rude driver, unsafe driving, driver no show, safety issues",0.3706652522087097,Driver Behavior & Safety,low,32,zero-shot-bart-large-mnli,Manual Review Needed,manual_review_needed
"Pickme food service system is terribly designed to not be responsible about its own service. I order dinner and hours go by with no driver, food gets cold, we cant cancel the order, and the customer care never answers. This is not a one time experience.",1,2026-05-24 21:57:55,English,Negative,0.9995,NEGATIVE,"food delivery delays, late orders, missing items, wrong orders, cold food",0.7877764701843262,Delivery Issues,high,253,zero-shot-bart-large-mnli,Delivery Issues,auto_high_confidence
bad app poor customer care😡,1,2026-05-22 19:10:21,English,Negative,0.9998,NEGATIVE,"customer support, refunds, complaint handling, unhelpful support",0.716828465461731,Support & Refunds,high,27,zero-shot-bart-large-mnli,Support & Refunds,auto_high_confidence
Very bad delivery service and the communication was poor never ordering again. please have a cancellation option.,1,2026-05-22 15:30:44,English,Negative,0.9998,NEGATIVE,"food delivery delays, late orders, missing items, wrong orders, cold food",0.4171513020992279,Delivery Issues,low,113,zero-shot-bart-large-mnli,Delivery Issues,keyword_rule
orders getting soooooo delay,2,2026-05-21 18:55:06,English,Negative,0.9953,NEGATIVE,"driver behavior, rude driver, unsafe driving, driver no show, safety issues",0.4425475001335144,Driver Behavior & Safety,low,28,zero-shot-bart-large-mnli,Delivery Issues,keyword_rule
"I have a oppo a5s and I gave like android 8 ,but the app doesn't work for me",1,2026-05-21 16:56:47,English,Negative,0.9995,NEGATIVE,"app bugs, crashes, slow app, technical issues, map, GPS, login, payment failure",0.3346034586429596,App Bugs,low,76,zero-shot-bart-large-mnli,Manual Review Needed,manual_review_needed
worst app. always bugs,1,2026-05-21 12:43:34,English,Negative,0.9998,NEGATIVE,"app bugs, crashes, slow app, technical issues, map, GPS, login, payment failure",0.5647474527359009,App Bugs,medium,22,zero-shot-bart-large-mnli,App Bugs,keyword_rule
over charge now 2026/05/19,1,2026-05-19 19:39:59,English,Negative,0.8618,NEGATIVE,"driver behavior, rude driver, unsafe driving, driver no show, safety issues",0.3696294128894806,Driver Behavior & Safety,low,26,zero-shot-bart-large-mnli,Pricing & Bidding,keyword_rule
"I've been a user for a long time the issue I have is, it seems like y'all only save the history of rides and activity on the local storage. Cuz I recently changed my phone and It's like a fresh app now. only my personal details are there. No History or anything at all.🤦🏻",4,2026-05-18 23:04:19,English,Negative,0.9993,NEGATIVE,"privacy, security, data, account safety",0.8572107553482056,Privacy & Security,high,271,zero-shot-bart-large-mnli,Privacy & Security,auto_high_confidence
they don't pay their drivers well.,1,2026-05-18 12:18:08,English,Negative,0.9996,NEGATIVE,"app bugs, crashes, slow app, technical issues, map, GPS, login, payment failure",0.3455722630023956,App Bugs,low,34,zero-shot-bart-large-mnli,Driver Behavior & Safety,keyword_rule
"My trip fare was Rs.767.00 , but the driver charged Rs.1000.00 in cash. Please check this trip and assist with the overcharge. ( AAV0195 tuk -Dinesh )",1,2026-05-18 10:47:40,English,Negative,0.9569,NEGATIVE,"driver behavior, rude driver, unsafe driving, driver no show, safety issues",0.3605696260929107,Driver Behavior & Safety,low,150,zero-shot-bart-large-mnli,Pricing & Bidding,keyword_rule
This. Pick me service is useless. Not impressed with the services of the call center.,1,2026-05-17 20:43:21,English,Negative,0.9998,NEGATIVE,"customer support, refunds, complaint handling, unhelpful support",0.7032696008682251,Support & Refunds,high,85,zero-shot-bart-large-mnli,Support & Refunds,auto_high_confidence
"in my last few pickme 3wil trips, 3 of them couldn't find the right locations and correct routes without me correcting them. some are entirely worng routes. some are very long routes compared to correct one. ( correct route is route i see in the app when i book the trip) so i had to pay extra 30% - 40% for the trip. please fix this routing issue quickly.",1,2026-05-17 12:04:31,English,Negative,0.9993,NEGATIVE,"customer support, refunds, complaint handling, unhelpful support",0.2166251242160797,Support & Refunds,low,356,zero-shot-bart-large-mnli,Manual Review Needed,manual_review_needed
the actual fare at the end of the ride Is more than the starting fare. trash app ngl,1,2026-05-16 09:40:19,English,Negative,0.9747,NEGATIVE,"app bugs, crashes, slow app, technical issues, map, GPS, login, payment failure",0.3483754992485046,App Bugs,low,84,zero-shot-bart-large-mnli,Pricing & Bidding,keyword_rule
"A thief who stole my groceries worth Rs. 18,000/- and vanished while I got down at my second stop to purchase some stuff. This is posted to as an eye opener for all who are going to get in to this tuk. Beware and be cautious",1,2026-05-15 19:41:35,English,Negative,0.9992,NEGATIVE,"driver behavior, rude driver, unsafe driving, driver no show, safety issues",0.7287594079971313,Driver Behavior & Safety,high,224,zero-shot-bart-large-mnli,Driver Behavior & Safety,auto_high_confidence
"bad service experienced in meal delivery service. 90 mins, Pickme can't find a delivery rider to deliver foods.. worst experience",1,2026-05-15 13:44:31,English,Negative,0.9998,NEGATIVE,"food delivery delays, late orders, missing items, wrong orders, cold food",0.8499528169631958,Delivery Issues,high,129,zero-shot-bart-large-mnli,Delivery Issues,auto_high_confidence
lankawe godak pickme karayo wahina dawasakata tip illala marena hadanawa ekek wath enne na,1,2026-05-14 23:55:51,English,Negative,0.9851,NEGATIVE,"driver behavior, rude driver, unsafe driving, driver no show, safety issues",0.702857255935669,Driver Behavior & Safety,high,90,zero-shot-bart-large-mnli,Driver Behavior & Safety,auto_high_confidence
worst app ever and their hotline also unable to work properly,1,2026-05-14 11:06:26,English,Negative,0.9998,NEGATIVE,"customer support, refunds, complaint handling, unhelpful support",0.7859768271446228,Support & Refunds,high,61,zero-shot-bart-large-mnli,Support & Refunds,auto_high_confidence
very bad service drivers asking to cancel the app drive driectly to hireand asked more money. vehicles not clean allthe time when i use this. do the needful make a proper service,1,2026-05-14 10:25:54,English,Negative,0.9997,NEGATIVE,"driver behavior, rude driver, unsafe driving, driver no show, safety issues",0.9197423458099364,Driver Behavior & Safety,high,178,zero-shot-bart-large-mnli,Driver Behavior & Safety,auto_high_confidence
"Very disappointing experience with PickMe. The app fare for my delivery was Rs. 3,163, but after we unloaded the goods, the driver demanded Rs. 5,000, saying he would not get a return hire. I had no smaller notes at the time and no choice but to pay. What was even more disappointing was PickMe refusing to refund the excess amount after multiple complaints. It felt very unfair that a loyal customer was left unprotected while a driver was allowed to take advantage of the situation. Extremely unpro",1,2026-05-13 19:16:50,English,Negative,0.9997,NEGATIVE,"customer support, refunds, complaint handling, unhelpful support",0.6001405119895935,Support & Refunds,medium,500,zero-shot-bart-large-mnli,Support & Refunds,keyword_rule
no option to disable marketing notifications,1,2026-05-12 10:31:58,English,Negative,0.9978,NEGATIVE,"privacy, security, data, account safety",0.4520064294338226,Privacy & Security,medium,44,zero-shot-bart-large-mnli,Manual Review Needed,manual_review_needed
this is so bad we ordered some food and they said they can bring it within 30 minutes but we waited for 120 minutes but still didn't get it and there is no way to contact help center. so bad app.,1,2026-05-09 23:33:37,English,Negative,0.9997,NEGATIVE,"food delivery delays, late orders, missing items, wrong orders, cold food",0.4912364482879638,Delivery Issues,medium,195,zero-shot-bart-large-mnli,Delivery Issues,keyword_rule
bad app they take more oders and dealer Always late,1,2026-05-09 20:44:06,English,Negative,0.9997,NEGATIVE,"driver behavior, rude driver, unsafe driving, driver no show, safety issues",0.5709190368652344,Driver Behavior & Safety,medium,51,zero-shot-bart-large-mnli,Delivery Issues,keyword_rule
"Worst app ever.. Rides are good but when it comes to foods it will take at least 2hrs to deliver within 5kms.. To assign a delivery partner, they are taking just 30-40 minutes..",1,2026-05-09 20:30:09,English,Negative,0.9981,NEGATIVE,"food delivery delays, late orders, missing items, wrong orders, cold food",0.7252967357635498,Delivery Issues,high,177,zero-shot-bart-large-mnli,Delivery Issues,auto_high_confidence
double booking by App mistake. I was charged Rs30 cancellation fee.,1,2026-05-09 17:34:45,English,Negative,0.9988,NEGATIVE,"driver behavior, rude driver, unsafe driving, driver no show, safety issues",0.2665907442569732,Driver Behavior & Safety,low,67,zero-shot-bart-large-mnli,Pricing & Bidding,keyword_rule
worst app. accepting orders when riders arent available. both restaurant and me had to wait and I had to be hungry for an hour and also then the restaurant had to cancel,1,2026-05-09 16:47:44,English,Negative,0.9998,NEGATIVE,"food delivery delays, late orders, missing items, wrong orders, cold food",0.5282831788063049,Delivery Issues,medium,169,zero-shot-bart-large-mnli,Delivery Issues,keyword_rule
"My account was reset multiple times now. This is unacceptable. All of my personal information, ride information, addresses? ALL GONE. Horrible app.",1,2026-05-09 07:05:56,English,Negative,0.9998,NEGATIVE,"privacy, security, data, account safety",0.9135506749153136,Privacy & Security,high,147,zero-shot-bart-large-mnli,Privacy & Security,auto_high_confidence
Can't Install this App. It always try to get into driver app. So inconvinient and irritating. This happens from time to time.,5,2026-05-09 06:36:28,English,Negative,0.9997,NEGATIVE,"app bugs, crashes, slow app, technical issues, map, GPS, login, payment failure",0.36440509557724,App Bugs,low,125,zero-shot-bart-large-mnli,Driver Behavior & Safety,keyword_rule
"“Very disappointed with his service. He intentionally takes wrong routes to increase the hire cost, and his attitude is unprofessional.”",1,2026-05-08 19:55:29,English,Negative,0.9996,NEGATIVE,"driver behavior, rude driver, unsafe driving, driver no show, safety issues",0.8910384774208069,Driver Behavior & Safety,high,136,zero-shot-bart-large-mnli,Driver Behavior & Safety,auto_high_confidence
"Hi PickMe Support, My completed trip is not showing in the app, so I’m unable to submit a complaint. I booked a tuk from Wellawatte 36th Lane to Wellawatte Zuzi. The payment was already made by card in the app, but by mistake I also paid cash to the driver. The driver did not return the money and is not answering my calls. Please check my trip history and help me get a refund for the extra cash payment. Thank you.",1,2026-05-08 11:08:10,English,Negative,0.9993,NEGATIVE,"customer support, refunds, complaint handling, unhelpful support",0.5933100581169128,Support & Refunds,medium,417,zero-shot-bart-large-mnli,Support & Refunds,keyword_rule
Your app is not up to date. location is not shown properly to the drivers & riders,3,2026-05-07 21:24:22,English,Negative,0.9998,NEGATIVE,"app bugs, crashes, slow app, technical issues, map, GPS, login, payment failure",0.3854657411575317,App Bugs,low,82,zero-shot-bart-large-mnli,Manual Review Needed,manual_review_needed
re editing my 2 star review to make it 1 star. the pick me food additional charges are so obviously fake and just painful cash grabs. Uber is starting to be much more appealing,1,2026-05-06 15:58:08,English,Negative,0.991,NEGATIVE,"food delivery delays, late orders, missing items, wrong orders, cold food",0.3397878110408783,Delivery Issues,low,176,zero-shot-bart-large-mnli,Delivery Issues,keyword_rule
I'll always use this app to transport..but now a days it's showing another price during booking .and after that it's showing plus 200rs like during drop location..how is it possible ..when the driver don't know the road or shortcuts means it's their mistake right.so u can't take money from us ..so I'm very disappointed with pick me now a days..if they don't know the road they will return and return to same road . but for that getting money from us bcz of the duration means very worst,1,2026-05-06 12:23:16,English,Negative,0.9997,NEGATIVE,"pricing, surge pricing, bidding, driver offers, high fares, expensive, discounts",0.489132821559906,Pricing & Bidding,medium,488,zero-shot-bart-large-mnli,Manual Review Needed,manual_review_needed
"Pickme is poor in reading my location, even if I pin the location changes with every driver you send me. My door number shows elsewhere.",3,2026-05-04 20:45:21,English,Negative,0.9998,NEGATIVE,"privacy, security, data, account safety",0.5800062417984009,Privacy & Security,medium,136,zero-shot-bart-large-mnli,Manual Review Needed,manual_review_needed
"when booking shows one amount, when price finish amount increased with surcharges ,",1,2026-05-02 14:12:07,English,Negative,0.7712,NEGATIVE,"pricing, surge pricing, bidding, driver offers, high fares, expensive, discounts",0.3737933337688446,Pricing & Bidding,low,83,zero-shot-bart-large-mnli,Pricing & Bidding,keyword_rule
can't order beverages n food and groceries from the same place from this app. Habe to place several orders to do so. Once they charged the order amount from my credit card but once order cancelled from the restaurant they didn't return the money. I didn't get the order or money. I made a complain and they said they have returned the money but bank denied it. try to contact via hotline several times but never able to get in touch. Better to use cash om delivery if you use pick me.,2,2026-05-02 12:25:54,English,Negative,0.9989,NEGATIVE,"customer support, refunds, complaint handling, unhelpful support",0.566128671169281,Support & Refunds,medium,484,zero-shot-bart-large-mnli,Delivery Issues,keyword_rule
"For activation, they send codes to Whatsapp which I refuse to use.",1,2026-05-01 17:13:24,English,Negative,0.9918,NEGATIVE,"privacy, security, data, account safety",0.3991963267326355,Privacy & Security,low,66,zero-shot-bart-large-mnli,Manual Review Needed,manual_review_needed
"Rating: 0 if I could ""PickMe has stopped being a delivery app and has become a digital pickpocket. How do you justify charging LKR 265 in fees for a LKR 380 order? That is a 70% markup for a 2-minute drive. Small order fee, convenience fee, fuel fee, bag fee—what’s next? A 'wear and tear on the rider's tires' fee? You’re triple-dipping on every order. I’m not paying for a meal; I’m paying for your board members' bonuses. Uninstalling and going to Uber Eats. Absolute joke.""",1,2026-05-01 09:05:51,English,Negative,0.9992,NEGATIVE,"pricing, surge pricing, bidding, driver offers, high fares, expensive, discounts",0.3989145159721374,Pricing & Bidding,low,477,zero-shot-bart-large-mnli,Delivery Issues,keyword_rule
"They are charging for cancelling trips before it start, even with valid reason.",1,2026-05-01 01:42:09,English,Negative,0.9928,NEGATIVE,"driver behavior, rude driver, unsafe driving, driver no show, safety issues",0.4159727990627289,Driver Behavior & Safety,low,79,zero-shot-bart-large-mnli,Pricing & Bidding,keyword_rule
Worst app ever provided by a service provider.Customer care is very bad,1,2026-04-30 22:51:20,English,Negative,0.9998,NEGATIVE,"customer support, refunds, complaint handling, unhelpful support",0.5135582089424133,Support & Refunds,medium,71,zero-shot-bart-large-mnli,Support & Refunds,keyword_rule
Please check on this. some drivers are taking the trip and never show up. at least won't answer the phone. if there is a way to add screenshot its better for review option. then you'll can be updated on the drivers who does like this.,1,2026-04-30 08:06:35,English,Negative,0.9921,NEGATIVE,"driver behavior, rude driver, unsafe driving, driver no show, safety issues",0.8202120065689087,Driver Behavior & Safety,high,234,zero-shot-bart-large-mnli,Driver Behavior & Safety,auto_high_confidence
"I’m very disappointed with PickMe’s customer service. I waited almost 2 hours for one food order, and another time it took around 5 hours. When I called 1331 for help, the line was unstable, kept cutting off, or seemed to disconnect before my issue was resolved. Please improve your call capacity and make customer support more reliable.",1,2026-04-27 20:39:33,English,Negative,0.9996,NEGATIVE,"customer support, refunds, complaint handling, unhelpful support",0.6080835461616516,Support & Refunds,medium,337,zero-shot-bart-large-mnli,Manual Review Needed,manual_review_needed
Pick me rides most of the time good. But pickme food delivery is poor service. Today I ordered for my dinner like 8'o clock. It took a long time like more than 1 and 1/2 hour to get my order from merchant. I called the merchant also. They informed us there is no delivery partners at that moment due to rain. But there is no rain in Colombo today. Just thunderstorm only.,2,2026-04-26 22:34:56,English,Negative,0.9976,NEGATIVE,"food delivery delays, late orders, missing items, wrong orders, cold food",0.6338728070259094,Delivery Issues,medium,371,zero-shot-bart-large-mnli,Delivery Issues,keyword_rule
This app is not opening in my mobile.,1,2026-04-25 14:05:43,English,Negative,0.9995,NEGATIVE,"app bugs, crashes, slow app, technical issues, map, GPS, login, payment failure",0.5604768991470337,App Bugs,medium,37,zero-shot-bart-large-mnli,Manual Review Needed,manual_review_needed
update ekk diyan pissu kelinw,5,2026-04-25 09:51:42,English,Negative,0.9799,NEGATIVE,"driver behavior, rude driver, unsafe driving, driver no show, safety issues",0.3361254632472992,Driver Behavior & Safety,low,29,zero-shot-bart-large-mnli,App Bugs,keyword_rule
Very bad app... always taff change,1,2026-04-22 23:17:57,English,Negative,0.9998,NEGATIVE,"app bugs, crashes, slow app, technical issues, map, GPS, login, payment failure",0.403360903263092,App Bugs,low,34,zero-shot-bart-large-mnli,Manual Review Needed,manual_review_needed
Pickme has seen better days,2,2026-04-21 14:17:28,English,Negative,0.9859,NEGATIVE,"driver behavior, rude driver, unsafe driving, driver no show, safety issues",0.5157217383384705,Driver Behavior & Safety,medium,27,zero-shot-bart-large-mnli,Manual Review Needed,manual_review_needed
Good app.. but some bugs here and there. I cannot text the riders using the inbuilt messaging app. Gives me something went wrong. and the notification icons on the notification bar shows a white empty ball .. not configured properly. Im in a pixel 9 pro,3,2026-04-21 09:09:39,English,Negative,0.9997,NEGATIVE,"app bugs, crashes, slow app, technical issues, map, GPS, login, payment failure",0.4850769639015198,App Bugs,medium,253,zero-shot-bart-large-mnli,App Bugs,keyword_rule
terrible service. there hotline never pick up a call. if a rider or a customer in a trouble there is no one to talk to.,1,2026-04-19 20:21:14,English,Negative,0.9989,NEGATIVE,"customer support, refunds, complaint handling, unhelpful support",0.6120201945304871,Support & Refunds,medium,119,zero-shot-bart-large-mnli,Support & Refunds,keyword_rule
Drivers can see your personal number. Drivers use different vehicles instead of the registered number. Some of the Vehicles don't have AC.,1,2026-04-18 18:17:27,English,Negative,0.9936,NEGATIVE,"privacy, security, data, account safety",0.5117630958557129,Privacy & Security,medium,138,zero-shot-bart-large-mnli,Driver Behavior & Safety,keyword_rule
Hello Sir! Can't add our number please fix this issue,2,2026-04-18 16:17:27,English,Negative,0.9961,NEGATIVE,"privacy, security, data, account safety",0.3446120023727417,Privacy & Security,low,53,zero-shot-bart-large-mnli,Manual Review Needed,manual_review_needed
"This app makes money in a very bad way. It used to be a good app, but now it works very badly. Whenever I try to go on a trip, the price for that destination increases to even more money. It's not really worth it, now it's an app that has become a nuisance, I don't even bother using it, the distance is short but the price is twice as high.",1,2026-04-18 04:39:23,English,Negative,0.9993,NEGATIVE,"pricing, surge pricing, bidding, driver offers, high fares, expensive, discounts",0.4686192572116852,Pricing & Bidding,medium,341,zero-shot-bart-large-mnli,Pricing & Bidding,keyword_rule
absolutely the worst service ever.uber better than this,1,2026-04-18 01:00:07,English,Negative,0.9998,NEGATIVE,"driver behavior, rude driver, unsafe driving, driver no show, safety issues",0.3029986917972564,Driver Behavior & Safety,low,55,zero-shot-bart-large-mnli,Manual Review Needed,manual_review_needed
one of the worst drivers you can get from this app. its so disappointing,1,2026-04-17 15:15:08,English,Negative,0.9998,NEGATIVE,"driver behavior, rude driver, unsafe driving, driver no show, safety issues",0.5972174406051636,Driver Behavior & Safety,medium,72,zero-shot-bart-large-mnli,Driver Behavior & Safety,keyword_rule
PickMe asked me to cancel the order even after it was ready for pickup from Hurry Up Homagama. Happened more than once. PickMe app seems to be glitching.,1,2026-04-17 11:23:36,English,Negative,0.9988,NEGATIVE,"app bugs, crashes, slow app, technical issues, map, GPS, login, payment failure",0.4236545860767364,App Bugs,low,153,zero-shot-bart-large-mnli,Delivery Issues,keyword_rule
Placed two food orders and they couldn't find a rider for the delivery. had to self pickup. worst app,1,2026-04-17 10:03:28,English,Negative,0.9998,NEGATIVE,"food delivery delays, late orders, missing items, wrong orders, cold food",0.4302848577499389,Delivery Issues,low,101,zero-shot-bart-large-mnli,Delivery Issues,keyword_rule
very low charges yes yes,5,2026-04-17 07:47:28,English,Negative,0.989,NEGATIVE,"app bugs, crashes, slow app, technical issues, map, GPS, login, payment failure",0.2618216276168823,App Bugs,low,24,zero-shot-bart-large-mnli,Exclude / Too Generic,generic_filter
map location is very bad,3,2026-04-16 18:38:21,English,Negative,0.9998,NEGATIVE,"driver behavior, rude driver, unsafe driving, driver no show, safety issues",0.2506585717201233,Driver Behavior & Safety,low,24,zero-shot-bart-large-mnli,App Bugs,keyword_rule
drivers are really indecent most of the time,5,2026-04-16 16:58:45,English,Negative,0.9414,NEGATIVE,"driver behavior, rude driver, unsafe driving, driver no show, safety issues",0.7898215055465698,Driver Behavior & Safety,high,44,zero-shot-bart-large-mnli,Driver Behavior & Safety,auto_high_confidence
very poor service 😡,1,2026-04-16 14:10:33,English,Negative,0.9998,NEGATIVE,"customer support, refunds, complaint handling, unhelpful support",0.4481995701789856,Support & Refunds,low,19,zero-shot-bart-large-mnli,Exclude / Too Generic,generic_filter
piekme patta hodai.habai lagata yanna hadissiyakata piekme drivers la anna na.aka poddak hada gattha nam 100%i.,4,2026-04-15 18:02:28,English,Negative,0.993,NEGATIVE,"driver behavior, rude driver, unsafe driving, driver no show, safety issues",0.7305073142051697,Driver Behavior & Safety,high,111,zero-shot-bart-large-mnli,Driver Behavior & Safety,auto_high_confidence
worst customer service. not answering phones. totally worthless. don't use this,1,2026-04-15 14:53:29,English,Negative,0.9998,NEGATIVE,"customer support, refunds, complaint handling, unhelpful support",0.8232496976852417,Support & Refunds,high,79,zero-shot-bart-large-mnli,Support & Refunds,auto_high_confidence
Most of the time Vecles reached in schedule time but certain incidents expearienced negative Didnt reach at Scheduled time.,4,2026-04-15 06:34:57,English,Negative,0.9992,NEGATIVE,"driver behavior, rude driver, unsafe driving, driver no show, safety issues",0.3185190260410309,Driver Behavior & Safety,low,123,zero-shot-bart-large-mnli,Manual Review Needed,manual_review_needed
really disgusting app. unacceptable reliability. The company has told a driver that a Wagon R can take only 3 people which is absurd. Wonder what their reason behind it. Such a stupid company.,1,2026-04-14 22:48:22,English,Negative,0.9998,NEGATIVE,"driver behavior, rude driver, unsafe driving, driver no show, safety issues",0.4300478100776672,Driver Behavior & Safety,low,192,zero-shot-bart-large-mnli,Driver Behavior & Safety,keyword_rule
"Please have an auto cancellation after 1 hour if a delivery partner has not picked the order so we can order from elsewhere. Some times the merchant does not answer. Also, there is still quite a bad delay in the map sometimes. Please fix this.",3,2026-04-14 21:46:27,English,Negative,0.9997,NEGATIVE,"app bugs, crashes, slow app, technical issues, map, GPS, login, payment failure",0.2868967950344085,App Bugs,low,243,zero-shot-bart-large-mnli,Delivery Issues,keyword_rule
need to increase there driver search,3,2026-04-12 14:07:27,English,Negative,0.9927,NEGATIVE,"driver behavior, rude driver, unsafe driving, driver no show, safety issues",0.7262558341026306,Driver Behavior & Safety,high,36,zero-shot-bart-large-mnli,Driver Behavior & Safety,auto_high_confidence
"The PickMe app is generally good and useful for daily travel. Booking rides is easy and convenient. However, there is a major issue with location accuracy. Even when I enter the correct location with a proper landmark (the same place shown correctly on Google Maps), the app does not seem to show my exact location to the rider. Because of this, drivers often call 4–5 times asking where I am. This creates unnecessary confusion and delays. I kindly request the PickMe team to improve the location",4,2026-04-11 15:09:14,English,Negative,0.9906,NEGATIVE,"privacy, security, data, account safety",0.467705100774765,Privacy & Security,medium,497,zero-shot-bart-large-mnli,Manual Review Needed,manual_review_needed
app add pc pickme,5,2026-04-11 14:06:19,English,Negative,0.9325,NEGATIVE,"privacy, security, data, account safety",0.4807344675064087,Privacy & Security,medium,17,zero-shot-bart-large-mnli,Exclude / Too Generic,generic_filter
"I am extremely disappointed with my experience using the PickMe app. What used to be a convenient and reliable service has now become frustrating and unreliable. On multiple occasions, drivers have either accepted my ride and then canceled at the last minute or taken far too long to arrive without any proper updates. It feels like there is no accountability, and customers are left waiting without any clear communication. One of the biggest issues is the timing. The app often shows that a driver",2,2026-04-10 15:34:39,English,Negative,0.9997,NEGATIVE,"driver behavior, rude driver, unsafe driving, driver no show, safety issues",0.643065869808197,Driver Behavior & Safety,medium,499,zero-shot-bart-large-mnli,Driver Behavior & Safety,keyword_rule
"I waited nearly 2 hours for my lunch to deliver, but no driver accepted the delivery. There was no proper communication or update during the wait. This is very poor service and a frustrating experience, and i will not use this service again.😡",1,2026-04-10 13:30:53,English,Negative,0.9997,NEGATIVE,"driver behavior, rude driver, unsafe driving, driver no show, safety issues",0.5430582165718079,Driver Behavior & Safety,medium,242,zero-shot-bart-large-mnli,Delivery Issues,keyword_rule
worst app..it wasted drivers and passengers time and money,1,2026-04-07 10:06:41,English,Negative,0.9998,NEGATIVE,"app bugs, crashes, slow app, technical issues, map, GPS, login, payment failure",0.3105276823043823,App Bugs,low,58,zero-shot-bart-large-mnli,Driver Behavior & Safety,keyword_rule
"absolutely the worst service ever. it started out good but now since their issue with not being able to use google maps, the app sucks. sometimes drivers go to the drop to pick someone up😑 and the prices seem to be getting higher too, not to mention most of the drivers are unfriendly and without any sort of ethics. they will accept the ride, wait a few minutes and cancel it themselves. worst app ever.",1,2026-04-07 08:10:46,English,Negative,0.9994,NEGATIVE,"driver behavior, rude driver, unsafe driving, driver no show, safety issues",0.7624216079711914,Driver Behavior & Safety,high,404,zero-shot-bart-large-mnli,Driver Behavior & Safety,auto_high_confidence
the worst app ever isn't a very good takes lots of time to get a driver and the drivers are very bad,1,2026-04-06 12:02:34,English,Negative,0.9998,NEGATIVE,"driver behavior, rude driver, unsafe driving, driver no show, safety issues",0.7765836119651794,Driver Behavior & Safety,high,100,zero-shot-bart-large-mnli,Driver Behavior & Safety,auto_high_confidence
The drivers on this site is absolutely unqualified as professional drivers. Almost every driver will tackle for extra money.,2,2026-04-04 13:07:37,English,Negative,0.9939,NEGATIVE,"driver behavior, rude driver, unsafe driving, driver no show, safety issues",0.6557797193527222,Driver Behavior & Safety,high,124,zero-shot-bart-large-mnli,Driver Behavior & Safety,auto_high_confidence
"Very bad experience with PickMe. 1) About 2 months ago, LKR 100 was deducted for a courier order. The rider accepted and then cancelled, but the amount was never refunded. 2) On March 29: - LKR 100 was deducted when placing the courier order. - Later, LKR 250 was deducted again from my card. - Another LKR 250 was deducted from my PickMe coins. Multiple incorrect charges and no refunds so far. I also contacted support but got no response.",1,2026-04-03 17:23:46,English,Negative,0.9994,NEGATIVE,"customer support, refunds, complaint handling, unhelpful support",0.8059917092323303,Support & Refunds,high,441,zero-shot-bart-large-mnli,Support & Refunds,auto_high_confidence
"""Customer service is extremely poor... they don’t even answer calls... and even when they do, they don’t respond to the actual question asked.""",1,2026-04-03 10:51:21,English,Negative,0.9998,NEGATIVE,"customer support, refunds, complaint handling, unhelpful support",0.8251640200614929,Support & Refunds,high,143,zero-shot-bart-large-mnli,Support & Refunds,auto_high_confidence
I ordered some food items in pick me app . and shop said Oder is ready but driver is not connected. I ordered in 12.40 pm now time 16.08 pm still not delivered yet. succha waste app . still I'm in Hungary 😡🤬 and also I called do hot line they're not responding. cutting my call,1,2026-04-01 16:16:26,English,Negative,0.9992,NEGATIVE,"food delivery delays, late orders, missing items, wrong orders, cold food",0.4416291415691376,Delivery Issues,low,277,zero-shot-bart-large-mnli,Delivery Issues,keyword_rule
"😡😡😡Very disappointing experience with this app. After adding my car details and linking three payment cards for purchases through Pick Me, I noticed several unauthorized deductions from my accounts. A significant amount of money was taken without clear explanation. I reported the issue many times but have not received any refund so far. Customer service is extremely poor, calls are not answered, and responses are unclear. I strongly advise users to be careful before using this app.😡😡😡",1,2026-03-31 14:50:05,English,Negative,0.9996,NEGATIVE,"customer support, refunds, complaint handling, unhelpful support",0.8977406024932861,Support & Refunds,high,489,zero-shot-bart-large-mnli,Support & Refunds,auto_high_confidence
"set naa dannam,customerta okkoma charges gewanna wela dan...",1,2026-03-31 14:28:12,English,Negative,0.9935,NEGATIVE,"pricing, surge pricing, bidding, driver offers, high fares, expensive, discounts",0.2683092057704925,Pricing & Bidding,low,60,zero-shot-bart-large-mnli,Manual Review Needed,manual_review_needed
I really satisified with this app. But I have concern in displaying our phone number detail to the drivers. please only allow them to contact us through the app only. Don't share our contact number with them. I had a bad experience on 28th March 2026. The driver called me and scold me in bad words. This is not good.,3,2026-03-31 11:44:12,English,Negative,0.9996,NEGATIVE,"privacy, security, data, account safety",0.698997437953949,Privacy & Security,high,317,zero-shot-bart-large-mnli,Privacy & Security,auto_high_confidence
"Please fix these bugs. Early this morning, I booked a ride and completed it, but then another ride was automatically booked. Now the PickMe driver is shouting at me and insulting my mother.",1,2026-03-31 07:58:09,English,Negative,0.9992,NEGATIVE,"driver behavior, rude driver, unsafe driving, driver no show, safety issues",0.8741418719291687,Driver Behavior & Safety,high,189,zero-shot-bart-large-mnli,Driver Behavior & Safety,auto_high_confidence
very bad service,1,2026-03-30 22:09:45,English,Negative,0.9998,NEGATIVE,"customer support, refunds, complaint handling, unhelpful support",0.4698574841022491,Support & Refunds,medium,16,zero-shot-bart-large-mnli,Exclude / Too Generic,generic_filter
Bad service provider,1,2026-03-30 17:58:31,English,Negative,0.9998,NEGATIVE,"customer support, refunds, complaint handling, unhelpful support",0.633435845375061,Support & Refunds,medium,20,zero-shot-bart-large-mnli,Exclude / Too Generic,generic_filter
bad app not safe,1,2026-03-30 16:49:02,English,Negative,0.9998,NEGATIVE,"app bugs, crashes, slow app, technical issues, map, GPS, login, payment failure",0.4084541797637939,App Bugs,low,16,zero-shot-bart-large-mnli,Exclude / Too Generic,generic_filter
very unfair taxi service,1,2026-03-30 14:22:58,English,Negative,0.9995,NEGATIVE,"driver behavior, rude driver, unsafe driving, driver no show, safety issues",0.6746873259544373,Driver Behavior & Safety,high,24,zero-shot-bart-large-mnli,Driver Behavior & Safety,auto_high_confidence
one of the wrost taxi hailing app in sri lanka . anyone don't use this app.,1,2026-03-30 14:14:17,English,Negative,0.9975,NEGATIVE,"privacy, security, data, account safety",0.3555505275726318,Privacy & Security,low,75,zero-shot-bart-large-mnli,Manual Review Needed,manual_review_needed
worst experience,1,2026-03-30 14:05:40,English,Negative,0.9998,NEGATIVE,"customer support, refunds, complaint handling, unhelpful support",0.2998106777667999,Support & Refunds,low,16,zero-shot-bart-large-mnli,Exclude / Too Generic,generic_filter
No transparency 👎,1,2026-03-30 14:04:51,English,Negative,0.9995,NEGATIVE,"driver behavior, rude driver, unsafe driving, driver no show, safety issues",0.4673916399478912,Driver Behavior & Safety,medium,17,zero-shot-bart-large-mnli,Exclude / Too Generic,generic_filter
verry bad company,1,2026-03-30 13:44:44,English,Negative,0.9998,NEGATIVE,"driver behavior, rude driver, unsafe driving, driver no show, safety issues",0.365374892950058,Driver Behavior & Safety,low,17,zero-shot-bart-large-mnli,Exclude / Too Generic,generic_filter
"Pikme drivers are not paid enough, they ask for more money at the end of a hire we go to. Pikme company should take care of this.",1,2026-03-30 12:23:09,English,Negative,0.9985,NEGATIVE,"driver behavior, rude driver, unsafe driving, driver no show, safety issues",0.6118960380554199,Driver Behavior & Safety,medium,129,zero-shot-bart-large-mnli,Driver Behavior & Safety,keyword_rule
"no responsibility for the incorrect food delivered.. no refunds. just apologies.. we pay for food. delivery package,late night fees. fuel surcharge, busy time fees and many more but no control or governance over incorrect delivery",1,2026-03-29 22:48:53,English,Negative,0.9986,NEGATIVE,"food delivery delays, late orders, missing items, wrong orders, cold food",0.5642234683036804,Delivery Issues,medium,230,zero-shot-bart-large-mnli,Delivery Issues,keyword_rule
It every time laggs and the location changes either for the driver or for me. I prefer uber.,2,2026-03-29 19:10:44,English,Negative,0.9814,NEGATIVE,"driver behavior, rude driver, unsafe driving, driver no show, safety issues",0.5708158016204834,Driver Behavior & Safety,medium,92,zero-shot-bart-large-mnli,Manual Review Needed,manual_review_needed
"🤮🤮🤮🤮Pickme is the worst taxi app in Sri Lanka, they have hidden fees and the worst customer service.",1,2026-03-29 06:46:56,English,Negative,0.9998,NEGATIVE,"customer support, refunds, complaint handling, unhelpful support",0.6311371922492981,Support & Refunds,medium,100,zero-shot-bart-large-mnli,Support & Refunds,keyword_rule
i don recomend this app some drivers dont accept rides,1,2026-03-28 17:32:13,English,Negative,0.9971,NEGATIVE,"driver behavior, rude driver, unsafe driving, driver no show, safety issues",0.5084289908409119,Driver Behavior & Safety,medium,54,zero-shot-bart-large-mnli,Driver Behavior & Safety,keyword_rule
"I purchased tickets from Pickme for NeYo live in Colombo in September, and however the show was cancelled without any reasons only 2 days before the date of the event. I applied for a refund on January and I have been waiting for a refund for three months and nothing happened. DO NOT EVER TRUST PICK ME PLATFORM FOR EVENT TICKETS !!!!!! Dear PickMe, stop doing scams and actively help people who trusted you in the process of returning the tickets.",1,2026-03-28 11:02:30,English,Negative,0.998,NEGATIVE,"customer support, refunds, complaint handling, unhelpful support",0.5600513219833374,Support & Refunds,medium,449,zero-shot-bart-large-mnli,Support & Refunds,keyword_rule
"Back in September 2025, I purchased 120k worth of tickets via the Pick Me app for an event. The event eventually got cancelled. It's March 2026 and I'm still waiting on the refund.",1,2026-03-28 09:52:59,English,Negative,0.9983,NEGATIVE,"customer support, refunds, complaint handling, unhelpful support",0.3583652675151825,Support & Refunds,low,180,zero-shot-bart-large-mnli,Support & Refunds,keyword_rule
"This is the worst hide railing, delivery partner and event management partner. Do not fall for their over priced rates. they estimate one rate and then when you get off it magically changes. They also oragnize fake events such as ""NeYo - Live In Sri Lanka"" mark the event as completed after cancelling the event and do not refund the ticket holders money. Before using this unprofessional customer unfriendly app, their customer support is also absolutely horrible. MY ADVICE PLEASE USE UBER",1,2026-03-28 09:43:00,English,Negative,0.9995,NEGATIVE,"customer support, refunds, complaint handling, unhelpful support",0.6338555812835693,Support & Refunds,medium,491,zero-shot-bart-large-mnli,Support & Refunds,keyword_rule
"No discounts, the cost is soo much more than uber",1,2026-03-27 11:46:41,English,Negative,0.997,NEGATIVE,"pricing, surge pricing, bidding, driver offers, high fares, expensive, discounts",0.6319449543952942,Pricing & Bidding,medium,49,zero-shot-bart-large-mnli,Pricing & Bidding,keyword_rule
This is an app from a shady company that steals people's money. No one should download this.,1,2026-03-27 08:48:46,English,Negative,0.9983,NEGATIVE,"privacy, security, data, account safety",0.3967737853527069,Privacy & Security,low,92,zero-shot-bart-large-mnli,Manual Review Needed,manual_review_needed
don't use it.it is not safety and high price some times.,1,2026-03-27 06:48:07,English,Negative,0.9976,NEGATIVE,"driver behavior, rude driver, unsafe driving, driver no show, safety issues",0.4229147434234619,Driver Behavior & Safety,low,56,zero-shot-bart-large-mnli,Pricing & Bidding,keyword_rule
They charge more money.. They charge more than 8%...,1,2026-03-26 15:11:54,English,Negative,0.98,NEGATIVE,"pricing, surge pricing, bidding, driver offers, high fares, expensive, discounts",0.4896894991397857,Pricing & Bidding,medium,52,zero-shot-bart-large-mnli,Pricing & Bidding,keyword_rule
"PickMe is an extremely poor app. It exploits its drivers and fails to ensure passenger safety. In comparison, Helago is a superior alternative.""",1,2026-03-26 09:36:43,English,Negative,0.9998,NEGATIVE,"driver behavior, rude driver, unsafe driving, driver no show, safety issues",0.6547629237174988,Driver Behavior & Safety,high,144,zero-shot-bart-large-mnli,Driver Behavior & Safety,auto_high_confidence
over commission,1,2026-03-26 07:28:47,English,Negative,0.9697,NEGATIVE,"driver behavior, rude driver, unsafe driving, driver no show, safety issues",0.3321128785610199,Driver Behavior & Safety,low,15,zero-shot-bart-large-mnli,Exclude / Too Generic,generic_filter
"A useless app. No convenience for passengers, they only send old broken vehicles. They only want money. They should switch to Helago and try it. Pikmi is a great old scumbag.",1,2026-03-26 07:28:42,English,Negative,0.9997,NEGATIVE,"driver behavior, rude driver, unsafe driving, driver no show, safety issues",0.6156670451164246,Driver Behavior & Safety,medium,174,zero-shot-bart-large-mnli,Manual Review Needed,manual_review_needed
A robbery organization,1,2026-03-26 06:50:24,English,Negative,0.9914,NEGATIVE,"pricing, surge pricing, bidding, driver offers, high fares, expensive, discounts",0.3906835615634918,Pricing & Bidding,low,22,zero-shot-bart-large-mnli,Exclude / Too Generic,generic_filter
worst app ever i used,1,2026-03-26 06:34:47,English,Negative,0.9998,NEGATIVE,"app bugs, crashes, slow app, technical issues, map, GPS, login, payment failure",0.3053978681564331,App Bugs,low,21,zero-shot-bart-large-mnli,Exclude / Too Generic,generic_filter
This app is taking too much money from people...and ripping off drivers.,1,2026-03-26 04:13:10,English,Negative,0.9998,NEGATIVE,"pricing, surge pricing, bidding, driver offers, high fares, expensive, discounts",0.3338640630245209,Pricing & Bidding,low,72,zero-shot-bart-large-mnli,Driver Behavior & Safety,keyword_rule
"cheating ,its a fraud company cheating driver and the pasenger.",1,2026-03-26 03:11:32,English,Negative,0.999,NEGATIVE,"driver behavior, rude driver, unsafe driving, driver no show, safety issues",0.6078780889511108,Driver Behavior & Safety,medium,63,zero-shot-bart-large-mnli,Manual Review Needed,manual_review_needed
Evening is good but location tracking sometimes bugs. 💯✊🇱🇰,5,2026-03-26 02:27:17,English,Negative,0.9709,NEGATIVE,"privacy, security, data, account safety",0.7590675354003906,Privacy & Security,high,58,zero-shot-bart-large-mnli,Privacy & Security,auto_high_confidence
"They always charge more than the amount, and the call center doesn't give any proper answers even when you call. Alternatives like Helago and Uber seem to be better.",1,2026-03-26 02:27:08,English,Negative,0.9989,NEGATIVE,"customer support, refunds, complaint handling, unhelpful support",0.7193486094474792,Support & Refunds,high,165,zero-shot-bart-large-mnli,Support & Refunds,auto_high_confidence
poor customer service with higher commission rate,1,2026-03-25 18:45:07,English,Negative,0.9996,NEGATIVE,"customer support, refunds, complaint handling, unhelpful support",0.5811190009117126,Support & Refunds,medium,49,zero-shot-bart-large-mnli,Manual Review Needed,manual_review_needed
one of the worst app ever experienced i ordered food it's almost 4hrs delayed still not cable to cancel the order still it's. showing delivery partner assign soon worst app ever,1,2026-03-25 16:35:49,English,Negative,0.9997,NEGATIVE,"food delivery delays, late orders, missing items, wrong orders, cold food",0.5566553473472595,Delivery Issues,medium,177,zero-shot-bart-large-mnli,Delivery Issues,keyword_rule
useless at times. useless hotline. food gets delayed at times without anyone being able to settle it.,1,2026-03-23 00:03:14,English,Negative,0.9998,NEGATIVE,"customer support, refunds, complaint handling, unhelpful support",0.5234894156455994,Support & Refunds,medium,101,zero-shot-bart-large-mnli,Delivery Issues,keyword_rule
"This all is a scam, don't use it !",1,2026-03-22 13:46:59,English,Negative,0.9998,NEGATIVE,"customer support, refunds, complaint handling, unhelpful support",0.3995122015476227,Support & Refunds,low,34,zero-shot-bart-large-mnli,Privacy & Security,keyword_rule
Very Bad Expirience. Driver completely misguide the instructions given. May be he is done it purposely for increase the hire amount..,1,2026-03-22 12:30:31,English,Negative,0.9998,NEGATIVE,"driver behavior, rude driver, unsafe driving, driver no show, safety issues",0.925036609172821,Driver Behavior & Safety,high,133,zero-shot-bart-large-mnli,Driver Behavior & Safety,auto_high_confidence
one tuk tuk drive stole my powerbank and some food while I just went to take dinner at that time he opened my small bag and took the powerbank and some food and specially one things happened after I reached hotel they show me sir your tuk tuk charge was 3492 but while I book that time show 2992 but they ask me as per his mobile tuk tuk app shows 3492 but that time I don't open my app ..after I check in hotel that time I saw that my powerbank was not there so I complaint but no solution..,1,2026-03-22 01:36:00,English,Negative,0.9984,NEGATIVE,"driver behavior, rude driver, unsafe driving, driver no show, safety issues",0.5138201117515564,Driver Behavior & Safety,medium,492,zero-shot-bart-large-mnli,Manual Review Needed,manual_review_needed
Account blok wats hapand,5,2026-03-21 21:59:19,English,Negative,0.9918,NEGATIVE,"privacy, security, data, account safety",0.4671270251274109,Privacy & Security,medium,24,zero-shot-bart-large-mnli,Exclude / Too Generic,generic_filter
worst taxi service,1,2026-03-20 10:04:01,English,Negative,0.9998,NEGATIVE,"driver behavior, rude driver, unsafe driving, driver no show, safety issues",0.4674043953418731,Driver Behavior & Safety,medium,18,zero-shot-bart-large-mnli,Exclude / Too Generic,generic_filter
very bad because they are crediting 500 each and every month without our permission don't download this app ( for you keep your account safe ).,1,2026-03-20 04:58:07,English,Negative,0.9997,NEGATIVE,"privacy, security, data, account safety",0.901780605316162,Privacy & Security,high,143,zero-shot-bart-large-mnli,Privacy & Security,auto_high_confidence
"‼️‼️I honestly don’t even feel like giving one star for this app. I’ve been using PickMe for a long time, but recently I’ve been facing sudden price hikes that are very confusing. Even when I travel a shorter distance than the estimated kilometers, I get charged a higher price than what a normal tuk driver would take. Sometimes, for the same distance, the fare is much higher than the usual price they charge.",1,2026-03-19 13:22:54,English,Negative,0.9292,NEGATIVE,"pricing, surge pricing, bidding, driver offers, high fares, expensive, discounts",0.7796596884727478,Pricing & Bidding,high,411,zero-shot-bart-large-mnli,Pricing & Bidding,auto_high_confidence
"Used PickMe for a short ride from Shangri-La Colombo to Gini. Estimated fare was ~LKR 578 (21 mins, no traffic). We arrived and were already seated for dinner by 7:30 PM, yet the app charged LKR 2,497 and shows a trip duration of 1 hour 37 minutes — which is impossible. Support claimed I “requested a longer route,” but that does not explain a fabricated duration after drop-off. This is an obvious billing error and extremely concerning. Use with caution or avoid totally! scammers",1,2026-03-19 10:32:03,English,Negative,0.9978,NEGATIVE,"privacy, security, data, account safety",0.3777074515819549,Privacy & Security,low,483,zero-shot-bart-large-mnli,Pricing & Bidding,keyword_rule
purchased event tickets from them due to trust in company. event got cancelled and no refund as yet 3 months later!,1,2026-03-19 01:57:59,English,Negative,0.9985,NEGATIVE,"customer support, refunds, complaint handling, unhelpful support",0.7123799324035645,Support & Refunds,high,115,zero-shot-bart-large-mnli,Support & Refunds,auto_high_confidence
Tried to get taxi from airport to Kadawatha 28/02/2026 Morning. 12 times driver's canseled the trip. finally I did booking with Uber and one go driver accept and picked me. Officer in the airport arraival terminal also not help full is simply rejected my request. Pleas use other service insted of PickMe Pick me has blocked my account insted of taking action against their unprofessional drivers. 😁😁,1,2026-03-18 15:48:11,English,Negative,0.9992,NEGATIVE,"driver behavior, rude driver, unsafe driving, driver no show, safety issues",0.8088021874427795,Driver Behavior & Safety,high,400,zero-shot-bart-large-mnli,Driver Behavior & Safety,auto_high_confidence
magaginuma aktiya kara atha,5,2026-03-18 11:57:20,English,Negative,0.973,NEGATIVE,"driver behavior, rude driver, unsafe driving, driver no show, safety issues",0.2965083420276642,Driver Behavior & Safety,low,27,zero-shot-bart-large-mnli,Manual Review Needed,manual_review_needed
"very bad, the delivery is delayed more than 2 hrs and it really worse the customer service couldn't cancel the order, worst",1,2026-03-17 18:40:43,English,Negative,0.9995,NEGATIVE,"customer support, refunds, complaint handling, unhelpful support",0.6186448931694031,Support & Refunds,medium,123,zero-shot-bart-large-mnli,Delivery Issues,keyword_rule
the rob us. rates are too much..,1,2026-03-17 15:15:29,English,Negative,0.9998,NEGATIVE,"pricing, surge pricing, bidding, driver offers, high fares, expensive, discounts",0.3072435855865478,Pricing & Bidding,low,32,zero-shot-bart-large-mnli,Pricing & Bidding,keyword_rule
useless customer service with an outdated app,1,2026-03-16 15:32:55,English,Negative,0.9998,NEGATIVE,"customer support, refunds, complaint handling, unhelpful support",0.6427317261695862,Support & Refunds,medium,45,zero-shot-bart-large-mnli,Support & Refunds,keyword_rule
"PickMe drivers are completely useless now. The rates have increased significantly, and to make matters worse, when you book a ride, you have to wait for a long time. Even if it says they’ll arrive in 5 minutes, it takes more than 10 minutes for the driver to show up. PickMe is just not worth it anymore; Uber is much better now. I am deleting the PickMe app today.",1,2026-03-16 12:19:30,English,Negative,0.9996,NEGATIVE,"driver behavior, rude driver, unsafe driving, driver no show, safety issues",0.6186984181404114,Driver Behavior & Safety,medium,365,zero-shot-bart-large-mnli,Driver Behavior & Safety,keyword_rule
drivers accept rides and then cancel.. periodically and there is no punishment for this behaviour. Uber is a safer choice when available.,1,2026-03-16 08:53:50,English,Negative,0.9292,NEGATIVE,"driver behavior, rude driver, unsafe driving, driver no show, safety issues",0.9026119112968444,Driver Behavior & Safety,high,137,zero-shot-bart-large-mnli,Driver Behavior & Safety,auto_high_confidence
"navigation not working, charges increased, too hungry",3,2026-03-15 12:57:20,English,Negative,0.9991,NEGATIVE,"app bugs, crashes, slow app, technical issues, map, GPS, login, payment failure",0.6912617683410645,App Bugs,high,53,zero-shot-bart-large-mnli,App Bugs,auto_high_confidence
your driver alive or die very slow and wast of the time finally i got metter taxi i unistall this app my phone,1,2026-03-15 10:27:06,English,Negative,0.9965,NEGATIVE,"driver behavior, rude driver, unsafe driving, driver no show, safety issues",0.6185164451599121,Driver Behavior & Safety,medium,110,zero-shot-bart-large-mnli,Driver Behavior & Safety,keyword_rule
"app not working ,opened but still loading screen",1,2026-03-14 19:19:35,English,Negative,0.9946,NEGATIVE,"app bugs, crashes, slow app, technical issues, map, GPS, login, payment failure",0.6607961654663086,App Bugs,high,48,zero-shot-bart-large-mnli,App Bugs,auto_high_confidence
App is very slow.bad service.,1,2026-03-13 16:00:41,English,Negative,0.9998,NEGATIVE,"app bugs, crashes, slow app, technical issues, map, GPS, login, payment failure",0.4893134534358978,App Bugs,medium,29,zero-shot-bart-large-mnli,Manual Review Needed,manual_review_needed
The app allows multiple possibilities to get scammed by drivers. I cannot recommend ever using Card as payment method as it allows many scam methods. When using cash always monitor the route the driver takes. We were overcharged because the driver took a longer route on purpose. Another time the driver went into the direction of his home town and just threw us out of the car charging the full fare. Pickme support does nothing if you ask for help. They just close the ticket without response.,1,2026-03-13 13:16:54,English,Negative,0.9995,NEGATIVE,"customer support, refunds, complaint handling, unhelpful support",0.5825971364974976,Support & Refunds,medium,495,zero-shot-bart-large-mnli,Support & Refunds,keyword_rule
Ordered a cake from sponge kollupitiya. waited more than 1 hour. no drivers to pick the cake. no option for me or for the shop to cancel the order. I went out and bought a cake. celebrated. Still no one is picking the order and I cant cancel the order. I dont need a cake now. this is like a punishment for using pick me app,1,2026-03-13 13:07:27,English,Negative,0.9993,NEGATIVE,"food delivery delays, late orders, missing items, wrong orders, cold food",0.404041439294815,Delivery Issues,low,324,zero-shot-bart-large-mnli,Manual Review Needed,manual_review_needed
worst.mostly app crash when im ending a trip. take long time to display hire fare. pickme map lag every time when turning. trash.,1,2026-03-13 09:27:08,English,Negative,0.9998,NEGATIVE,"app bugs, crashes, slow app, technical issues, map, GPS, login, payment failure",0.918893814086914,App Bugs,high,129,zero-shot-bart-large-mnli,App Bugs,auto_high_confidence
cheating company,1,2026-03-12 23:36:12,English,Negative,0.9991,NEGATIVE,"pricing, surge pricing, bidding, driver offers, high fares, expensive, discounts",0.4657354652881622,Pricing & Bidding,medium,16,zero-shot-bart-large-mnli,Exclude / Too Generic,generic_filter
welawakata app eaka mara slow,5,2026-03-12 20:22:56,English,Negative,0.9955,NEGATIVE,"app bugs, crashes, slow app, technical issues, map, GPS, login, payment failure",0.3400430679321289,App Bugs,low,29,zero-shot-bart-large-mnli,Manual Review Needed,manual_review_needed
"Very disappointed with this app. I was charged additional fees (surcharges) without any prior notification, and the extra charge was more than 100% of the original hire amount. Customer support did not provide a clear or satisfactory explanation. I request the developer to review this issue and arrange a refund for the unfair charge. I will update my review once the matter is resolved.",1,2026-03-12 14:23:03,English,Negative,0.9997,NEGATIVE,"customer support, refunds, complaint handling, unhelpful support",0.7058991193771362,Support & Refunds,high,388,zero-shot-bart-large-mnli,Support & Refunds,auto_high_confidence
𝗼𝗻 𝘁𝗶𝗺𝗲 𝗮𝗻𝗱 𝗽𝗼𝗹𝗶𝘁𝗲 𝘀𝗲𝗿𝘃𝗶𝗰𝗲,5,2026-03-11 10:03:06,English,Negative,0.8832,NEGATIVE,"pricing, surge pricing, bidding, driver offers, high fares, expensive, discounts",0.2853533625602722,Pricing & Bidding,low,26,zero-shot-bart-large-mnli,Manual Review Needed,manual_review_needed
worst app for food deliveries.,1,2026-03-10 22:41:14,English,Negative,0.9998,NEGATIVE,"app bugs, crashes, slow app, technical issues, map, GPS, login, payment failure",0.2778498828411102,App Bugs,low,30,zero-shot-bart-large-mnli,Delivery Issues,keyword_rule
"PickMe Srilanka is the most useless, fake app that exists. If you want to be overcharged, scammed, and get actual bills that are twice the estimated bills given, go for it. Good luck with meeting a lot of stupid scammers for drivers and good luck with the PickMe app that doesn't have any algorithms for basic math and gives totally different trip fares before and after you get onto your ride.",1,2026-03-08 17:17:31,English,Negative,0.9994,NEGATIVE,"pricing, surge pricing, bidding, driver offers, high fares, expensive, discounts",0.4855048060417175,Pricing & Bidding,medium,394,zero-shot-bart-large-mnli,Manual Review Needed,manual_review_needed
driver did not take me to the destination I book the ride. i had to pay extra.,2,2026-03-07 21:27:18,English,Negative,0.999,NEGATIVE,"driver behavior, rude driver, unsafe driving, driver no show, safety issues",0.8116243481636047,Driver Behavior & Safety,high,78,zero-shot-bart-large-mnli,Driver Behavior & Safety,auto_high_confidence
so bad I was like waiting for my ride like 20 to 30 min and still didn't came... I book a took took and a bike both didn't came.. great job 👏,1,2026-03-06 08:30:17,English,Negative,0.9995,NEGATIVE,"driver behavior, rude driver, unsafe driving, driver no show, safety issues",0.9478387236595154,Driver Behavior & Safety,high,141,zero-shot-bart-large-mnli,Driver Behavior & Safety,auto_high_confidence
"absolute worst service ever. Had made an order at 18.30 the cuatomer service team kept lying about arrival time... BTW so did the app... order finally arrived at 2037.. I refused the food as it was soggy. Customer service refused to refund the bill.. Absolutely unethical company, and the people who run it should be ashamed. I am uninstalling the app. Anyone thinking of installing it pls be aware... and a special mention to the operator Masoor (not aure if thats his real name)... Piece of work",1,2026-03-05 20:47:01,English,Negative,0.9998,NEGATIVE,"food delivery delays, late orders, missing items, wrong orders, cold food",0.5040773153305054,Delivery Issues,medium,497,zero-shot-bart-large-mnli,Manual Review Needed,manual_review_needed
it gets long time to update the location,1,2026-03-05 18:01:30,English,Negative,0.9966,NEGATIVE,"app bugs, crashes, slow app, technical issues, map, GPS, login, payment failure",0.3760530948638916,App Bugs,low,40,zero-shot-bart-large-mnli,App Bugs,keyword_rule
the worst experience I had . all the drivers are cancelling on me even tho I had a emergency. 3 drives accepted and cancelled. will never use this app ever again in my life I got late for work because of this . never can relay on this app,1,2026-03-04 17:23:47,English,Negative,0.9997,NEGATIVE,"driver behavior, rude driver, unsafe driving, driver no show, safety issues",0.8682305216789246,Driver Behavior & Safety,high,238,zero-shot-bart-large-mnli,Driver Behavior & Safety,auto_high_confidence
"prices are going soooo up, normally I go for 270 now 459.",1,2026-03-04 07:26:28,English,Negative,0.9884,NEGATIVE,"pricing, surge pricing, bidding, driver offers, high fares, expensive, discounts",0.7562461495399475,Pricing & Bidding,high,57,zero-shot-bart-large-mnli,Pricing & Bidding,auto_high_confidence
showing location very weak and,2,2026-03-03 14:23:13,English,Negative,0.9998,NEGATIVE,"driver behavior, rude driver, unsafe driving, driver no show, safety issues",0.5920218825340271,Driver Behavior & Safety,medium,30,zero-shot-bart-large-mnli,App Bugs,keyword_rule
"PickMe is getting worse day by day. PickMe allows create 'duplicate' PickMe accounts, and even tries to force us to pay the unpaid order value for orders made by the dupe account. A few weeks back, my app was reset twice. Last week a driver left me in a middle of a round trip and charged extra. After a complaint was made the app was not working properly and I updated. Happy to say the app no longer works. And there's no way of knowing what happened with the complaint.",1,2026-03-03 03:43:53,English,Negative,0.9997,NEGATIVE,"driver behavior, rude driver, unsafe driving, driver no show, safety issues",0.6759878396987915,Driver Behavior & Safety,high,472,zero-shot-bart-large-mnli,Driver Behavior & Safety,auto_high_confidence
"Today I had a very disappointing experience with your service. I have been using this app for the past 8 years, and I have never faced an incident like this before.Today, I booked a ride from Nugegoda to Bodhirukkarama Road. The usual distance is around 2.5 km. When I arranged the PickMe ride, the displayed fare was 265 LKR. Based on that amount, I confirmed the booking. However, at the end of the trip, I was charged 465 LKR. Normally, for this route, even a road taxi charges only around 230 LKR",1,2026-03-02 22:12:45,English,Negative,0.9964,NEGATIVE,"pricing, surge pricing, bidding, driver offers, high fares, expensive, discounts",0.3672253787517547,Pricing & Bidding,low,500,zero-shot-bart-large-mnli,Pricing & Bidding,keyword_rule
"I have been very dissatisfied with the pickMe app lately. When ordering pickMe food, the app showed that the order had been accepted, but the restaurant got the order 15 minutes late. After the driver picks up the order, the map doesn't show clearly where he is and the order is 45 minutes late.",3,2026-03-02 08:59:32,English,Negative,0.9993,NEGATIVE,"food delivery delays, late orders, missing items, wrong orders, cold food",0.4509190618991852,Delivery Issues,medium,295,zero-shot-bart-large-mnli,Delivery Issues,keyword_rule
"I arranged a PickMe Flash delivery to collect a watch worth Rs. 20,000 from a shop. The rider picked up the package but immediately cancelled the ride and has not answered my calls since. It has been over a week, and I have neither received the package nor a proper update from PickMe. We trusted your platform to ensure safe and secure delivery. I am extremely disappointed with how this matter has been handled.",1,2026-03-01 21:11:36,English,Negative,0.9996,NEGATIVE,"driver behavior, rude driver, unsafe driving, driver no show, safety issues",0.7491106986999512,Driver Behavior & Safety,high,413,zero-shot-bart-large-mnli,Driver Behavior & Safety,auto_high_confidence
one of the scam platforms,1,2026-03-01 16:16:55,English,Negative,0.9993,NEGATIVE,"pricing, surge pricing, bidding, driver offers, high fares, expensive, discounts",0.2702645361423492,Pricing & Bidding,low,25,zero-shot-bart-large-mnli,Privacy & Security,keyword_rule
"I am very disappointed with the service today. I placed an order and the relevant amount was deducted from my account. However, the outlet staff informed me that they did not receive my order. The PickMe team also could not clearly explain what happened. This caused a waste of my time.and also I previously made a complaint regarding a ride. The agent agreed to refund my amount and closed the complaint in the PickMe app about one or two months ago. However, I still have not received my funds.",1,2026-03-01 13:27:06,English,Negative,0.9997,NEGATIVE,"customer support, refunds, complaint handling, unhelpful support",0.9226901531219482,Support & Refunds,high,496,zero-shot-bart-large-mnli,Support & Refunds,auto_high_confidence
such a slow app,1,2026-02-28 22:36:08,English,Negative,0.9997,NEGATIVE,"app bugs, crashes, slow app, technical issues, map, GPS, login, payment failure",0.6249046325683594,App Bugs,medium,15,zero-shot-bart-large-mnli,App Bugs,keyword_rule
it's not currently usable,1,2026-02-27 19:29:01,English,Negative,0.9998,NEGATIVE,"customer support, refunds, complaint handling, unhelpful support",0.2504504323005676,Support & Refunds,low,25,zero-shot-bart-large-mnli,Manual Review Needed,manual_review_needed
when trip ends the charges are very higher than it showed when booking,1,2026-02-27 16:04:21,English,Negative,0.8714,NEGATIVE,"pricing, surge pricing, bidding, driver offers, high fares, expensive, discounts",0.3700755834579468,Pricing & Bidding,low,70,zero-shot-bart-large-mnli,Manual Review Needed,manual_review_needed
"pick me driver demanded 1900Rs, but the App clearly said it was 1280Rs, I had to pay, because driver said he was promised by the App the price was 1900Rs, that is why he took the job. Either the driver was a lier, OR, the pickme App is ripping us off. I will go to Uber and pay lot more, because they have been honest",1,2026-02-27 00:34:25,English,Negative,0.9979,NEGATIVE,"driver behavior, rude driver, unsafe driving, driver no show, safety issues",0.8369355201721191,Driver Behavior & Safety,high,317,zero-shot-bart-large-mnli,Driver Behavior & Safety,auto_high_confidence
taken through many shortcuts when main roads are ok...,4,2026-02-26 21:26:36,English,Negative,0.9947,NEGATIVE,"driver behavior, rude driver, unsafe driving, driver no show, safety issues",0.6424034237861633,Driver Behavior & Safety,medium,54,zero-shot-bart-large-mnli,Manual Review Needed,manual_review_needed
"too slow, to have food arrive, we should at least book it 5 hrs before.",2,2026-02-26 14:22:35,English,Negative,0.9997,NEGATIVE,"food delivery delays, late orders, missing items, wrong orders, cold food",0.6045312285423279,Delivery Issues,medium,71,zero-shot-bart-large-mnli,Delivery Issues,keyword_rule
"Never use the PickMe courier service, it’s extremely disappointing. The deliveries are actually handled by CityPack, and their service quality is very poor. You can check the reviews yourself. When I used this service, it took 5 to 7 days for my parcel to be delivered. I’m very disappointed with the PickMe app.",1,2026-02-26 10:36:38,English,Negative,0.9998,NEGATIVE,"privacy, security, data, account safety",0.3426044881343841,Privacy & Security,low,312,zero-shot-bart-large-mnli,Delivery Issues,keyword_rule
"⚠️Please think twice before downloading this app if you value your privacy and safety. I had a very bad experience. There is no proper customer support, and some drivers behave very unprofessionally. Abuse has been reported, and some drivers even call and scold or try to blackmail customers for leaving negative reviews. This is especially concerning for women’s safety. I strongly suggest using alternatives like Uber instead. Please be careful and stay safe.",1,2026-02-25 23:28:12,English,Negative,0.9992,NEGATIVE,"privacy, security, data, account safety",0.5128461122512817,Privacy & Security,medium,461,zero-shot-bart-large-mnli,Manual Review Needed,manual_review_needed
literally Today Pickme just played with me i booked For A RIDE But Suddenly I dont Know What happened There were 5 to 6 Difference Riders Were waiting on the PiCkup Point at Last I was Forced to Cancel other Rider Booking Even pickme has Charged for That Too Even tho its some PiCkme's Technical Fault Atleast Please Limit Ride booking maximum To 2 Other wise there will be so many issues like this in Future Thank You,5,2026-02-25 21:25:44,English,Negative,0.9975,NEGATIVE,"driver behavior, rude driver, unsafe driving, driver no show, safety issues",0.6786364912986755,Driver Behavior & Safety,high,418,zero-shot-bart-large-mnli,Driver Behavior & Safety,auto_high_confidence
Very bad my user were block permanently I even didn't do anything. I use this app more than 4+ years.,1,2026-02-25 19:32:55,English,Negative,0.9994,NEGATIVE,"privacy, security, data, account safety",0.3539172708988189,Privacy & Security,low,101,zero-shot-bart-large-mnli,Manual Review Needed,manual_review_needed
Great.. but price is expensive than Uber.. so I'm not using this app anymore,4,2026-02-22 17:46:08,English,Negative,0.9913,NEGATIVE,"pricing, surge pricing, bidding, driver offers, high fares, expensive, discounts",0.5281304121017456,Pricing & Bidding,medium,76,zero-shot-bart-large-mnli,Pricing & Bidding,keyword_rule
EDIT - 22nd Of February 2026 Really Disappointed With PickMe Service. Still It Shows Different Charges To Same Location. Every Few Minutes It Shows Different Fare. SCAM 🛑 Old Review - Rates Are Changing With In Minutes For Same Location. 181.90 -> 191.90 -> 200.00 Is This SCAM?,1,2026-02-22 10:23:17,English,Negative,0.9987,NEGATIVE,"pricing, surge pricing, bidding, driver offers, high fares, expensive, discounts",0.3155206441879272,Pricing & Bidding,low,278,zero-shot-bart-large-mnli,Pricing & Bidding,keyword_rule
it takes a long time for a driver to connect. we have even cancelled the events that we planned to go . my husbands abroad so we need a flex or a tuk to go.,3,2026-02-22 07:33:36,English,Negative,0.9994,NEGATIVE,"driver behavior, rude driver, unsafe driving, driver no show, safety issues",0.6858500242233276,Driver Behavior & Safety,high,156,zero-shot-bart-large-mnli,Driver Behavior & Safety,auto_high_confidence
"one of the drivers started the trip before even arriving at my pick up location, I called him and inquired and he said he didnt start the trip, since it already showed me 6mins to my pick up location and started the trip, he then cancelled the trip it was added as a card payment and the total amount deducted even though I didnt get the ride. I complained about this and one agent inquired that I will get my refund ad dumb fellow closed the ticket, 25 days and still didnt recieve my refund, scam!!",1,2026-02-20 21:37:14,English,Negative,0.9994,NEGATIVE,"driver behavior, rude driver, unsafe driving, driver no show, safety issues",0.5639081001281738,Driver Behavior & Safety,medium,500,zero-shot-bart-large-mnli,Manual Review Needed,manual_review_needed
i have use this app regularly. however now the app doesn't even open. it is not supportive to my phone now.,3,2026-02-19 22:59:43,English,Negative,0.9991,NEGATIVE,"app bugs, crashes, slow app, technical issues, map, GPS, login, payment failure",0.3125878870487213,App Bugs,low,107,zero-shot-bart-large-mnli,Manual Review Needed,manual_review_needed
"Honestly, I’m pretty fed up with the service lately. Drivers keep cancelling on me when they’re literally right around the corner, and I’m stuck waiting another 10 minutes for a new ride. It’s ridiculous that I’m being charged cancellation fees when the drivers are the ones wasting my time. It feels like a total double standard, and I’d like someone to look into these charges.",1,2026-02-18 15:38:19,English,Negative,0.9978,NEGATIVE,"driver behavior, rude driver, unsafe driving, driver no show, safety issues",0.7380735278129578,Driver Behavior & Safety,high,379,zero-shot-bart-large-mnli,Driver Behavior & Safety,auto_high_confidence
"Pick me management must implement a policy where drivers have some control over how they can cancel a ride after its been accepted, I got canceled out twice ( spent 10 minutes waiting for drivers bailing on me ) besides you can never get a ride during peak hours.",3,2026-02-18 13:59:35,English,Negative,0.9994,NEGATIVE,"driver behavior, rude driver, unsafe driving, driver no show, safety issues",0.88068026304245,Driver Behavior & Safety,high,263,zero-shot-bart-large-mnli,Driver Behavior & Safety,auto_high_confidence
Not all pickme drivers are honest. Most of them arrive for the hire and then request us to cancel the trip so that they can take themselves the whole amount for the hire. (Rather than give the company's share) so disappointed with such drivers. This happened today with my sister too where the pickme driver had demanded more money than the exact amount. I'd be grateful if an action is taken for such drivers,1,2026-02-18 12:02:59,English,Negative,0.9994,NEGATIVE,"driver behavior, rude driver, unsafe driving, driver no show, safety issues",0.8441573977470398,Driver Behavior & Safety,high,409,zero-shot-bart-large-mnli,Driver Behavior & Safety,auto_high_confidence
I make a ride from katunayaka to kalutara. driver accept the trip and didn't come for long time. I wait for long time and make call to the driver. he didn't pick my call and not respond me. later on I cancelled the trip and found another driver. then you make me lkr 30 as a penalty. because of driver mistake why I should pay,1,2026-02-17 23:45:22,English,Negative,0.9982,NEGATIVE,"driver behavior, rude driver, unsafe driving, driver no show, safety issues",0.8530821800231934,Driver Behavior & Safety,high,326,zero-shot-bart-large-mnli,Driver Behavior & Safety,auto_high_confidence
The limit of 1000 for ordering from the market by cash is too little and it doesn't accept my debit card for some weird reason. I cannot order anything above 1000 because of this. it's very inconvenient.,2,2026-02-16 19:20:41,English,Negative,0.9996,NEGATIVE,"privacy, security, data, account safety",0.3030219674110412,Privacy & Security,low,203,zero-shot-bart-large-mnli,Manual Review Needed,manual_review_needed
Be very careful when using this app. Agree the price before setting off. We did not confirm the price as we assumed it would be the price as given when booked. The driver doubled the distance & therefore the price - we think this is to pay for the trip back but we only went one way.,1,2026-02-16 09:04:09,English,Negative,0.9981,NEGATIVE,"driver behavior, rude driver, unsafe driving, driver no show, safety issues",0.6024837493896484,Driver Behavior & Safety,medium,283,zero-shot-bart-large-mnli,Manual Review Needed,manual_review_needed
mun hithena hithena welawata ganan wadi karanawane..kalin 340 yana aka ada 535 .henama boka app akak..hoda welqata dan hela go thiyenne,1,2026-02-15 12:47:56,English,Negative,0.9878,NEGATIVE,"app bugs, crashes, slow app, technical issues, map, GPS, login, payment failure",0.2880785167217254,App Bugs,low,135,zero-shot-bart-large-mnli,Manual Review Needed,manual_review_needed
don't get this app 😒 hopeless wasting money and time,1,2026-02-14 22:45:32,English,Negative,0.9981,NEGATIVE,"app bugs, crashes, slow app, technical issues, map, GPS, login, payment failure",0.2561874091625213,App Bugs,low,52,zero-shot-bart-large-mnli,Manual Review Needed,manual_review_needed
From 10th January 2026 I have made three Pick me Market orders from Glomark Kurunegala . Because of items unavailable they amended the prices all three times. But almost one month still didn't receive the refund total ( 5432.72/= ) . I already made 4 complaints through the pick me hotline. Still I didn't receive a refund or proper reply.,1,2026-02-14 14:02:27,English,Negative,0.9991,NEGATIVE,"customer support, refunds, complaint handling, unhelpful support",0.8229835033416748,Support & Refunds,high,339,zero-shot-bart-large-mnli,Support & Refunds,auto_high_confidence
"don't use this app .This app founders doesn't think about their customers.They only think about profit...I once requested a ride none accepted then when I tried again,It increased the fare by 200 rupees...(Was 400 and increased upto 600)What a mess this app is..",1,2026-02-13 15:14:59,English,Negative,0.9998,NEGATIVE,"pricing, surge pricing, bidding, driver offers, high fares, expensive, discounts",0.3345910012722015,Pricing & Bidding,low,262,zero-shot-bart-large-mnli,Pricing & Bidding,keyword_rule
You have to wait for hours to order food. The prices are very high now. You have to wait for about two hours to get the food. It's a useless app.,1,2026-02-13 14:43:30,English,Negative,0.9998,NEGATIVE,"food delivery delays, late orders, missing items, wrong orders, cold food",0.4191919267177582,Delivery Issues,low,145,zero-shot-bart-large-mnli,Delivery Issues,keyword_rule
we downloaded the app but the WhatsApp code never comes even if we tried different numbers several times!,3,2026-02-13 08:02:20,English,Negative,0.9994,NEGATIVE,"customer support, refunds, complaint handling, unhelpful support",0.4217044115066528,Support & Refunds,low,105,zero-shot-bart-large-mnli,Manual Review Needed,manual_review_needed
ammage redde app ekak meka ubala thanikara minissu amaruwe dana wada karanne,1,2026-02-12 15:33:50,English,Negative,0.9724,NEGATIVE,"driver behavior, rude driver, unsafe driving, driver no show, safety issues",0.4009642004966736,Driver Behavior & Safety,low,76,zero-shot-bart-large-mnli,Manual Review Needed,manual_review_needed
"I am very disappointed with the PickMe app. My account was reset twice without any reason, and my Silver membership and ride history were erased. This is unacceptable for a regular user. Also, when I select a car with the highway option, the app shows an actual cost. However, even though the actual kilometers shown in the app do not change, but we went to the location in correct way the final fare becomes higher. This is misleading. I request a clear explanation and a permanent solution.",1,2026-02-11 00:08:24,English,Negative,0.9998,NEGATIVE,"privacy, security, data, account safety",0.4980082213878631,Privacy & Security,medium,492,zero-shot-bart-large-mnli,Pricing & Bidding,keyword_rule
"Remove the surge price , drivers are misusing it, make it available if the journey is bit higher on time than the expected time",2,2026-02-10 20:10:59,English,Negative,0.9983,NEGATIVE,"pricing, surge pricing, bidding, driver offers, high fares, expensive, discounts",0.5197535157203674,Pricing & Bidding,medium,127,zero-shot-bart-large-mnli,Pricing & Bidding,keyword_rule
"Nowadays charges are very high. Even if we take a taxi from the road, it wouldn't cost this much. The drivers are also very rude. Once, I booked a car to go to a wedding. It was a pre-booking for 7:30 p.m., but the driver came early at 6:45 p.m. He kept calling us and scolding us to come early.",1,2026-02-10 07:47:02,English,Negative,0.9958,NEGATIVE,"driver behavior, rude driver, unsafe driving, driver no show, safety issues",0.7787958383560181,Driver Behavior & Safety,high,295,zero-shot-bart-large-mnli,Driver Behavior & Safety,auto_high_confidence
worst app uber is the best app,1,2026-02-09 19:50:13,English,Negative,0.9881,NEGATIVE,"privacy, security, data, account safety",0.2156591564416885,Privacy & Security,low,30,zero-shot-bart-large-mnli,Manual Review Needed,manual_review_needed
Never received verification code even after many attempts. If you can't send a verification code to an overseas number how can we trust your service.,1,2026-02-09 04:56:11,English,Negative,0.9952,NEGATIVE,"privacy, security, data, account safety",0.6391057968139648,Privacy & Security,medium,149,zero-shot-bart-large-mnli,Manual Review Needed,manual_review_needed
"Beware of using this app. It often charges multiple times more than the amount initially displayed. Refunds for overcharged amounts can take up to 7 working days. Even though they claim the refund will be credited as PickMe Points within 24 hours, this usually does not happen either. Also there is no customer service hotline for ""Pickme Rides"".",1,2026-02-07 16:12:12,English,Negative,0.9976,NEGATIVE,"customer support, refunds, complaint handling, unhelpful support",0.6840712428092957,Support & Refunds,high,346,zero-shot-bart-large-mnli,Support & Refunds,auto_high_confidence
this app very bad because only for one week they get 80 rupees for my very small distance trip. but after one week they asked 200 rupees. this is really not fair. very bad. please don't download this app guys,1,2026-02-07 16:06:45,English,Negative,0.9994,NEGATIVE,"pricing, surge pricing, bidding, driver offers, high fares, expensive, discounts",0.2863968014717102,Pricing & Bidding,low,208,zero-shot-bart-large-mnli,Manual Review Needed,manual_review_needed
"I forgot my wallet at home and tried to add my bank card to the app. I think I got it wrong twice because I entered the info from memory. my number got blocked by the app. when I call the hotline support, they ask to complain in the app, but I can't get in to the app because my number is blocked. There is no hotline to talk to a real person which is really horrible. Edit. I have been using the app for more than 7 years",1,2026-02-07 11:13:02,English,Negative,0.9997,NEGATIVE,"privacy, security, data, account safety",0.3424812257289886,Privacy & Security,low,422,zero-shot-bart-large-mnli,Support & Refunds,keyword_rule
crappiest app the app doesn't work always have to cancel the hire one of worst apps in srilanka,1,2026-02-07 08:49:50,English,Negative,0.9995,NEGATIVE,"app bugs, crashes, slow app, technical issues, map, GPS, login, payment failure",0.6961426734924316,App Bugs,high,95,zero-shot-bart-large-mnli,App Bugs,auto_high_confidence
"Following the latest update, drivers are bidding for each ride on the PickMe app, much like they would in a casino app. They are wasting our time and money with this poor improvement. Some drivers request cash if the card payment is added.",1,2026-02-07 01:18:06,English,Negative,0.9998,NEGATIVE,"pricing, surge pricing, bidding, driver offers, high fares, expensive, discounts",0.64224773645401,Pricing & Bidding,medium,239,zero-shot-bart-large-mnli,App Bugs,keyword_rule
Pickme taxi drivers are super...but pickme food drivers are very slowly,3,2026-02-06 13:22:51,English,Negative,0.9991,NEGATIVE,"food delivery delays, late orders, missing items, wrong orders, cold food",0.2903559803962707,Delivery Issues,low,71,zero-shot-bart-large-mnli,Manual Review Needed,manual_review_needed
if this af not data sharing with other companies like dirty app😜😜😜😜I given 5* stars,5,2026-02-06 12:05:56,English,Negative,0.9959,NEGATIVE,"privacy, security, data, account safety",0.7900276184082031,Privacy & Security,high,83,zero-shot-bart-large-mnli,Privacy & Security,auto_high_confidence
Customer Rides Record and Made Scam by adding high cost when return,1,2026-02-04 22:22:33,English,Negative,0.9931,NEGATIVE,"customer support, refunds, complaint handling, unhelpful support",0.284532219171524,Support & Refunds,low,67,zero-shot-bart-large-mnli,Manual Review Needed,manual_review_needed
my app ain't working properly. it always says current location is not available.,1,2026-02-04 14:17:13,English,Negative,0.9998,NEGATIVE,"app bugs, crashes, slow app, technical issues, map, GPS, login, payment failure",0.7085905075073242,App Bugs,high,80,zero-shot-bart-large-mnli,App Bugs,auto_high_confidence
"application is full of bugs that drivers use to exploit riders, to name one; app allows drivers to start and end rides wherever they please regardless of if it is the correct location which drivers exploit by traveling long random distances which automatically gets billed to the riders card with no power from the rider reply if the trip was completed or not, this is just one issue out of a few, absolutely disgusting app, Uber and helago are miles better with mechanisms to prevent drivers exploit",1,2026-02-03 17:19:55,English,Negative,0.9995,NEGATIVE,"driver behavior, rude driver, unsafe driving, driver no show, safety issues",0.4615957140922546,Driver Behavior & Safety,medium,500,zero-shot-bart-large-mnli,App Bugs,keyword_rule
"horrible, no vehicles",1,2026-02-03 14:48:12,English,Negative,0.9995,NEGATIVE,"driver behavior, rude driver, unsafe driving, driver no show, safety issues",0.4197080433368683,Driver Behavior & Safety,low,21,zero-shot-bart-large-mnli,Exclude / Too Generic,generic_filter
"After a trip or delivery in the final bill why is the ""total trip fare"" is bolder than the ""paid amount"" which is after a discount? Isn't that the amount we are suppose pay and shouldn't it be in bold so that it's easier to see. Even though i get the discount, most of the time when i send any thing for delivery, the person who is carrying is charging the undiscounted amount? Is that an issue in your pickme drivers app? Please look into it.",3,2026-02-03 13:09:15,English,Negative,0.9658,NEGATIVE,"privacy, security, data, account safety",0.2969121038913727,Privacy & Security,low,443,zero-shot-bart-large-mnli,Pricing & Bidding,keyword_rule
"Do not use this app, useless app, there is no customer support, When driver cancel trip we have to pay additional amount. Please use UBER instead.",1,2026-02-02 18:59:21,English,Negative,0.999,NEGATIVE,"driver behavior, rude driver, unsafe driving, driver no show, safety issues",0.3701120316982269,Driver Behavior & Safety,low,146,zero-shot-bart-large-mnli,Driver Behavior & Safety,keyword_rule
Doesn't work in Weligama. No driver accept. Sometimes they drivers accept the ride but do not come and the app charges you for cancelling,1,2026-02-02 16:27:32,English,Negative,0.998,NEGATIVE,"driver behavior, rude driver, unsafe driving, driver no show, safety issues",0.3179174661636352,Driver Behavior & Safety,low,137,zero-shot-bart-large-mnli,Driver Behavior & Safety,keyword_rule
"don't install,no driver to this app",1,2026-02-02 10:29:31,English,Negative,0.9965,NEGATIVE,"driver behavior, rude driver, unsafe driving, driver no show, safety issues",0.5708960890769958,Driver Behavior & Safety,medium,35,zero-shot-bart-large-mnli,Driver Behavior & Safety,keyword_rule
"placed a food order 2 hours ago, not delivered yet, and failed to assign a rider, pathetic service",1,2026-02-01 20:58:28,English,Negative,0.9998,NEGATIVE,"driver behavior, rude driver, unsafe driving, driver no show, safety issues",0.5636836290359497,Driver Behavior & Safety,medium,98,zero-shot-bart-large-mnli,Delivery Issues,keyword_rule
"worse , they have given an update in driver app ,it goes like only 3 seconds hire will available and after that it pass for some other driver it keeps going like that, finally no driver will pick the hire",1,2026-02-01 14:08:49,English,Negative,0.9995,NEGATIVE,"driver behavior, rude driver, unsafe driving, driver no show, safety issues",0.5943737626075745,Driver Behavior & Safety,medium,204,zero-shot-bart-large-mnli,Manual Review Needed,manual_review_needed
hutte driversla ekekwath trip eka bara ganne na,1,2026-02-01 13:20:41,English,Negative,0.9962,NEGATIVE,"driver behavior, rude driver, unsafe driving, driver no show, safety issues",0.8077003955841064,Driver Behavior & Safety,high,47,zero-shot-bart-large-mnli,Driver Behavior & Safety,auto_high_confidence
Unsatisfactory customer service,1,2026-01-31 15:16:27,English,Negative,0.9995,NEGATIVE,"customer support, refunds, complaint handling, unhelpful support",0.5934257507324219,Support & Refunds,medium,31,zero-shot-bart-large-mnli,Support & Refunds,keyword_rule
good biver but bad map,5,2026-01-30 11:30:09,English,Negative,0.982,NEGATIVE,"app bugs, crashes, slow app, technical issues, map, GPS, login, payment failure",0.4001217484474182,App Bugs,low,22,zero-shot-bart-large-mnli,App Bugs,keyword_rule
The surge cost added as additional charge. It exceeded the normal taxi fare. This was happened to me many times from pick me app. So bad,1,2026-01-29 17:03:27,English,Negative,0.9997,NEGATIVE,"pricing, surge pricing, bidding, driver offers, high fares, expensive, discounts",0.5090761780738831,Pricing & Bidding,medium,136,zero-shot-bart-large-mnli,Pricing & Bidding,keyword_rule
Worst experience ever had. Riders don't take the rides when it is urgent. 👎🏻,1,2026-01-28 13:55:01,English,Negative,0.9997,NEGATIVE,"driver behavior, rude driver, unsafe driving, driver no show, safety issues",0.6392807364463806,Driver Behavior & Safety,medium,76,zero-shot-bart-large-mnli,Manual Review Needed,manual_review_needed
very unpleasant unethical driver,1,2026-01-27 10:37:32,English,Negative,0.9995,NEGATIVE,"driver behavior, rude driver, unsafe driving, driver no show, safety issues",0.8504235744476318,Driver Behavior & Safety,high,32,zero-shot-bart-large-mnli,Driver Behavior & Safety,auto_high_confidence
you can lest the price in jaffna,5,2026-01-26 16:03:49,English,Negative,0.948,NEGATIVE,"pricing, surge pricing, bidding, driver offers, high fares, expensive, discounts",0.2724429368972778,Pricing & Bidding,low,32,zero-shot-bart-large-mnli,Pricing & Bidding,keyword_rule
"Jan 14th 2026 The driver of the Pickme Nano car arrived early, was polite and nice. He drove me to my destination without fuss.I was satisfied. Except,he had overcharged me.I did not check.Pickme credited the money. So no worries. Thank you Pickme.! However in October 2025 I had a bad experience..... The lorry I hired was v. late. Pickme had told me the charge for 3Km was 1800/. The driver charged 1900/- He lied n said the distance was 5 Km ,whereas it was even < 3Km. Complaint ignored??",3,2026-01-25 22:36:16,English,Negative,0.9901,NEGATIVE,"driver behavior, rude driver, unsafe driving, driver no show, safety issues",0.6823389530181885,Driver Behavior & Safety,high,492,zero-shot-bart-large-mnli,Driver Behavior & Safety,auto_high_confidence
Very bad experience the pickme driver picked up my order and called and told he can't deliver it because it was card payment so I asked him to cancel so that I could get another driver. But then he didn't cancel and it also showed picked up on the app.So I didn't have an option to either cancel or complain even the 24 hrs customer care number didn't work and still it shows my order will be delivered even after hours. They even charged me for my order,1,2026-01-25 22:30:16,English,Negative,0.9946,NEGATIVE,"driver behavior, rude driver, unsafe driving, driver no show, safety issues",0.773344099521637,Driver Behavior & Safety,high,454,zero-shot-bart-large-mnli,Driver Behavior & Safety,auto_high_confidence
"godak hodai, ee wunata mage tab eke meka loading wenne nehe",5,2026-01-25 10:18:27,English,Negative,0.9843,NEGATIVE,"app bugs, crashes, slow app, technical issues, map, GPS, login, payment failure",0.2708962857723236,App Bugs,low,59,zero-shot-bart-large-mnli,Manual Review Needed,manual_review_needed
During last few rides actual fee was way higher than estimated fee. It was on top of me seeing driver (location) somewhere else and driving seeing me somewhere else. Idk whether these location errors led to the price hikes.,3,2026-01-24 13:17:40,English,Negative,0.772,NEGATIVE,"pricing, surge pricing, bidding, driver offers, high fares, expensive, discounts",0.3153457343578338,Pricing & Bidding,low,223,zero-shot-bart-large-mnli,Driver Behavior & Safety,keyword_rule
"My friend 7xNova had a terrible experience with PickMe Food today. He waited almost 2 hours for his lunch order, but no driver was assigned. By 4.45 PM, he was still starving and hadn’t eaten anything. After contacting customer support, the order was simply cancelled. This is unacceptable for a food delivery app. 7xNova is a loyal customer, and experiences like this will make PickMe lose good customers. Very disappointing service.",1,2026-01-23 16:51:59,English,Negative,0.9997,NEGATIVE,"food delivery delays, late orders, missing items, wrong orders, cold food",0.7809813022613525,Delivery Issues,high,434,zero-shot-bart-large-mnli,Delivery Issues,auto_high_confidence
"Extremely disappointed with PickMe Food. I waited over 1 hour and 30 minutes and no driver was assigned in Colombo. After contacting customer care, my order was cancelled. This level of delay and poor support is unacceptable for a food delivery service. I won’t be using PickMe Food again. Uber Eats provides a much better experience.",1,2026-01-23 16:27:21,English,Negative,0.999,NEGATIVE,"food delivery delays, late orders, missing items, wrong orders, cold food",0.5449004769325256,Delivery Issues,medium,334,zero-shot-bart-large-mnli,Delivery Issues,keyword_rule
"it doesn't show anything correctly, the app is always wrong!",1,2026-01-23 15:48:04,English,Negative,0.9998,NEGATIVE,"app bugs, crashes, slow app, technical issues, map, GPS, login, payment failure",0.5509073734283447,App Bugs,medium,60,zero-shot-bart-large-mnli,Manual Review Needed,manual_review_needed
Pickme membership is literally a trash no delivery partners would be founded since the delivery is free literally waited more than 3 hours and yet they refused to cancel and refund my money,1,2026-01-23 14:19:47,English,Negative,0.9874,NEGATIVE,"customer support, refunds, complaint handling, unhelpful support",0.6170036196708679,Support & Refunds,medium,189,zero-shot-bart-large-mnli,Manual Review Needed,manual_review_needed
one of the worst customer service.,1,2026-01-23 13:55:07,English,Negative,0.9998,NEGATIVE,"customer support, refunds, complaint handling, unhelpful support",0.6550684571266174,Support & Refunds,high,34,zero-shot-bart-large-mnli,Support & Refunds,auto_high_confidence
"again Horrible Experiences as I always find myself late to certain places, because app has issues finding drivers and prices for rides are crazy",1,2026-01-23 09:01:20,English,Negative,0.9986,NEGATIVE,"app bugs, crashes, slow app, technical issues, map, GPS, login, payment failure",0.3749409914016723,App Bugs,low,144,zero-shot-bart-large-mnli,Manual Review Needed,manual_review_needed
showing wrong location,5,2026-01-23 06:43:49,English,Negative,0.999,NEGATIVE,"driver behavior, rude driver, unsafe driving, driver no show, safety issues",0.7952048182487488,Driver Behavior & Safety,high,22,zero-shot-bart-large-mnli,Driver Behavior & Safety,auto_high_confidence
My OTP Nambar is not taking what is the reason......,1,2026-01-20 06:42:42,English,Negative,0.9996,NEGATIVE,"privacy, security, data, account safety",0.2674780488014221,Privacy & Security,low,52,zero-shot-bart-large-mnli,App Bugs,keyword_rule
"The tuks are constantly roaming around, and they are not accepting the hire when we try to book. Totally disappointed.",1,2026-01-19 07:59:53,English,Negative,0.9997,NEGATIVE,"driver behavior, rude driver, unsafe driving, driver no show, safety issues",0.412907063961029,Driver Behavior & Safety,low,118,zero-shot-bart-large-mnli,Manual Review Needed,manual_review_needed
"one of the worst apps you can come across. the coustmer support does not talk , they won't respond. wrist experience of srilanka.. pathetic. use some other app for bookings",1,2026-01-16 16:00:34,English,Negative,0.9998,NEGATIVE,"customer support, refunds, complaint handling, unhelpful support",0.4946808815002441,Support & Refunds,medium,172,zero-shot-bart-large-mnli,Support & Refunds,keyword_rule
tooo bad experience i scary with is drivers,1,2026-01-16 12:26:42,English,Negative,0.9985,NEGATIVE,"driver behavior, rude driver, unsafe driving, driver no show, safety issues",0.7631205320358276,Driver Behavior & Safety,high,43,zero-shot-bart-large-mnli,Driver Behavior & Safety,auto_high_confidence
"pick mee is the very very careless company in srilanka, it has very bad and poor custermer service",1,2026-01-15 22:14:01,English,Negative,0.9997,NEGATIVE,"driver behavior, rude driver, unsafe driving, driver no show, safety issues",0.7423495054244995,Driver Behavior & Safety,high,98,zero-shot-bart-large-mnli,Driver Behavior & Safety,auto_high_confidence
App is malfunctioning. showing wrong distance and charging for that distance. It showed 7.7 km fir my 1.2 km route and charged 741/=,1,2026-01-15 17:32:30,English,Negative,0.9996,NEGATIVE,"app bugs, crashes, slow app, technical issues, map, GPS, login, payment failure",0.7363899350166321,App Bugs,high,132,zero-shot-bart-large-mnli,App Bugs,auto_high_confidence
I'm a very regular customer with pick me and sorry to say my trip with this perticular driver was disgusting he kept spitting beetle right throughout my trip back home from Makola to ragama. also was speeding like crazy.,2,2026-01-15 06:37:48,English,Negative,0.9985,NEGATIVE,"driver behavior, rude driver, unsafe driving, driver no show, safety issues",0.9410825967788696,Driver Behavior & Safety,high,220,zero-shot-bart-large-mnli,Driver Behavior & Safety,auto_high_confidence
Only useful to measure trip cost. Drivers constantly cancel rides when they are almost at the pick up point. At this stage the app is useless except to get an idea of what a trip should cost before haggling with a driver from the roadside. Drivers should be penalised if they cancel a ride after accepting. I will use Uber from now on.,2,2026-01-14 14:54:05,English,Negative,0.9998,NEGATIVE,"driver behavior, rude driver, unsafe driving, driver no show, safety issues",0.7636162042617798,Driver Behavior & Safety,high,335,zero-shot-bart-large-mnli,Driver Behavior & Safety,auto_high_confidence
"Worst app. driver not educated. map is not working, charge is high scammers",1,2026-01-14 13:44:40,English,Negative,0.9998,NEGATIVE,"app bugs, crashes, slow app, technical issues, map, GPS, login, payment failure",0.685571551322937,App Bugs,high,75,zero-shot-bart-large-mnli,App Bugs,auto_high_confidence
"Very disappointed with PickMe. This new bid +100 system is unfair to passengers. Even for normal rides, we are forced to pay extra to get a driver. If we don’t add a bid, rides don’t get accepted. This is not customer-friendly at all. I uninstalled PickMe and switched to Uber. Please rethink this system.😕🤷‍♀️",1,2026-01-13 17:06:39,English,Negative,0.9997,NEGATIVE,"pricing, surge pricing, bidding, driver offers, high fares, expensive, discounts",0.4864924550056457,Pricing & Bidding,medium,310,zero-shot-bart-large-mnli,Manual Review Needed,manual_review_needed
"I had no complaints about this app until this last update introduced driver bids to tuks, which has made the app impossible to use. I switched to ride hailing apps to get away from the haggling, not for them to reintroduce it as a feature. The app already does surge pricing, add the bids the drivers put in and it becomes more economical to just hail a meter taxi instead.",2,2026-01-13 15:52:11,English,Negative,0.9985,NEGATIVE,"pricing, surge pricing, bidding, driver offers, high fares, expensive, discounts",0.8187698125839233,Pricing & Bidding,high,373,zero-shot-bart-large-mnli,Pricing & Bidding,auto_high_confidence
inefficient to use in an area like colombo Time wasting,3,2026-01-13 08:19:34,English,Negative,0.9981,NEGATIVE,"customer support, refunds, complaint handling, unhelpful support",0.2442519515752792,Support & Refunds,low,55,zero-shot-bart-large-mnli,Manual Review Needed,manual_review_needed
I decided to change to PickMe after having bad experiences with Uber. PickMe has been decent so far. but Uber drivers are clearly better at communication and etiquette compared to PickMe drivers. pls bring the OTP safety feature like Uber would also be a big improvement. Like if these changes are made pretty sure most people would prefer pick me than Uber,5,2026-01-12 23:01:59,English,Negative,0.9193,NEGATIVE,"driver behavior, rude driver, unsafe driving, driver no show, safety issues",0.8515040874481201,Driver Behavior & Safety,high,357,zero-shot-bart-large-mnli,Driver Behavior & Safety,auto_high_confidence
very disappointed about bidding option and bidders,1,2026-01-12 11:11:58,English,Negative,0.9997,NEGATIVE,"customer support, refunds, complaint handling, unhelpful support",0.2591699659824371,Support & Refunds,low,50,zero-shot-bart-large-mnli,Pricing & Bidding,keyword_rule
pickme is good but pickme map is very bad don't use pickme map,1,2026-01-12 11:07:32,English,Negative,0.9801,NEGATIVE,"customer support, refunds, complaint handling, unhelpful support",0.3237402737140655,Support & Refunds,low,62,zero-shot-bart-large-mnli,App Bugs,keyword_rule
This used to be a good app and not anymore. customer service is very bad and when i am trying to order some food all the outlets keeps saying pick up only and this is so annoying and i can't even oder! and when i am trying to call them and complain about this issue i have to wait 20 minutes on a call queue.,1,2026-01-11 21:58:36,English,Negative,0.9994,NEGATIVE,"customer support, refunds, complaint handling, unhelpful support",0.5922467112541199,Support & Refunds,medium,308,zero-shot-bart-large-mnli,Delivery Issues,keyword_rule
The most cheating app... when the rides are not available what they do is they provide to give offers for the drivers... which is higher than normal app rate... again its like we are hiring normal taxi on road... no matter what they are focusing on their commission only not to provide affordable taxi.... its hell of joke now...,1,2026-01-11 12:05:24,English,Negative,0.9967,NEGATIVE,"pricing, surge pricing, bidding, driver offers, high fares, expensive, discounts",0.9628239274024964,Pricing & Bidding,high,329,zero-shot-bart-large-mnli,Pricing & Bidding,auto_high_confidence
upgrade but 0 performance sometimes stuckingggg,1,2026-01-10 18:18:08,English,Negative,0.9952,NEGATIVE,"app bugs, crashes, slow app, technical issues, map, GPS, login, payment failure",0.4493408501148224,App Bugs,low,47,zero-shot-bart-large-mnli,Manual Review Needed,manual_review_needed
not even getting a ride faster there was don't even they accept our ride if it gives low very bad,1,2026-01-10 08:24:38,English,Negative,0.9992,NEGATIVE,"driver behavior, rude driver, unsafe driving, driver no show, safety issues",0.4609403312206268,Driver Behavior & Safety,medium,97,zero-shot-bart-large-mnli,Manual Review Needed,manual_review_needed
me huththa melo rahak na eka pakekwath oni welawata ride eka ganne na,4,2026-01-09 13:39:54,English,Negative,0.9941,NEGATIVE,"driver behavior, rude driver, unsafe driving, driver no show, safety issues",0.577083170413971,Driver Behavior & Safety,medium,69,zero-shot-bart-large-mnli,Manual Review Needed,manual_review_needed
"i've used pickme for years, but the new version doesnt work work on my phone. Im wondering why there isnt backward-compatible version for older phones.",1,2026-01-09 10:53:35,English,Negative,0.9993,NEGATIVE,"privacy, security, data, account safety",0.3352997004985809,Privacy & Security,low,151,zero-shot-bart-large-mnli,Manual Review Needed,manual_review_needed
"Very disappointed with this app. My food was marked as “Ready” for an hour, but no driver was assigned during that time. The food was just sitting at the restaurant, I had to call support myself. This is unacceptable service, especially when customers are paying delivery fees.",1,2026-01-08 20:56:02,English,Negative,0.9997,NEGATIVE,"food delivery delays, late orders, missing items, wrong orders, cold food",0.4039952158927917,Delivery Issues,low,277,zero-shot-bart-large-mnli,Delivery Issues,keyword_rule
can't get my email adjusted,1,2026-01-08 18:45:26,English,Negative,0.9994,NEGATIVE,"privacy, security, data, account safety",0.3284907341003418,Privacy & Security,low,27,zero-shot-bart-large-mnli,Manual Review Needed,manual_review_needed
"buggy App. Still looking for a driver hours after I canceled. tried it 10 times but just won't cancel. No possibility to report canceled rides. many come, then cancel and say you just pay me cash without the app.",2,2026-01-08 08:49:19,English,Negative,0.9984,NEGATIVE,"customer support, refunds, complaint handling, unhelpful support",0.3838097751140594,Support & Refunds,low,212,zero-shot-bart-large-mnli,Driver Behavior & Safety,keyword_rule
won't let me delete my account after leaving the country. at the very last step it just doesn't work. help/support doesn't exist for the app. also had issue with driver fraud and there was no way to contact the company. they list a number but no one answers. theres no email to contact. it's kind of your only viable option in most of the country outside of Colombo. But expect the drivers to call you and demand cash payment. pick me offers none of the limited security features Uber offers.,1,2026-01-08 01:05:42,English,Negative,0.9996,NEGATIVE,"privacy, security, data, account safety",0.4435674250125885,Privacy & Security,low,492,zero-shot-bart-large-mnli,Manual Review Needed,manual_review_needed
"100% safe application drivers all friendly ✅️ charger best ✅️ tuk tuk ✅️ car ✅️ drivers safe ✅️ Long time ride pick me 1st time I'm riding bike on the way bike Tire air low driver cancelled ride he left I don't know that location I'm new so that time I'm unsafe experience please fix this type of problem Automatically send other riders' locations please my kind request A lot of the time, I'm i was tipped because of riders' kindness we need pick me Srilanka Go ahead, pick me app successfull",5,2026-01-06 23:23:47,English,Negative,0.8138,NEGATIVE,"driver behavior, rude driver, unsafe driving, driver no show, safety issues",0.9580997228622437,Driver Behavior & Safety,high,493,zero-shot-bart-large-mnli,Driver Behavior & Safety,auto_high_confidence
I'm booked for emergency purposes but pikme app 1st 2 attamt not not booked but the 3rd attempt that app show very high prices just 40rs different bike to tulk at tha seam destination bad very bad bicus sometimes price are unstable very high prices show in display I'm,1,2026-01-05 07:57:19,English,Negative,0.9988,NEGATIVE,"pricing, surge pricing, bidding, driver offers, high fares, expensive, discounts",0.3861913383007049,Pricing & Bidding,low,268,zero-shot-bart-large-mnli,Pricing & Bidding,keyword_rule
"Pickme food is terrible now, got the order cancelled 2 times after waiting for 3 hours in both tines. one time I placed the order at 7.00 pm there were no rider till 10.00 so we called the hotline and waited another 30 mins until someone picked up. They said a driver just picked up but it didn't get updated in my app, but we waited another 45 min, nothing happened so we called again and they said the same ""Driver just got assigned"". Just use uber eats, way better experience",1,2026-01-04 22:33:31,English,Negative,0.9992,NEGATIVE,"food delivery delays, late orders, missing items, wrong orders, cold food",0.509782075881958,Delivery Issues,medium,478,zero-shot-bart-large-mnli,Delivery Issues,keyword_rule
Very bad attitude. Cancelled trip without permission. Doesn't know how to speak well to customer. Don't care attitude.,1,2026-01-03 15:30:54,English,Negative,0.9998,NEGATIVE,"driver behavior, rude driver, unsafe driving, driver no show, safety issues",0.6839537024497986,Driver Behavior & Safety,high,118,zero-shot-bart-large-mnli,Driver Behavior & Safety,auto_high_confidence
Riddled with multiple bugs and QC issues. The fact that drivers can call you after the hire or after cancellation is unacceptable. The Map is horrible and often doesn't show where the driver is.,2,2026-01-03 11:39:04,English,Negative,0.9997,NEGATIVE,"customer support, refunds, complaint handling, unhelpful support",0.3524821400642395,Support & Refunds,low,194,zero-shot-bart-large-mnli,Manual Review Needed,manual_review_needed
I am a flash rider. my app is temporary block I have been to your office 10 days since then they have not reactivated please reactivate ASAP,5,2026-01-03 10:43:00,English,Negative,0.9946,NEGATIVE,"driver behavior, rude driver, unsafe driving, driver no show, safety issues",0.4203219711780548,Driver Behavior & Safety,low,140,zero-shot-bart-large-mnli,Manual Review Needed,manual_review_needed
in 2025 pickme prices are reasonable ..but now it's not..prices are high..n not affordable..😐,1,2026-01-03 08:35:29,English,Negative,0.9995,NEGATIVE,"pricing, surge pricing, bidding, driver offers, high fares, expensive, discounts",0.3548267185688019,Pricing & Bidding,low,93,zero-shot-bart-large-mnli,Pricing & Bidding,keyword_rule
Good luck trying to cancel. The app itself works fine to order rides. But I discovered that it was charging some monthly fees with auto renewal. There was no option to cancel it even if it is supposed to be possible online. I had to write to support who never answered me but it seems that they cancelled my subscription. Same thing happened when I tried to delete my account. I did the online steps and ended with an error message. I don't recommend that app.,2,2026-01-03 08:26:05,English,Negative,0.9993,NEGATIVE,"customer support, refunds, complaint handling, unhelpful support",0.3598015308380127,Support & Refunds,low,460,zero-shot-bart-large-mnli,Manual Review Needed,manual_review_needed
very bad service in srilanka because my hire is cancelled so I can't get any vehicle to go my trip,1,2026-01-02 10:03:42,English,Negative,0.9997,NEGATIVE,"driver behavior, rude driver, unsafe driving, driver no show, safety issues",0.4791710078716278,Driver Behavior & Safety,medium,98,zero-shot-bart-large-mnli,Manual Review Needed,manual_review_needed
Star points doesn't get updated. Driver call & they cancel the ride. During heavy rain App doesn't work. Worst App ever. Before starting the ride shows one amount when you get down shows double the amount.,1,2026-01-02 09:32:35,English,Negative,0.9997,NEGATIVE,"app bugs, crashes, slow app, technical issues, map, GPS, login, payment failure",0.4195412695407867,App Bugs,low,205,zero-shot-bart-large-mnli,Driver Behavior & Safety,keyword_rule
worst customer help team had to wait more than 30 minutes for them to pick up and they did not pick up at all -10 customer support hotline,2,2026-01-01 22:57:48,English,Negative,0.9998,NEGATIVE,"driver behavior, rude driver, unsafe driving, driver no show, safety issues",0.5371828079223633,Driver Behavior & Safety,medium,138,zero-shot-bart-large-mnli,Support & Refunds,keyword_rule
There's a mistake I'm a gentleman and why are you sending msgs as' Upali nona',5,2026-01-01 21:08:18,English,Negative,0.9996,NEGATIVE,"privacy, security, data, account safety",0.3469728529453277,Privacy & Security,low,78,zero-shot-bart-large-mnli,Manual Review Needed,manual_review_needed
"the driver started the trip where he parked. I several times complained and even begged to start the trip from my pickup location, but he never listen. He argued that he started the trip in my pickup location. for this reason I have to pay RS. 350.00 extra. (He charged RS. 1400.00)",1,2025-12-31 17:43:52,English,Negative,0.9966,NEGATIVE,"driver behavior, rude driver, unsafe driving, driver no show, safety issues",0.6413050293922424,Driver Behavior & Safety,medium,282,zero-shot-bart-large-mnli,Manual Review Needed,manual_review_needed
Please add double charge (or similar) option for non-residence foreigners.,5,2025-12-30 11:29:41,English,Negative,0.9445,NEGATIVE,"pricing, surge pricing, bidding, driver offers, high fares, expensive, discounts",0.3023065030574798,Pricing & Bidding,low,74,zero-shot-bart-large-mnli,Pricing & Bidding,keyword_rule
why it takes ages to order something even if it's not further from my location fix it,1,2025-12-29 15:09:59,English,Negative,0.9984,NEGATIVE,"app bugs, crashes, slow app, technical issues, map, GPS, login, payment failure",0.24319489300251,App Bugs,low,85,zero-shot-bart-large-mnli,Manual Review Needed,manual_review_needed
Not working on huawei devices,1,2025-12-29 13:31:47,English,Negative,0.9996,NEGATIVE,"app bugs, crashes, slow app, technical issues, map, GPS, login, payment failure",0.2680867314338684,App Bugs,low,29,zero-shot-bart-large-mnli,App Bugs,keyword_rule
There is always an issue with the precise location marking for picking up. Every time I try to mark a specific location and that location shows the driver somewhere else. Very frustrating!,2,2025-12-27 16:00:34,English,Negative,0.9991,NEGATIVE,"app bugs, crashes, slow app, technical issues, map, GPS, login, payment failure",0.2309664338827133,App Bugs,low,188,zero-shot-bart-large-mnli,Manual Review Needed,manual_review_needed
Ordered Food and stayed 1 hour but no riders there. so i picked the food that the Merchant prepared by my self and merchant got a complaint. Worst app and Worst Service ever. don't order food via Pickme,1,2025-12-26 22:53:18,English,Negative,0.9998,NEGATIVE,"customer support, refunds, complaint handling, unhelpful support",0.3764938116073608,Support & Refunds,low,202,zero-shot-bart-large-mnli,Delivery Issues,keyword_rule
"The quality of this service has gone down. I ordered food and the driver arrives with the wrong order from a different shop. When I mentioned this wasn't the order, he told me to wait and that he will come back in 5 minutes. I can see he goes back to the shop and starts coming back towards my location again. By this time it's 2 hours since I ordered. Halfway through the return trip he marks the order as complete and the payment goes through. 2 weeks after complaining still waiting for a response",1,2025-12-24 14:00:53,English,Negative,0.999,NEGATIVE,"driver behavior, rude driver, unsafe driving, driver no show, safety issues",0.3575702607631683,Driver Behavior & Safety,low,500,zero-shot-bart-large-mnli,Delivery Issues,keyword_rule
Disappointed with surge pricing. A short normal ride suddenly costs more. There’s no transparency and no option to avoid it. This feels unfair I could just catch a tuk tuk on the main road for cheaper. If surge pricing is applied at least warn users clearly before booking.,3,2025-12-24 13:45:08,English,Negative,0.9998,NEGATIVE,"pricing, surge pricing, bidding, driver offers, high fares, expensive, discounts",0.8023421168327332,Pricing & Bidding,high,273,zero-shot-bart-large-mnli,Pricing & Bidding,auto_high_confidence
"used to love it & sing praises 1. since about 2 months, hotline isn't working. I loved their customer care before there some very intelligent girls who would follow up and problem solve like pros 2. experienced driver bids and didn't like it at all, the good thing with pick mes was that drivers couldn't be rude to us the customers but now its flipped and the driver is dictating their terms to us not pick me saw many posts about helago, waiting for the passenger version to download",1,2025-12-23 20:57:13,English,Negative,0.9775,NEGATIVE,"driver behavior, rude driver, unsafe driving, driver no show, safety issues",0.5842757225036621,Driver Behavior & Safety,medium,485,zero-shot-bart-large-mnli,Driver Behavior & Safety,keyword_rule
some times drivers ask for double payment,4,2025-12-22 21:08:35,English,Negative,0.9899,NEGATIVE,"driver behavior, rude driver, unsafe driving, driver no show, safety issues",0.4019433259963989,Driver Behavior & Safety,low,41,zero-shot-bart-large-mnli,Driver Behavior & Safety,keyword_rule
"Experience is . you get scammed all the time 9 out of 10 drivers will try to take long routes intentionally to increase price. or start the trip before even picking up the passenger, these are few. app is full of bugs, maps aren't accurate, UI is really clunky. Please use other apps instead of Pickme.",1,2025-12-22 07:28:03,English,Negative,0.9996,NEGATIVE,"driver behavior, rude driver, unsafe driving, driver no show, safety issues",0.6789242625236511,Driver Behavior & Safety,high,302,zero-shot-bart-large-mnli,Driver Behavior & Safety,auto_high_confidence
worst courier service ever... took more than 3 days and my parcel hasn't reach the location... so very disappointed,1,2025-12-21 18:54:03,English,Negative,0.9998,NEGATIVE,"driver behavior, rude driver, unsafe driving, driver no show, safety issues",0.4739571511745453,Driver Behavior & Safety,medium,115,zero-shot-bart-large-mnli,App Bugs,keyword_rule
GPS system is very bad,1,2025-12-20 22:50:22,English,Negative,0.9998,NEGATIVE,"customer support, refunds, complaint handling, unhelpful support",0.269148588180542,Support & Refunds,low,22,zero-shot-bart-large-mnli,App Bugs,keyword_rule
WHERE IS THE DARK MODE IN THIS APP MY EYES ARE LOSE 30% OF ITS LIFE SPAN JUST BY USING THE APP,2,2025-12-20 21:15:40,English,Negative,0.9996,NEGATIVE,"app bugs, crashes, slow app, technical issues, map, GPS, login, payment failure",0.3092066049575805,App Bugs,low,94,zero-shot-bart-large-mnli,Manual Review Needed,manual_review_needed
patta padiuii wedak ne bug wediii Moda App ekke huttha,1,2025-12-20 20:10:11,English,Negative,0.9906,NEGATIVE,"app bugs, crashes, slow app, technical issues, map, GPS, login, payment failure",0.3431055247783661,App Bugs,low,54,zero-shot-bart-large-mnli,App Bugs,keyword_rule
I am trying to book a trip and I am unable to It took me to drivers app And I couldn't come out of and I had to cancel an urgent meeting I have lost so much not attending the meeting,2,2025-12-20 18:59:01,English,Negative,0.999,NEGATIVE,"driver behavior, rude driver, unsafe driving, driver no show, safety issues",0.5657751560211182,Driver Behavior & Safety,medium,182,zero-shot-bart-large-mnli,Driver Behavior & Safety,keyword_rule
some time charges will be change rather estimate price.,3,2025-12-20 18:01:37,English,Negative,0.9929,NEGATIVE,"pricing, surge pricing, bidding, driver offers, high fares, expensive, discounts",0.2504433989524841,Pricing & Bidding,low,55,zero-shot-bart-large-mnli,Pricing & Bidding,keyword_rule
"company is cheating on fare.. Most of the trips the app is adding additional LKR 100/- at the end of the trip as a surge, which is not inform to the customer at the time of booking the hire. This is cheering and covering information to the customer. Its also a violation of consumer rights. If the book is made withing a surge period it has to mention that on cost estimation. pick me is trying to show that it's price is cheeper compared to other rider apps, but it is not at the end of the trip",1,2025-12-20 14:39:49,English,Negative,0.9974,NEGATIVE,"privacy, security, data, account safety",0.5263810753822327,Privacy & Security,medium,496,zero-shot-bart-large-mnli,Pricing & Bidding,keyword_rule
The map doesnt work at all. when you pinpoint a location for a food order different one get placed. some random person would receive the order.,1,2025-12-20 11:46:02,English,Negative,0.9996,NEGATIVE,"app bugs, crashes, slow app, technical issues, map, GPS, login, payment failure",0.5094303488731384,App Bugs,medium,143,zero-shot-bart-large-mnli,Manual Review Needed,manual_review_needed
we are literally unable find a vehicle in a few minutes. this is very bad app,1,2025-12-20 11:43:13,English,Negative,0.9998,NEGATIVE,"app bugs, crashes, slow app, technical issues, map, GPS, login, payment failure",0.5382258296012878,App Bugs,medium,77,zero-shot-bart-large-mnli,Manual Review Needed,manual_review_needed
map is not working 😐,1,2025-12-19 18:51:55,English,Negative,0.9998,NEGATIVE,"app bugs, crashes, slow app, technical issues, map, GPS, login, payment failure",0.4308519661426544,App Bugs,low,20,zero-shot-bart-large-mnli,App Bugs,keyword_rule
"pickme you are poor. My Android version is 11go edition. your app is not supported to me. my account , reward point and membership is i cant use . please give update to us.",1,2025-12-19 16:25:49,English,Negative,0.9995,NEGATIVE,"privacy, security, data, account safety",0.3891270458698272,Privacy & Security,low,172,zero-shot-bart-large-mnli,App Bugs,keyword_rule
awful. simply awful.,1,2025-12-18 22:15:45,English,Negative,0.9998,NEGATIVE,"driver behavior, rude driver, unsafe driving, driver no show, safety issues",0.2810437381267547,Driver Behavior & Safety,low,20,zero-shot-bart-large-mnli,Exclude / Too Generic,generic_filter
"The ""Dibbing"" feature has ruined pickme. Drivers are not accepting rides at the normal price now and are only accepting dibs. So we end up having to pay way more just to get a ride. It's ridiculous! Wasn't the whole reason people switched to ride sharing apps to avoid surcharges by road taxis? I might switch to uber full time or another app because of this.",1,2025-12-18 15:34:55,English,Negative,0.9998,NEGATIVE,"pricing, surge pricing, bidding, driver offers, high fares, expensive, discounts",0.875744104385376,Pricing & Bidding,high,359,zero-shot-bart-large-mnli,Pricing & Bidding,auto_high_confidence
"I’m very disappointed with PickMe. This is the third time drivers have accepted my ride and then cancelled without any reason, both during the day and around 7–8 PM. Some drivers also start uncomfortable conversations during trips, and a few even ask for extra money, claiming they don’t earn enough from the company. This is unacceptable. After repeatedly facing these issues, I feel it’s time to uninstall the app.",1,2025-12-17 21:08:31,English,Negative,0.9998,NEGATIVE,"driver behavior, rude driver, unsafe driving, driver no show, safety issues",0.920764148235321,Driver Behavior & Safety,high,416,zero-shot-bart-large-mnli,Driver Behavior & Safety,auto_high_confidence
"The previous Pick Me app was good. But, after giving a new update for the Pick Me app, it makes so many problems. Rude app. please update your systems properly as Uber.",1,2025-12-17 14:03:09,English,Negative,0.9945,NEGATIVE,"driver behavior, rude driver, unsafe driving, driver no show, safety issues",0.3974657356739044,Driver Behavior & Safety,low,168,zero-shot-bart-large-mnli,Manual Review Needed,manual_review_needed
worst service ever. never trust pick me drivers. they will waste your time. they got bookings and nobody came to pickup. just wasting time . and thair hot line is worst than thair service. they never respond customers. newer trust this service..,1,2025-12-16 23:10:35,English,Negative,0.9997,NEGATIVE,"driver behavior, rude driver, unsafe driving, driver no show, safety issues",0.7214087247848511,Driver Behavior & Safety,high,245,zero-shot-bart-large-mnli,Driver Behavior & Safety,auto_high_confidence
hate this because of bidding options. no drivers picking up the ride until they have the chance to bid and take a higher price from the users. so disappointing,1,2025-12-16 22:03:51,English,Negative,0.9998,NEGATIVE,"pricing, surge pricing, bidding, driver offers, high fares, expensive, discounts",0.7932658195495605,Pricing & Bidding,high,159,zero-shot-bart-large-mnli,Pricing & Bidding,auto_high_confidence
"Terrible, so unreliable. Easy to use, pay by card or cash but the drivers confirm and then they cancel so you have to rebook but already waited 10mins. Then the second and third driver also cancel and now you wait 30mins and late for dinner. however all the drivers that did show up were super nice and cars very clean.",2,2025-12-15 21:51:53,English,Negative,0.8317,NEGATIVE,"driver behavior, rude driver, unsafe driving, driver no show, safety issues",0.5378245115280151,Driver Behavior & Safety,medium,319,zero-shot-bart-large-mnli,Driver Behavior & Safety,keyword_rule
"Terrible app. They demanded that I pay an additional third of the fare a week after the trip because they miscalculated it. The driver was falling asleep during the ride, and then his car broke down in the middle of the route",1,2025-12-14 13:13:32,English,Negative,0.9998,NEGATIVE,"driver behavior, rude driver, unsafe driving, driver no show, safety issues",0.6060000658035278,Driver Behavior & Safety,medium,225,zero-shot-bart-large-mnli,Manual Review Needed,manual_review_needed
"i put a ride for nugegoda from boralasgamuwa for my wife. but she drop kohuwal.this ride is card payment. after drop my wife the driver dosent stop ride, without stop ride that driver go ahaid. i tried to contact him but not answer phone, after he went to maharagama he stoped ride,",1,2025-12-14 12:03:50,English,Negative,0.9917,NEGATIVE,"driver behavior, rude driver, unsafe driving, driver no show, safety issues",0.8024497628211975,Driver Behavior & Safety,high,282,zero-shot-bart-large-mnli,Driver Behavior & Safety,auto_high_confidence
App is not working in my phone. Redmi turbo. Android version 16,1,2025-12-14 09:55:13,English,Negative,0.9994,NEGATIVE,"app bugs, crashes, slow app, technical issues, map, GPS, login, payment failure",0.6276621222496033,App Bugs,medium,63,zero-shot-bart-large-mnli,App Bugs,keyword_rule
Ponna driverla inna ponna app ekak.,1,2025-12-14 06:45:22,English,Negative,0.9889,NEGATIVE,"driver behavior, rude driver, unsafe driving, driver no show, safety issues",0.4427444040775299,Driver Behavior & Safety,low,35,zero-shot-bart-large-mnli,Manual Review Needed,manual_review_needed
"Don't use this app, total scam, updated our distance from 10 to 30 km",1,2025-12-13 23:00:59,English,Negative,0.9982,NEGATIVE,"privacy, security, data, account safety",0.5697318315505981,Privacy & Security,medium,69,zero-shot-bart-large-mnli,Privacy & Security,keyword_rule
Provide the ability to download the PickMe app through AppGallery so that Huawei phone users can also use it.,3,2025-12-13 19:28:53,English,Negative,0.9665,NEGATIVE,"privacy, security, data, account safety",0.6021131277084351,Privacy & Security,medium,109,zero-shot-bart-large-mnli,Manual Review Needed,manual_review_needed
I was late at least 15 times this month as both pick me and their drivers both deny the their own set prices,1,2025-12-13 09:02:48,English,Negative,0.9978,NEGATIVE,"driver behavior, rude driver, unsafe driving, driver no show, safety issues",0.5323768258094788,Driver Behavior & Safety,medium,108,zero-shot-bart-large-mnli,Manual Review Needed,manual_review_needed
"Fix your app so that drivers can stop scamming your customers. Every ride I booked they called me to ask for more money, or they start a ride before coming.",1,2025-12-12 20:31:00,English,Negative,0.9987,NEGATIVE,"driver behavior, rude driver, unsafe driving, driver no show, safety issues",0.8435989022254944,Driver Behavior & Safety,high,156,zero-shot-bart-large-mnli,Driver Behavior & Safety,auto_high_confidence
Recently i tried to book a ride and i accidentally clicked the book a ride button two times and i got two rides for same location. it shouldn't do multiple requests when a already request is send. this is a critical bug since drivers will put in inconvenience because apps fault.,3,2025-12-12 20:16:32,English,Negative,0.999,NEGATIVE,"app bugs, crashes, slow app, technical issues, map, GPS, login, payment failure",0.3377091288566589,App Bugs,low,279,zero-shot-bart-large-mnli,App Bugs,keyword_rule
the worst app to travel. i faced a worst experience through this. i have waited more than 1hour. nobody accept my ride if i can banned something I'll definitely do to this,1,2025-12-12 19:56:45,English,Negative,0.9998,NEGATIVE,"driver behavior, rude driver, unsafe driving, driver no show, safety issues",0.3494566679000854,Driver Behavior & Safety,low,171,zero-shot-bart-large-mnli,Manual Review Needed,manual_review_needed
Very bad experience and drives are not accepting the rides. totally disappointed 👎🏼👎🏼,1,2025-12-12 18:38:25,English,Negative,0.9998,NEGATIVE,"driver behavior, rude driver, unsafe driving, driver no show, safety issues",0.6311375498771667,Driver Behavior & Safety,medium,85,zero-shot-bart-large-mnli,Manual Review Needed,manual_review_needed
used the phone while driving,1,2025-12-12 17:22:03,English,Negative,0.9784,NEGATIVE,"driver behavior, rude driver, unsafe driving, driver no show, safety issues",0.6132707595825195,Driver Behavior & Safety,medium,28,zero-shot-bart-large-mnli,Driver Behavior & Safety,keyword_rule
very very bad app pick me,1,2025-12-12 14:08:27,English,Negative,0.9998,NEGATIVE,"app bugs, crashes, slow app, technical issues, map, GPS, login, payment failure",0.2839053273200989,App Bugs,low,25,zero-shot-bart-large-mnli,Manual Review Needed,manual_review_needed
logging problem,5,2025-12-12 07:54:45,English,Negative,0.999,NEGATIVE,"app bugs, crashes, slow app, technical issues, map, GPS, login, payment failure",0.3401186168193817,App Bugs,low,15,zero-shot-bart-large-mnli,Exclude / Too Generic,generic_filter
"ordered time 12:33pm got It after 5 hours time . ordered food for lunch and only received it by dinner. Really bad service. I tried calling the hotline and the other number as well, but no one answered. The mango juice also smells bad. I ordered one mango juice, one orange juice, and one chicken biryani. I’m really disappointed with your service. Please don’t accept orders if you can’t deliver them on time it’s a waste of money for us.",1,2025-12-11 18:07:07,English,Negative,0.9997,NEGATIVE,"food delivery delays, late orders, missing items, wrong orders, cold food",0.6591437458992004,Delivery Issues,high,439,zero-shot-bart-large-mnli,Delivery Issues,auto_high_confidence
Most drivers in rural areas don’t focus on customer needs. They only look for bigger profits instead of giving a fair and reliable service.,1,2025-12-11 15:16:48,English,Negative,0.9979,NEGATIVE,"driver behavior, rude driver, unsafe driving, driver no show, safety issues",0.5783493518829346,Driver Behavior & Safety,medium,139,zero-shot-bart-large-mnli,Driver Behavior & Safety,keyword_rule
At the rain there are dont have any tuks,1,2025-12-11 09:18:16,English,Negative,0.9932,NEGATIVE,"driver behavior, rude driver, unsafe driving, driver no show, safety issues",0.2384744733572006,Driver Behavior & Safety,low,40,zero-shot-bart-large-mnli,Manual Review Needed,manual_review_needed
new update sucks,1,2025-12-11 09:11:53,English,Negative,0.9993,NEGATIVE,"customer support, refunds, complaint handling, unhelpful support",0.2921054661273956,Support & Refunds,low,16,zero-shot-bart-large-mnli,App Bugs,keyword_rule
"driver didn't declare ride as complete, so I was charged for 1.5hrs of driving! then I couldn't even complain via the app because it stopped loading, and gave error messages, still 24hours later. I stopped using it now. How can it be possible to show the trip price, then the driver doesn't 'end ' the trip, so I pay 5x too much???",1,2025-12-09 04:46:12,English,Negative,0.9974,NEGATIVE,"app bugs, crashes, slow app, technical issues, map, GPS, login, payment failure",0.4319583475589752,App Bugs,low,331,zero-shot-bart-large-mnli,Manual Review Needed,manual_review_needed
Areally good taxi app but rarely have som little bugs and lags how ever a good app,5,2025-12-09 02:10:44,English,Negative,0.8516,NEGATIVE,"app bugs, crashes, slow app, technical issues, map, GPS, login, payment failure",0.4405940175056457,App Bugs,low,82,zero-shot-bart-large-mnli,App Bugs,keyword_rule
Poor customer service and arrogant drivers,1,2025-12-08 07:47:44,English,Negative,0.9998,NEGATIVE,"driver behavior, rude driver, unsafe driving, driver no show, safety issues",0.6338644027709961,Driver Behavior & Safety,medium,42,zero-shot-bart-large-mnli,Manual Review Needed,manual_review_needed
"I switched from Uber Eats to PickMe to support a Sri Lankan platform, and it was a huge mistake. This is the 5th time I’ve had issues. Food gets prepared in minutes, but PickMe takes hours just to find a driver. Today I ordered at 7 PM, and by 10:14 PM there was still no rider, no updates, nothing. I even waited over 2 hours on their support line with no answer. PickMe clearly doesn’t value customers. I seriously regret choosing them.",1,2025-12-07 22:19:06,English,Negative,0.9995,NEGATIVE,"food delivery delays, late orders, missing items, wrong orders, cold food",0.4983732402324676,Delivery Issues,medium,438,zero-shot-bart-large-mnli,Manual Review Needed,manual_review_needed
"drivers bid ah, wow what is the difference between normal three-wheeler and pick me, i mean before this pick me was affordable and less payment than normal three-wheelers, now there is no difference, so why the hell we should hire pick me drivers?",1,2025-12-07 20:44:29,English,Negative,0.9993,NEGATIVE,"pricing, surge pricing, bidding, driver offers, high fares, expensive, discounts",0.6162446141242981,Pricing & Bidding,medium,247,zero-shot-bart-large-mnli,Manual Review Needed,manual_review_needed
right after the update which yall gave the bitting option they won't pick n waits till the bitting is open. so please remove this option,3,2025-12-07 10:50:11,English,Negative,0.9992,NEGATIVE,"driver behavior, rude driver, unsafe driving, driver no show, safety issues",0.3967554867267608,Driver Behavior & Safety,low,136,zero-shot-bart-large-mnli,App Bugs,keyword_rule
"SCAM ALERT!!! PICK ME IS SCAM. THEY DONT HAVE CUSTOMER SERVICES AGENTS ON CALLS OR IN THEIR APP HELP CENTER. LOOKS LIKE ITS AN APP RUN FROM A BEDROOM. There is no number to call the food delivery riders. you have to wait until they call you. I have so far lost two orders and no one in Pick Me to call and get a refund. there are better ways to waste your money, so dont wasye it ordering from these jokers!!!",1,2025-12-05 20:01:55,English,Negative,0.9997,NEGATIVE,"customer support, refunds, complaint handling, unhelpful support",0.863283634185791,Support & Refunds,high,409,zero-shot-bart-large-mnli,Support & Refunds,auto_high_confidence
"rain time cannot find any PickMe drivers, they don't pick up PickMe rides and do private rides for overpriced fare",1,2025-12-05 17:32:56,English,Negative,0.999,NEGATIVE,"driver behavior, rude driver, unsafe driving, driver no show, safety issues",0.3157495260238647,Driver Behavior & Safety,low,114,zero-shot-bart-large-mnli,Manual Review Needed,manual_review_needed
"I filed a complaint because one drive didn't pick me up and just started the trip and charged me. in the meantime I tried to change my phone number cause I want to use local number to avoid roaming fee. when I finished changing the phone number, all the activities were gone!!! the ride history, complaint record, payment... all gone. when I switched back to the old number, all things were gone as well.... I have no idea how to retrieve my record. very bad experience on this app",1,2025-12-05 13:38:33,English,Negative,0.9998,NEGATIVE,"driver behavior, rude driver, unsafe driving, driver no show, safety issues",0.5301138162612915,Driver Behavior & Safety,medium,481,zero-shot-bart-large-mnli,Manual Review Needed,manual_review_needed
learn something from uber. i hate this app,1,2025-12-05 13:25:34,English,Negative,0.9995,NEGATIVE,"app bugs, crashes, slow app, technical issues, map, GPS, login, payment failure",0.349049299955368,App Bugs,low,42,zero-shot-bart-large-mnli,Manual Review Needed,manual_review_needed
"Useless app. The live location of the drivers moving does not show. Always drivers go to a different location and call us, which they claim is a fault in the app. Locations we select is not what the drivers recieve. Very lagging and an app which is not accurate in real time. Also now the time of the drivers is not showing (in how many minutes will the reach us)",1,2025-12-05 08:38:56,English,Negative,0.9998,NEGATIVE,"app bugs, crashes, slow app, technical issues, map, GPS, login, payment failure",0.5957388877868652,App Bugs,medium,363,zero-shot-bart-large-mnli,Manual Review Needed,manual_review_needed
Need rating options for cancellations. Many drivers request (even beg) to cancel and go because they say PickMe has taken their money.,1,2025-12-04 17:39:41,English,Negative,0.9989,NEGATIVE,"privacy, security, data, account safety",0.3510887324810028,Privacy & Security,low,134,zero-shot-bart-large-mnli,Driver Behavior & Safety,keyword_rule
Ela bn patta wasi yak karana appa ekak 🥲😍,5,2025-12-02 14:21:45,English,Negative,0.9625,NEGATIVE,"driver behavior, rude driver, unsafe driving, driver no show, safety issues",0.4048745036125183,Driver Behavior & Safety,low,41,zero-shot-bart-large-mnli,Manual Review Needed,manual_review_needed
I paid Rs 100 for the rider but again 100 deducted from my bank account why,1,2025-12-02 14:00:42,English,Negative,0.9889,NEGATIVE,"app bugs, crashes, slow app, technical issues, map, GPS, login, payment failure",0.3216440379619598,App Bugs,low,75,zero-shot-bart-large-mnli,Manual Review Needed,manual_review_needed
This app shows rhe driver a much longer path for my destination and too much for that route...,1,2025-12-01 19:34:31,English,Negative,0.9991,NEGATIVE,"driver behavior, rude driver, unsafe driving, driver no show, safety issues",0.3448683619499206,Driver Behavior & Safety,low,94,zero-shot-bart-large-mnli,Driver Behavior & Safety,keyword_rule
"When I book a ride, sometimes I get two vehicles, I can only see one ride, both of them are connected, I always get confused and have to ask one of the drivers to cancel.",1,2025-11-29 09:04:25,English,Negative,0.9986,NEGATIVE,"driver behavior, rude driver, unsafe driving, driver no show, safety issues",0.4388803541660309,Driver Behavior & Safety,low,170,zero-shot-bart-large-mnli,Driver Behavior & Safety,keyword_rule
"Problem with payments. I don't remember getting a subscription but still they debited 549 from my debit card 3 times. I contacted their customer and nothing has been done yet. The problem is even after deleting my card data from the app, they still debited it. Illegal practice.",1,2025-11-28 08:46:09,English,Negative,0.999,NEGATIVE,"privacy, security, data, account safety",0.4914661347866058,Privacy & Security,medium,278,zero-shot-bart-large-mnli,App Bugs,keyword_rule
Very poor Network & apps,1,2025-11-28 03:09:49,English,Negative,0.9998,NEGATIVE,"app bugs, crashes, slow app, technical issues, map, GPS, login, payment failure",0.3196653723716736,App Bugs,low,24,zero-shot-bart-large-mnli,Exclude / Too Generic,generic_filter
"worst application, they take too long time for a vehicle, this app is waste of time.",1,2025-11-27 09:43:15,English,Negative,0.9998,NEGATIVE,"app bugs, crashes, slow app, technical issues, map, GPS, login, payment failure",0.2789749503135681,App Bugs,low,84,zero-shot-bart-large-mnli,Manual Review Needed,manual_review_needed
not bad but not so much good though,3,2025-11-27 01:32:13,English,Negative,0.9984,NEGATIVE,"customer support, refunds, complaint handling, unhelpful support",0.2119841426610946,Support & Refunds,low,35,zero-shot-bart-large-mnli,Manual Review Needed,manual_review_needed
"Nowadays pick me becomes garbage, thier drivers are so rude and doing scam, faced a lot of issues, they don't verify the drivers. I moved to uber, because of safety concerns",1,2025-11-26 10:54:19,English,Negative,0.9986,NEGATIVE,"driver behavior, rude driver, unsafe driving, driver no show, safety issues",0.982757031917572,Driver Behavior & Safety,high,173,zero-shot-bart-large-mnli,Driver Behavior & Safety,auto_high_confidence
"Some of the worst customer service, from both drivers and the service department I have ever experienced. Might as well just walk wherever because they refuse to take you. Driver discipline is also at an all time low, they do no screening when allowing them to get on the app. Just use Uber.",1,2025-11-26 00:45:43,English,Negative,0.9997,NEGATIVE,"driver behavior, rude driver, unsafe driving, driver no show, safety issues",0.8738937377929688,Driver Behavior & Safety,high,291,zero-shot-bart-large-mnli,Driver Behavior & Safety,auto_high_confidence
Night time very d difficult to book an hire. purposely done by company in order to again more money through Bid,1,2025-11-25 23:42:54,English,Negative,0.9997,NEGATIVE,"pricing, surge pricing, bidding, driver offers, high fares, expensive, discounts",0.4138438105583191,Pricing & Bidding,low,111,zero-shot-bart-large-mnli,Manual Review Needed,manual_review_needed
"Taking too long to assign a delivery rider for food, i gave 5 stars before but as a Gold member I wanna see some priority or at least bring the food on time. Food is cold and i would save some money if i just went there and bought.",1,2025-11-25 20:05:02,English,Negative,0.9983,NEGATIVE,"food delivery delays, late orders, missing items, wrong orders, cold food",0.8982937335968018,Delivery Issues,high,231,zero-shot-bart-large-mnli,Delivery Issues,auto_high_confidence
useless update. Just a copy of the Uber driver app. There's no point in being so struck.,1,2025-11-25 19:54:54,English,Negative,0.9995,NEGATIVE,"customer support, refunds, complaint handling, unhelpful support",0.314352810382843,Support & Refunds,low,88,zero-shot-bart-large-mnli,Manual Review Needed,manual_review_needed
I am Platinum customer for pickme but unfortunately my user login blocked 🚫 / disabled by the customer care and 3 consecutive months my free pass payment Rs.549.00 deducted from my Card. several complaints made to pickme customer care but not succeeded to recover my free pass amount. Worst customer support services. NOT RECOMMENDING FOR ANYONE.! FREE PASS OR PICKME SERVICES.,1,2025-11-24 18:59:45,English,Negative,0.9996,NEGATIVE,"customer support, refunds, complaint handling, unhelpful support",0.8316866159439087,Support & Refunds,high,377,zero-shot-bart-large-mnli,Support & Refunds,auto_high_confidence
Can't clear history of travels. We use this to follow husband too.,1,2025-11-24 18:19:23,English,Negative,0.997,NEGATIVE,"privacy, security, data, account safety",0.2861708700656891,Privacy & Security,low,66,zero-shot-bart-large-mnli,Manual Review Needed,manual_review_needed
"Terrible Experience and culture. PickMe drivers know nothing but scamming. Almost 70% of all PickMe rides I have taken have resulted in the driver saying that they have ""no change"" even during peak afternoon rides. Another thing is that there's barely any drivers. They must be purposely staying offline. Genuinely this is the worst ride share app anyone can use. Don't ever use this app even as a back up option ESPECIALLY tourists, you will be scammed heavier than us locals. PickMe is a sham.",1,2025-11-24 12:07:19,English,Negative,0.9998,NEGATIVE,"driver behavior, rude driver, unsafe driving, driver no show, safety issues",0.8782886862754822,Driver Behavior & Safety,high,495,zero-shot-bart-large-mnli,Driver Behavior & Safety,auto_high_confidence
I'm using for long time,5,2025-11-23 21:00:25,English,Negative,0.944,NEGATIVE,"privacy, security, data, account safety",0.2734836935997009,Privacy & Security,low,23,zero-shot-bart-large-mnli,Exclude / Too Generic,generic_filter
Some of drivers except the hire and a little bit later cancel the trip. Again and again we have to try another tuk tuk... In such a occasion If I waned to cancel .. There is no icon visible to cancel the trip...,3,2025-11-22 18:43:38,English,Negative,0.9997,NEGATIVE,"driver behavior, rude driver, unsafe driving, driver no show, safety issues",0.5275169610977173,Driver Behavior & Safety,medium,211,zero-shot-bart-large-mnli,Driver Behavior & Safety,keyword_rule
dilvery patnar is not available every time they will late and diliver food after the cold food. plses slove the problem,1,2025-11-22 18:12:07,English,Negative,0.9991,NEGATIVE,"food delivery delays, late orders, missing items, wrong orders, cold food",0.7796232104301453,Delivery Issues,high,119,zero-shot-bart-large-mnli,Delivery Issues,auto_high_confidence
Drivers charged higher than the app showing price. I called head office there not answering such useless service Uber is better than pick me don't download this app there are not supporting to there customers,1,2025-11-22 13:08:41,English,Negative,0.999,NEGATIVE,"customer support, refunds, complaint handling, unhelpful support",0.6716665625572205,Support & Refunds,high,208,zero-shot-bart-large-mnli,Support & Refunds,auto_high_confidence
app eka hirawenawa aluth update eka.,1,2025-11-21 09:44:40,English,Negative,0.9901,NEGATIVE,"privacy, security, data, account safety",0.2726211547851562,Privacy & Security,low,36,zero-shot-bart-large-mnli,App Bugs,keyword_rule
"Your Map is not lively updating while on a trip. Sometimes it shows the ride is standby while we are on the move, sometimes until we end the trip the map does not update in real time. Fix this issue soon as it has been going on for a while.",1,2025-11-21 08:40:26,English,Negative,0.9991,NEGATIVE,"app bugs, crashes, slow app, technical issues, map, GPS, login, payment failure",0.4528738856315613,App Bugs,medium,240,zero-shot-bart-large-mnli,App Bugs,keyword_rule
customers service very poor,1,2025-11-20 21:23:08,English,Negative,0.9997,NEGATIVE,"customer support, refunds, complaint handling, unhelpful support",0.5280951857566833,Support & Refunds,medium,27,zero-shot-bart-large-mnli,Manual Review Needed,manual_review_needed
The app downloading freezes in 99% it doesn't downloads....,3,2025-11-20 14:29:51,English,Negative,0.9988,NEGATIVE,"app bugs, crashes, slow app, technical issues, map, GPS, login, payment failure",0.6388213634490967,App Bugs,medium,59,zero-shot-bart-large-mnli,Manual Review Needed,manual_review_needed
app was not working properly,1,2025-11-20 13:26:58,English,Negative,0.9998,NEGATIVE,"app bugs, crashes, slow app, technical issues, map, GPS, login, payment failure",0.5279067754745483,App Bugs,medium,28,zero-shot-bart-large-mnli,App Bugs,keyword_rule
there is a new bidding system for the drivers and they are playing with our money. one of those beggers charged Rs.600 for a Rs.200 worth ride.. disgusting,1,2025-11-20 08:03:36,English,Negative,0.9986,NEGATIVE,"pricing, surge pricing, bidding, driver offers, high fares, expensive, discounts",0.8016317486763,Pricing & Bidding,high,155,zero-shot-bart-large-mnli,Pricing & Bidding,auto_high_confidence
the new bidding system is really bad all the drivers would only get trips which they get bids so bad time to move on to another app,1,2025-11-19 21:54:54,English,Negative,0.9998,NEGATIVE,"pricing, surge pricing, bidding, driver offers, high fares, expensive, discounts",0.7064537405967712,Pricing & Bidding,high,131,zero-shot-bart-large-mnli,Pricing & Bidding,auto_high_confidence
"very poor customer service, I lost 1600 rupees which was not refunded even after 3 days, nor have they given a solution for my issues yes I contacted 1331 and their other lines, but they don't seem to be answering my calls anymore. move on to another app, pick me as an app has so many bugs like double booking, cancellation charges when the driver cancels,",1,2025-11-19 19:41:23,English,Negative,0.9996,NEGATIVE,"customer support, refunds, complaint handling, unhelpful support",0.9350093007087708,Support & Refunds,high,357,zero-shot-bart-large-mnli,Support & Refunds,auto_high_confidence
low prices for hires.,5,2025-11-19 15:59:02,English,Negative,0.9998,NEGATIVE,"driver behavior, rude driver, unsafe driving, driver no show, safety issues",0.2676438987255096,Driver Behavior & Safety,low,21,zero-shot-bart-large-mnli,Pricing & Bidding,keyword_rule
unterirdischer Kundenservice: nach unrechtmäßiger Abbuchung durch einen Fahrer ohne dass eine Transportfahrt stattgefunden hat diverse Kontaktierungsversuche des Kundensupport. Bis heute weder eine Antwort seitens PickMe noch eine Rückbuchung der Gebühren.,1,2025-11-19 12:37:24,English,Negative,0.9802,NEGATIVE,"customer support, refunds, complaint handling, unhelpful support",0.5379239916801453,Support & Refunds,medium,256,zero-shot-bart-large-mnli,Manual Review Needed,manual_review_needed
this app not working sometimes. keep showing loading menu again and again. nothing loads even not loading interface app. this is 4th time this happened. so much bug all over the app. not recommending this. much better uber,2,2025-11-19 08:19:04,English,Negative,0.999,NEGATIVE,"app bugs, crashes, slow app, technical issues, map, GPS, login, payment failure",0.818133533000946,App Bugs,high,222,zero-shot-bart-large-mnli,App Bugs,auto_high_confidence
overall is ok but late night and morning bookings are unreliable. I booked a ride at 4.20am and they accepted but even after 20 minutes past the appointment time he didn't come. I couldn't even contact him.,2,2025-11-19 04:42:07,English,Negative,0.9989,NEGATIVE,"driver behavior, rude driver, unsafe driving, driver no show, safety issues",0.6466148495674133,Driver Behavior & Safety,medium,206,zero-shot-bart-large-mnli,Manual Review Needed,manual_review_needed
Bidding is not available at the start of a search. Here in Weligama rates are too low and no one answers.,3,2025-11-18 21:06:33,English,Negative,0.9998,NEGATIVE,"customer support, refunds, complaint handling, unhelpful support",0.5120924711227417,Support & Refunds,medium,105,zero-shot-bart-large-mnli,Pricing & Bidding,keyword_rule
*Very bad* service.Don't use this app at all time.Specialy In rainny whether condition & some times normal whether condition drivers are didn't get our trip.,1,2025-11-18 16:12:23,English,Negative,0.9997,NEGATIVE,"driver behavior, rude driver, unsafe driving, driver no show, safety issues",0.4781633615493774,Driver Behavior & Safety,medium,157,zero-shot-bart-large-mnli,Driver Behavior & Safety,keyword_rule
"No support, riders are constantly begging for cash. Pick me doesnt work in the rain either. Trash. Everything made in Sri Lanka is either a scam or a rip off or simply doesn't work. Absolute garbage.",1,2025-11-17 20:08:53,English,Negative,0.9998,NEGATIVE,"customer support, refunds, complaint handling, unhelpful support",0.3557252883911133,Support & Refunds,low,199,zero-shot-bart-large-mnli,Manual Review Needed,manual_review_needed
Ponna app ekk update witri no hire pickups vehicles laga thibilath gana wadi wenkn innw,1,2025-11-17 16:52:32,English,Negative,0.9974,NEGATIVE,"driver behavior, rude driver, unsafe driving, driver no show, safety issues",0.2940434515476227,Driver Behavior & Safety,low,87,zero-shot-bart-large-mnli,App Bugs,keyword_rule
some auto drivers is texting me personally better hide the customer numbers to the drivers,2,2025-11-17 09:08:32,English,Negative,0.9996,NEGATIVE,"privacy, security, data, account safety",0.6854238510131836,Privacy & Security,high,90,zero-shot-bart-large-mnli,Privacy & Security,auto_high_confidence
"latest update is having number of issues. 1. after driver accepting the trip, the screen is still showing the loading UI. 2. Cancelling a trip is also having some troubles. 3. app suddenly crashes fix these issues immediately and give a proper and QA tested app.",2,2025-11-17 06:18:21,English,Negative,0.9977,NEGATIVE,"app bugs, crashes, slow app, technical issues, map, GPS, login, payment failure",0.7855786085128784,App Bugs,high,262,zero-shot-bart-large-mnli,App Bugs,auto_high_confidence
Don't take unexperienced drivers because last pickme drive that driver said he don't know about that ride route there fire I waste my time.,5,2025-11-15 18:50:40,English,Negative,0.9971,NEGATIVE,"driver behavior, rude driver, unsafe driving, driver no show, safety issues",0.9207978248596193,Driver Behavior & Safety,high,139,zero-shot-bart-large-mnli,Driver Behavior & Safety,auto_high_confidence
this app is veri help fool to me worak,5,2025-11-14 21:28:09,English,Negative,0.996,NEGATIVE,"privacy, security, data, account safety",0.3786525130271911,Privacy & Security,low,38,zero-shot-bart-large-mnli,Manual Review Needed,manual_review_needed
it's good but sometimes the drivers are asking more money or they cancelled the trip,3,2025-11-14 00:36:04,English,Negative,0.9951,NEGATIVE,"driver behavior, rude driver, unsafe driving, driver no show, safety issues",0.5223150849342346,Driver Behavior & Safety,medium,84,zero-shot-bart-large-mnli,Driver Behavior & Safety,keyword_rule
Alarming lack of support option for the customer and safety,2,2025-11-12 18:22:19,English,Negative,0.9998,NEGATIVE,"customer support, refunds, complaint handling, unhelpful support",0.4460100531578064,Support & Refunds,low,59,zero-shot-bart-large-mnli,Support & Refunds,keyword_rule
"helpful but sometimes rides are not near and drivers are scaming and playing by taking the ride said coming after 20 - 30 mins canselling it and then calls us and yells at us one time i blamed him so much that he suicide himself by crashing into a bus '""! LOL.it is a joke but sometimes pickme is so annoying 😅🫠🫠",2,2025-11-12 10:46:22,English,Negative,0.9982,NEGATIVE,"driver behavior, rude driver, unsafe driving, driver no show, safety issues",0.9331738352775574,Driver Behavior & Safety,high,312,zero-shot-bart-large-mnli,Driver Behavior & Safety,auto_high_confidence
While the travel they blocked the app now. I need an update. but I don't have enough space. I faced severe problem,1,2025-11-11 16:02:09,English,Negative,0.9995,NEGATIVE,"app bugs, crashes, slow app, technical issues, map, GPS, login, payment failure",0.2610997855663299,App Bugs,low,114,zero-shot-bart-large-mnli,App Bugs,keyword_rule
"App and featurewise, I'd say this is the go-to app for rides in Sri Lanka. However I must say that it's totally frustrating to find a driver sometimes. Some drivers accept and cacel them after some time. Some ask for more money, and still cancel the trip after acceping bid. Some demands over twice the trip's original estimation. 😂 So, App is great, but drivers are below the average 😅",3,2025-11-11 08:14:46,English,Negative,0.9934,NEGATIVE,"driver behavior, rude driver, unsafe driving, driver no show, safety issues",0.750540018081665,Driver Behavior & Safety,high,386,zero-shot-bart-large-mnli,Driver Behavior & Safety,auto_high_confidence
"worst traveling experience. You need to pay additionally like 150 rupees than other apps like uber or other apps. But still u travel the same location. Eventhough how much early you get ready, How much you pay more,This app doesn't care your time Riders cancel trips mostly when it's card payment . I would give 0 stars for this review if it is possible. I'm switching to uber asap. Don't use this app if you are looking for a budget friendly ride",1,2025-11-11 08:09:16,English,Negative,0.9992,NEGATIVE,"driver behavior, rude driver, unsafe driving, driver no show, safety issues",0.3745003342628479,Driver Behavior & Safety,low,447,zero-shot-bart-large-mnli,App Bugs,keyword_rule
"This app doesn't work when it rains :) it won't do the basic job it has to ? which is hailing us a ride ? you say there's general performance improvements in your updates, but the trip progress when you need to track the tuk honestly is lagging behind. the locations aren't getting updated. people send the trip details to track where the cab is and it's not getting updated ?",1,2025-11-11 07:57:51,English,Negative,0.999,NEGATIVE,"app bugs, crashes, slow app, technical issues, map, GPS, login, payment failure",0.8782090544700623,App Bugs,high,376,zero-shot-bart-large-mnli,App Bugs,auto_high_confidence
"sometimes, it shows the big rate for a little distance ,",1,2025-11-10 08:53:00,English,Negative,0.9617,NEGATIVE,"pricing, surge pricing, bidding, driver offers, high fares, expensive, discounts",0.6854504346847534,Pricing & Bidding,high,56,zero-shot-bart-large-mnli,Pricing & Bidding,auto_high_confidence
"everything using this app but, after the update its asking for a mobile number and app not working.",2,2025-11-09 07:56:47,English,Negative,0.9996,NEGATIVE,"app bugs, crashes, slow app, technical issues, map, GPS, login, payment failure",0.4010064899921417,App Bugs,low,99,zero-shot-bart-large-mnli,App Bugs,keyword_rule
very cheap driver.,1,2025-11-08 22:39:31,English,Negative,0.9997,NEGATIVE,"driver behavior, rude driver, unsafe driving, driver no show, safety issues",0.8476899862289429,Driver Behavior & Safety,high,18,zero-shot-bart-large-mnli,Driver Behavior & Safety,auto_high_confidence
I've been using the pickme app for many years now and since the app has been updated the pickme search bar is horrible both on food and market. I have tried your help and support but it hasn't been useful. because of your search bar doesn't support much i have really taken a disliking towards the app & now frequently I am using the uber app which is very convenient to search for whatever item I require & provides many options and dealers. very disappointed with pick me search bar.,2,2025-11-08 02:16:06,English,Negative,0.9997,NEGATIVE,"customer support, refunds, complaint handling, unhelpful support",0.3717897534370422,Support & Refunds,low,485,zero-shot-bart-large-mnli,Manual Review Needed,manual_review_needed
"Very Unsafe Experience—Lost Trust in PickMe I had a terrible experience with a PickMe driver.On my birthday night, after returning home from the beach,a driver called me around 11:30 p.m.and spoke in a sexually inappropriate way. I realized it was a PickMe driver because no one else knew about my trip. I blocked his number, but he later called me again from another one.This experience made me feel unsafe and lose all trust in PickMe.Hope the company takes serious action to protect passengers.",1,2025-11-07 16:18:13,English,Negative,0.9997,NEGATIVE,"driver behavior, rude driver, unsafe driving, driver no show, safety issues",0.9292259216308594,Driver Behavior & Safety,high,497,zero-shot-bart-large-mnli,Driver Behavior & Safety,auto_high_confidence
Can't even update it,1,2025-11-07 14:03:01,English,Negative,0.9994,NEGATIVE,"app bugs, crashes, slow app, technical issues, map, GPS, login, payment failure",0.3204725384712219,App Bugs,low,20,zero-shot-bart-large-mnli,App Bugs,keyword_rule
this app is very useful but at night time when we order food they are not picking so u should change that,2,2025-11-07 13:53:24,English,Negative,0.9958,NEGATIVE,"food delivery delays, late orders, missing items, wrong orders, cold food",0.5104684233665466,Delivery Issues,medium,105,zero-shot-bart-large-mnli,Delivery Issues,keyword_rule
"provide a way to cancel pick me food and market orders after they are accepted by seller , sometimes there's no riders available and the seller asks buyer to cancel and have to go through the whole process of cancelling via calling pick me customer support it's inefficient",2,2025-11-07 09:55:23,English,Negative,0.9994,NEGATIVE,"customer support, refunds, complaint handling, unhelpful support",0.2912298142910003,Support & Refunds,low,273,zero-shot-bart-large-mnli,Delivery Issues,keyword_rule
do not download this stupid app 😡,1,2025-11-07 08:44:38,English,Negative,0.9987,NEGATIVE,"driver behavior, rude driver, unsafe driving, driver no show, safety issues",0.2968630790710449,Driver Behavior & Safety,low,33,zero-shot-bart-large-mnli,Manual Review Needed,manual_review_needed
hi pickme your no.1 low budget company in srilanka but you don't selfish person because you know in srilankan three wheel parts price...? why doing like that..? the low budget how can maintained driver's. poor people not going in pickme. all rich people going please increased to price if not driver's now choice to new apps available in srilanka and your apps no.1 hanging 😔😔😔😔,5,2025-11-06 19:59:53,English,Negative,0.8268,NEGATIVE,"driver behavior, rude driver, unsafe driving, driver no show, safety issues",0.7023776769638062,Driver Behavior & Safety,high,378,zero-shot-bart-large-mnli,Driver Behavior & Safety,auto_high_confidence
"The customer service is completely useless. The ride I took met with an accident, and up to now, no compensation has been paid in any way. When I call to ask about it, they don’t respond or take any action at all. Useless company 😡",1,2025-11-05 17:35:51,English,Negative,0.9998,NEGATIVE,"customer support, refunds, complaint handling, unhelpful support",0.6504881381988525,Support & Refunds,high,231,zero-shot-bart-large-mnli,Support & Refunds,auto_high_confidence
Cant download the app to Huawei 7c ... due to google restrictions ages ago..bt still the app is nt downloading.......,1,2025-11-05 12:51:39,English,Negative,0.9878,NEGATIVE,"app bugs, crashes, slow app, technical issues, map, GPS, login, payment failure",0.4452868700027466,App Bugs,low,117,zero-shot-bart-large-mnli,Manual Review Needed,manual_review_needed
treble programming ui ux sucks orders are never on time and the app is poorly programmed,1,2025-11-04 15:43:46,English,Negative,0.9998,NEGATIVE,"food delivery delays, late orders, missing items, wrong orders, cold food",0.3990525603294372,Delivery Issues,low,88,zero-shot-bart-large-mnli,Delivery Issues,keyword_rule
Ammata uhkpan tmdia,1,2025-11-03 21:53:37,English,Negative,0.985,NEGATIVE,"driver behavior, rude driver, unsafe driving, driver no show, safety issues",0.4001123607158661,Driver Behavior & Safety,low,19,zero-shot-bart-large-mnli,Exclude / Too Generic,generic_filter
"For my 2 weeks in Sri Lanka PickMe was often troublesome. Drivers never accepting. Drivers accepting then never showing up. Drivers cancelling. Drivers accepting, then calling to discuss something; but language barrier made it impossible to figure out what they needed (nobody's fault for that - but why do they keep calling me?). Except for having to deal with the cash just hailing a taxi on the street is easier.",2,2025-11-02 18:07:42,English,Negative,0.9993,NEGATIVE,"driver behavior, rude driver, unsafe driving, driver no show, safety issues",0.6526699662208557,Driver Behavior & Safety,high,415,zero-shot-bart-large-mnli,Driver Behavior & Safety,auto_high_confidence
App was fine before the biding system. Drivers don't accept the rides unless we accept their bids. I always tip a bit extra if it's a long ride anyways. The driver should not be able to bid (demand) Rs. 100 extra for a 2km ride. At this point just go in a normal tuk.,1,2025-11-02 10:59:25,English,Negative,0.9964,NEGATIVE,"pricing, surge pricing, bidding, driver offers, high fares, expensive, discounts",0.6458328366279602,Pricing & Bidding,medium,267,zero-shot-bart-large-mnli,Driver Behavior & Safety,keyword_rule
poor service and the drivers are not punctual at all.,1,2025-11-02 10:38:53,English,Negative,0.9995,NEGATIVE,"driver behavior, rude driver, unsafe driving, driver no show, safety issues",0.7786030173301697,Driver Behavior & Safety,high,53,zero-shot-bart-large-mnli,Driver Behavior & Safety,auto_high_confidence
please wait loading...... long days reset and uninstall and reinstalled no working,1,2025-11-01 17:33:33,English,Negative,0.9993,NEGATIVE,"customer support, refunds, complaint handling, unhelpful support",0.3649452328681946,Support & Refunds,low,82,zero-shot-bart-large-mnli,Manual Review Needed,manual_review_needed
"most worst taxi service in sri lanka, the driver's are careless they don't care about us and no place to inform ....last night the drive I got was vvvery rude ...",1,2025-10-31 19:31:18,English,Negative,0.9998,NEGATIVE,"driver behavior, rude driver, unsafe driving, driver no show, safety issues",0.9815462231636048,Driver Behavior & Safety,high,162,zero-shot-bart-large-mnli,Driver Behavior & Safety,auto_high_confidence
Terrible service. Sometimes charges unfairly. Disrepectful drivers. Vehicles are damaged and unsafe.,1,2025-10-31 13:48:42,English,Negative,0.9997,NEGATIVE,"driver behavior, rude driver, unsafe driving, driver no show, safety issues",0.9102628827095032,Driver Behavior & Safety,high,100,zero-shot-bart-large-mnli,Driver Behavior & Safety,auto_high_confidence
Once a driver scolded me infront of everyone with filthy words without any issues from my end. And I contacted Pickme and informed the scenario. They havan't done anything regarding the matter and kept lying. 01. I called to ask about the issue : they mentioned its still progressing 02. another day I called : they said it tickets are still in progress 03. another call mentioned issue is done 04. i took another call and said its still in progress 🤣 they kept lying for weeks without any actions,1,2025-10-31 13:15:26,English,Negative,0.9955,NEGATIVE,"driver behavior, rude driver, unsafe driving, driver no show, safety issues",0.7780624628067017,Driver Behavior & Safety,high,497,zero-shot-bart-large-mnli,Driver Behavior & Safety,auto_high_confidence
this stupid app allows drivers to do whatever they want. they don't accept when the rate is low. don't use this app,1,2025-10-31 07:23:57,English,Negative,0.9994,NEGATIVE,"driver behavior, rude driver, unsafe driving, driver no show, safety issues",0.3223862946033478,Driver Behavior & Safety,low,115,zero-shot-bart-large-mnli,Manual Review Needed,manual_review_needed
"I can't download the Driver App 😢 ""This app is not available in your country"" but I have set all in Sri Lanka",1,2025-10-31 06:25:11,English,Negative,0.9634,NEGATIVE,"app bugs, crashes, slow app, technical issues, map, GPS, login, payment failure",0.3108012974262237,App Bugs,low,109,zero-shot-bart-large-mnli,Driver Behavior & Safety,keyword_rule
Bad experience with inefficient food delivery more than one hour waiting somone to pick and Long waiting time to pikme transport,1,2025-10-30 20:25:01,English,Negative,0.9996,NEGATIVE,"food delivery delays, late orders, missing items, wrong orders, cold food",0.8187529444694519,Delivery Issues,high,128,zero-shot-bart-large-mnli,Delivery Issues,auto_high_confidence
Didn't work for me. Couldn't even open the damn app and it's constantly loading and nothing else. Completely useless.,1,2025-10-30 00:43:24,English,Negative,0.9998,NEGATIVE,"customer support, refunds, complaint handling, unhelpful support",0.3247268199920654,Support & Refunds,low,117,zero-shot-bart-large-mnli,Manual Review Needed,manual_review_needed
I always have problems with pick up location,5,2025-10-27 06:43:47,English,Negative,0.9977,NEGATIVE,"driver behavior, rude driver, unsafe driving, driver no show, safety issues",0.298384815454483,Driver Behavior & Safety,low,44,zero-shot-bart-large-mnli,App Bugs,keyword_rule
after update also not fix the issues validation error,1,2025-10-25 12:29:44,English,Negative,0.9988,NEGATIVE,"customer support, refunds, complaint handling, unhelpful support",0.2888550460338592,Support & Refunds,low,53,zero-shot-bart-large-mnli,App Bugs,keyword_rule
very bad app. don't deliver on time. very bad customer service.,1,2025-10-25 10:05:21,English,Negative,0.9998,NEGATIVE,"food delivery delays, late orders, missing items, wrong orders, cold food",0.3006676435470581,Delivery Issues,low,63,zero-shot-bart-large-mnli,Manual Review Needed,manual_review_needed
"The bidding system is one of the WORST features ever to be implemented on this app, enough to ruin my whole in-app experience. For a simple 4km journey cost LKR 420, I was getting +250 to +750LKR markup offers for Minis from drivers 3-5mins away which is unacceptable.",1,2025-10-25 07:43:32,English,Negative,0.9998,NEGATIVE,"pricing, surge pricing, bidding, driver offers, high fares, expensive, discounts",0.905497431755066,Pricing & Bidding,high,268,zero-shot-bart-large-mnli,Pricing & Bidding,auto_high_confidence
"A very poor app. It's not like they are posting pick me to go from Dehiwala to Colombo, they are setting up rides.. They showed 5/6 three-wheelers on the map. No matter how much we paid, they are going...why can't they set up. A very poor app. Uber is better than pick me",5,2025-10-25 05:37:52,English,Negative,0.9997,NEGATIVE,"app bugs, crashes, slow app, technical issues, map, GPS, login, payment failure",0.3376697599887848,App Bugs,low,271,zero-shot-bart-large-mnli,App Bugs,keyword_rule
this is very bad app,1,2025-10-24 20:30:56,English,Negative,0.9998,NEGATIVE,"app bugs, crashes, slow app, technical issues, map, GPS, login, payment failure",0.2924466133117676,App Bugs,low,20,zero-shot-bart-large-mnli,Exclude / Too Generic,generic_filter
"placed a food order over two and a half hours ago, but it still hasn’t been delivered. The restaurant confirmed that the food is ready, but the delivery partner has not come to pick it up. I have tried contacting PickMe support through calls and the emergency helpline several times, but I haven’t received any response. This delay and lack of communication are very disappointing and frustrating. Please look into this issue urgently and let me know what happened with my order",1,2025-10-24 18:44:56,English,Negative,0.9988,NEGATIVE,"food delivery delays, late orders, missing items, wrong orders, cold food",0.5289709568023682,Delivery Issues,medium,478,zero-shot-bart-large-mnli,Delivery Issues,keyword_rule
Please remove all ads..!,4,2025-10-24 08:56:46,English,Negative,0.9994,NEGATIVE,"privacy, security, data, account safety",0.5141929388046265,Privacy & Security,medium,24,zero-shot-bart-large-mnli,Exclude / Too Generic,generic_filter
bidding system is unfair . less and less drivers aswell,1,2025-10-23 15:47:42,English,Negative,0.9996,NEGATIVE,"pricing, surge pricing, bidding, driver offers, high fares, expensive, discounts",0.4790175557136535,Pricing & Bidding,medium,55,zero-shot-bart-large-mnli,Manual Review Needed,manual_review_needed
"very bad customer service . I had an issue with that driver when I reached to the hotline .The ticket was closed without even talking or proper inquiry about the incident . also tried calling their hotline ,that isn't working either .really frustrated about it .",1,2025-10-23 11:27:31,English,Negative,0.9998,NEGATIVE,"driver behavior, rude driver, unsafe driving, driver no show, safety issues",0.7261277437210083,Driver Behavior & Safety,high,262,zero-shot-bart-large-mnli,Driver Behavior & Safety,auto_high_confidence
worst app ever. No support when it comes to specially food delivery services. Drivers are so arrogant and don't deliver on time.,1,2025-10-22 23:22:22,English,Negative,0.9998,NEGATIVE,"driver behavior, rude driver, unsafe driving, driver no show, safety issues",0.6657382845878601,Driver Behavior & Safety,high,128,zero-shot-bart-large-mnli,Driver Behavior & Safety,auto_high_confidence
Try to update mobile number in my account but app crashed Please fix that issue. Gives 4 star service was amazing and easy for busy lifestyle But later bookings was not perfect and cannot find sometime vehicle I already faced that issue ones,4,2025-10-22 16:04:40,English,Negative,0.9978,NEGATIVE,"app bugs, crashes, slow app, technical issues, map, GPS, login, payment failure",0.4845979511737823,App Bugs,medium,241,zero-shot-bart-large-mnli,App Bugs,keyword_rule
Absolutely dislike the 'bidding' feature. It makes it difficult to find a taxi at a fair price.,2,2025-10-22 10:31:48,English,Negative,0.9996,NEGATIVE,"pricing, surge pricing, bidding, driver offers, high fares, expensive, discounts",0.6971489191055298,Pricing & Bidding,high,95,zero-shot-bart-large-mnli,Pricing & Bidding,auto_high_confidence
"oops ,poor service",1,2025-10-22 08:52:03,English,Negative,0.9998,NEGATIVE,"customer support, refunds, complaint handling, unhelpful support",0.4578960537910461,Support & Refunds,medium,18,zero-shot-bart-large-mnli,Exclude / Too Generic,generic_filter
"Even though it's a rainy day today, riders are canceling bookings. I don't want to give a good review for such bad service. Disapointed. I will be uninstall this app",1,2025-10-21 18:05:05,English,Negative,0.9993,NEGATIVE,"customer support, refunds, complaint handling, unhelpful support",0.3938043713569641,Support & Refunds,low,165,zero-shot-bart-large-mnli,Manual Review Needed,manual_review_needed
"worst app ever,cannot find a ride even in an urgent situation",1,2025-10-21 06:55:28,English,Negative,0.9997,NEGATIVE,"app bugs, crashes, slow app, technical issues, map, GPS, login, payment failure",0.6230790019035339,App Bugs,medium,61,zero-shot-bart-large-mnli,Manual Review Needed,manual_review_needed
very bad useless app😡🤬🤬,1,2025-10-20 22:09:56,English,Negative,0.9998,NEGATIVE,"app bugs, crashes, slow app, technical issues, map, GPS, login, payment failure",0.3424569964408874,App Bugs,low,23,zero-shot-bart-large-mnli,Exclude / Too Generic,generic_filter
Very poor app and service. The app rarely works and constantly struggles to load. I eventally pre booked cars 24 hours in advance but was phoned from Pickme to say that only a small car was available and was a long way away so they would charge me extra to get the car to me. Also the car would not be on time. Waste of time.,1,2025-10-20 20:10:50,English,Negative,0.9998,NEGATIVE,"app bugs, crashes, slow app, technical issues, map, GPS, login, payment failure",0.4387077093124389,App Bugs,low,325,zero-shot-bart-large-mnli,Pricing & Bidding,keyword_rule
my phone not sport your update,1,2025-10-20 14:00:18,English,Negative,0.9871,NEGATIVE,"privacy, security, data, account safety",0.4160893559455871,Privacy & Security,low,30,zero-shot-bart-large-mnli,App Bugs,keyword_rule
useless application..just only small rain no vehicle to find 🤦,1,2025-10-19 19:29:04,English,Negative,0.9996,NEGATIVE,"customer support, refunds, complaint handling, unhelpful support",0.4094739854335785,Support & Refunds,low,62,zero-shot-bart-large-mnli,Manual Review Needed,manual_review_needed
useless app can't find a driver on time,1,2025-10-19 15:05:04,English,Negative,0.9998,NEGATIVE,"app bugs, crashes, slow app, technical issues, map, GPS, login, payment failure",0.3559414744377136,App Bugs,low,39,zero-shot-bart-large-mnli,Driver Behavior & Safety,keyword_rule
"The response by your partner outlet to accept and confirm the order is ready took over 30 mins. They have also cheated by including a handling fee after the order is confirmed, which is added to the bill later. No other outlet does so. Keells should make this charge known upfront without hiding it so that customers can decide if they wish to buy from Keells.",3,2025-10-19 14:30:00,English,Negative,0.9958,NEGATIVE,"food delivery delays, late orders, missing items, wrong orders, cold food",0.2564336955547333,Delivery Issues,low,360,zero-shot-bart-large-mnli,Manual Review Needed,manual_review_needed
worst customer care service i put a complaint on 5th of September and i had to talk back 10 more times still not an answer for the complaint,1,2025-10-19 12:11:59,English,Negative,0.9998,NEGATIVE,"customer support, refunds, complaint handling, unhelpful support",0.8565859198570251,Support & Refunds,high,140,zero-shot-bart-large-mnli,Support & Refunds,auto_high_confidence
me app eka Hoday eth Meka Jara app ekak karanne wada karana minissu hoyala balala e wage minissu Ayn kala nam hoday,1,2025-10-19 06:58:12,English,Negative,0.9947,NEGATIVE,"privacy, security, data, account safety",0.3340402245521545,Privacy & Security,low,115,zero-shot-bart-large-mnli,Manual Review Needed,manual_review_needed
"I genuinely wanted to support a Sri Lankan brand and have been using PickMe for quite some time. But honestly, the app has become unreliable. I was double charged for a ride because of a ‘bid’ I never selected, and this isn’t the first time the app has acted glitchy. It’s frustrating when a service you trust turns into a hassle. Please fix the system and app stability — this experience was the final straw for me. I’ve decided to stop using PickMe until things improve, which I dont know when",1,2025-10-18 23:38:10,English,Negative,0.9985,NEGATIVE,"app bugs, crashes, slow app, technical issues, map, GPS, login, payment failure",0.7488484382629395,App Bugs,high,495,zero-shot-bart-large-mnli,App Bugs,auto_high_confidence
Pick me is real failing to meet its customers' needs. You can't get a ride even if someone is dying. Really disappointing. I won't recommend pick me to anyone. I wouldn't give it any stars if it is possible.,1,2025-10-17 18:08:13,English,Negative,0.9997,NEGATIVE,"driver behavior, rude driver, unsafe driving, driver no show, safety issues",0.3037965893745422,Driver Behavior & Safety,low,207,zero-shot-bart-large-mnli,Manual Review Needed,manual_review_needed
"so many drivers nearby yet none of them are taking the ride when it is needed. what is the point in becoming a rider if they don't take the ride , pick me needs to increase the standards if not people will cease to use the app",1,2025-10-17 17:56:15,English,Negative,0.9984,NEGATIVE,"driver behavior, rude driver, unsafe driving, driver no show, safety issues",0.6348028182983398,Driver Behavior & Safety,medium,226,zero-shot-bart-large-mnli,Driver Behavior & Safety,keyword_rule
fake app driver fraud order not rcvd and completed by driver after 2 days I'm editing this review that still not received my refund pickme agent said you will get your refund within 24 hours,1,2025-10-17 17:35:53,English,Negative,0.9985,NEGATIVE,"driver behavior, rude driver, unsafe driving, driver no show, safety issues",0.4505959749221802,Driver Behavior & Safety,medium,190,zero-shot-bart-large-mnli,Manual Review Needed,manual_review_needed
"watch your stuff with this guy, not trust worthy. unlike most pickme drivers in my experience have been super.",1,2025-10-17 06:14:32,English,Negative,0.9959,NEGATIVE,"driver behavior, rude driver, unsafe driving, driver no show, safety issues",0.665209174156189,Driver Behavior & Safety,high,110,zero-shot-bart-large-mnli,Driver Behavior & Safety,auto_high_confidence
Not working for gbox app,1,2025-10-16 02:32:19,English,Negative,0.9993,NEGATIVE,"app bugs, crashes, slow app, technical issues, map, GPS, login, payment failure",0.378605455160141,App Bugs,low,24,zero-shot-bart-large-mnli,App Bugs,keyword_rule
Too slow.. For the ride I was waiting long times..,1,2025-10-16 02:03:02,English,Negative,0.9989,NEGATIVE,"driver behavior, rude driver, unsafe driving, driver no show, safety issues",0.5716685652732849,Driver Behavior & Safety,medium,50,zero-shot-bart-large-mnli,Manual Review Needed,manual_review_needed
"PickMe drivers seriously need better training —most of them have no manners and aren't professional, making passengers feel unsafe during rides. The pickup location is almost never accurate. On top of that, many drivers don’t seem to know or use shorter routes; instead, they deliberately take longer ones just to increase the fare, even when no stops are made. It feels like a scam because you end up paying more than the amount shown initially. In short, Uber is better. Doesn't deserve any stars.",1,2025-10-15 17:45:44,English,Negative,0.9997,NEGATIVE,"driver behavior, rude driver, unsafe driving, driver no show, safety issues",0.9775707721710204,Driver Behavior & Safety,high,499,zero-shot-bart-large-mnli,Driver Behavior & Safety,auto_high_confidence
"Very hard to get any vehicle at times, even during non peak hours. Uber is way better and easier. Some nonsense new bidding system for drivers to keep asking for more money ruins this app even more. The self pick up (pickme food) section needs major fixes. Deleting this app. Absolutely no use to me anymore.",2,2025-10-13 12:06:52,English,Negative,0.9998,NEGATIVE,"driver behavior, rude driver, unsafe driving, driver no show, safety issues",0.3140155971050262,Driver Behavior & Safety,low,308,zero-shot-bart-large-mnli,Manual Review Needed,manual_review_needed
worst app dont download this app,1,2025-10-10 21:26:13,English,Negative,0.9998,NEGATIVE,"app bugs, crashes, slow app, technical issues, map, GPS, login, payment failure",0.3302091956138611,App Bugs,low,32,zero-shot-bart-large-mnli,Manual Review Needed,manual_review_needed
Meya minissunta baninawa. ktha kranna dan ne.,1,2025-10-10 13:19:05,English,Negative,0.9874,NEGATIVE,"driver behavior, rude driver, unsafe driving, driver no show, safety issues",0.3056998252868652,Driver Behavior & Safety,low,45,zero-shot-bart-large-mnli,Manual Review Needed,manual_review_needed
"I didn’t receive my refund. I didn’t get the food, and the rider didn’t pick it up but marked the order as completed on the app. No one has resolved this issue, and my complaint was closed even though it’s not yet resolved. Please look into this matter.",1,2025-10-08 19:30:37,English,Negative,0.9944,NEGATIVE,"customer support, refunds, complaint handling, unhelpful support",0.6171992421150208,Support & Refunds,medium,253,zero-shot-bart-large-mnli,Manual Review Needed,manual_review_needed
no use of this new version app not supporting to my android phone any more im not using pick me now I have informed to the pick me Customer support service one of the agent spoke to me she has no any idea about this new version,1,2025-10-07 18:02:07,English,Negative,0.9993,NEGATIVE,"privacy, security, data, account safety",0.3161517679691314,Privacy & Security,low,227,zero-shot-bart-large-mnli,Support & Refunds,keyword_rule
been scammed twice with food nor being delivered,1,2025-10-06 16:18:04,English,Negative,0.9996,NEGATIVE,"food delivery delays, late orders, missing items, wrong orders, cold food",0.84861820936203,Delivery Issues,high,48,zero-shot-bart-large-mnli,Delivery Issues,auto_high_confidence
want to android 7,1,2025-10-05 20:25:35,English,Negative,0.8347,NEGATIVE,"privacy, security, data, account safety",0.2786629199981689,Privacy & Security,low,17,zero-shot-bart-large-mnli,Exclude / Too Generic,generic_filter
"Very worst customer service! I reported an issue, and no one even bothered to respond or check the chat properly. You people just ignore it like it's nothing! And the funniest part? Your company rating itself is below average — that says everything! Still, we trusted your service. That’s our biggest mistake. Totally disappointing and unprofessional!",1,2025-10-05 19:38:13,English,Negative,0.9998,NEGATIVE,"customer support, refunds, complaint handling, unhelpful support",0.7052723169326782,Support & Refunds,high,351,zero-shot-bart-large-mnli,Support & Refunds,auto_high_confidence
"Almost good. But i cant activate pick me pass, there is an error...",2,2025-10-05 14:59:32,English,Negative,0.9985,NEGATIVE,"privacy, security, data, account safety",0.3618637323379516,Privacy & Security,low,67,zero-shot-bart-large-mnli,App Bugs,keyword_rule
When I order it mostly takes half an hour and sometimes it charges too much 🙃,1,2025-10-04 18:51:19,English,Negative,0.9994,NEGATIVE,"privacy, security, data, account safety",0.2379885613918304,Privacy & Security,low,77,zero-shot-bart-large-mnli,Delivery Issues,keyword_rule
I was prompted to update the PickMe app in my phone and I tried to download the updated app and still I'm without the app obtain your service,1,2025-10-04 13:15:00,English,Negative,0.9995,NEGATIVE,"customer support, refunds, complaint handling, unhelpful support",0.3759130239486694,Support & Refunds,low,141,zero-shot-bart-large-mnli,App Bugs,keyword_rule
Useless spam notifications. Late night fee despite being a premium member. Exorbitant price hikes during rush hour. App lags in older phone models which is a problem for almost all tuk drivers and gives the longest possible route in certain journeys. my daily commute to work and back is ALWAYS a longer route despite multiple other shorter routes being available. Services provided are good and seems like top brass has a good strategy but technical and user marketing sense is trash.,1,2025-10-03 23:29:53,English,Negative,0.9992,NEGATIVE,"app bugs, crashes, slow app, technical issues, map, GPS, login, payment failure",0.4805050194263458,App Bugs,medium,485,zero-shot-bart-large-mnli,Manual Review Needed,manual_review_needed
"drivers not confirming the ride, but shows lot of riders in the map, this happens lot of time, very time wasting, and sometimes when book a rider, coming an other vehicle with a different number plate... not only that there are so many problems, some drivers add a bill before they pick us, so the price becomes increase more than shows on the bill after finish the ride",1,2025-10-03 23:14:31,English,Negative,0.9856,NEGATIVE,"driver behavior, rude driver, unsafe driving, driver no show, safety issues",0.7457550168037415,Driver Behavior & Safety,high,370,zero-shot-bart-large-mnli,Driver Behavior & Safety,auto_high_confidence
they put big marketing their ickme drivers accept card payments. total lies . they always cancel the ride when it comes to card payments,1,2025-10-03 18:14:11,English,Negative,0.9997,NEGATIVE,"driver behavior, rude driver, unsafe driving, driver no show, safety issues",0.5389231443405151,Driver Behavior & Safety,medium,136,zero-shot-bart-large-mnli,Manual Review Needed,manual_review_needed
Pickme needs to fix the drivers rules because the drivers most of the time don't accept the ride even if there are drivers nearby. When we urgently need to go somewhere its very hard cause no drivers takes the ride if it's below 400. So please pickme get that fixed with your drivers,1,2025-10-03 08:45:11,English,Negative,0.9991,NEGATIVE,"driver behavior, rude driver, unsafe driving, driver no show, safety issues",0.7086954116821289,Driver Behavior & Safety,high,283,zero-shot-bart-large-mnli,Driver Behavior & Safety,auto_high_confidence
Absolutely terrible with assigning drivers when they have an issue even though both the restaurant and I (the client) addressed the issue on call 4 times,1,2025-10-02 15:03:08,English,Negative,0.9992,NEGATIVE,"customer support, refunds, complaint handling, unhelpful support",0.8001492619514465,Support & Refunds,high,153,zero-shot-bart-large-mnli,Support & Refunds,auto_high_confidence
"awful experience. ordered dinner. canceled after waiting 30 mins. tried ordering again and the same thing happened after 30 minutes, even though the order said it was ready for pickup by the driver. no explanation. now almost no place is open because it's too late. what's the point of this?",1,2025-10-01 22:06:30,English,Negative,0.9998,NEGATIVE,"driver behavior, rude driver, unsafe driving, driver no show, safety issues",0.5370420217514038,Driver Behavior & Safety,medium,291,zero-shot-bart-large-mnli,Delivery Issues,keyword_rule
very slow in app now before good,2,2025-10-01 16:23:34,English,Negative,0.9992,NEGATIVE,"driver behavior, rude driver, unsafe driving, driver no show, safety issues",0.4033728539943695,Driver Behavior & Safety,low,32,zero-shot-bart-large-mnli,Manual Review Needed,manual_review_needed
i have gold member and daily use the app for go to office and home - price show 220LKR and when end the trip show price 400LKR.,1,2025-09-30 18:02:16,English,Negative,0.932,NEGATIVE,"pricing, surge pricing, bidding, driver offers, high fares, expensive, discounts",0.5119950771331787,Pricing & Bidding,medium,127,zero-shot-bart-large-mnli,Pricing & Bidding,keyword_rule
I can't download it,1,2025-09-30 13:24:09,English,Negative,0.9943,NEGATIVE,"privacy, security, data, account safety",0.3412635624408722,Privacy & Security,low,19,zero-shot-bart-large-mnli,Exclude / Too Generic,generic_filter
"Absolutely no privacy in this app. Phone numbers are visible to drivers, and many of them keep calling and harassing customers even after the ride especially unsafe for female passengers. Drivers can register without proper checks, which makes it worse. PickMe Food is just as bad. There’s no proper refund system if an order is delayed or wrong, they just call and bargain instead of giving a fair solution. Even when the delay is on their side, nothing happens because all they care about is takin",1,2025-09-30 10:03:56,English,Negative,0.9998,NEGATIVE,"customer support, refunds, complaint handling, unhelpful support",0.5391152501106262,Support & Refunds,medium,499,zero-shot-bart-large-mnli,Delivery Issues,keyword_rule
there drivers are didn't pay correctly.when the charge is 192 rupees and when we gave 200 The rest of the money will not be given by them.,1,2025-09-29 18:43:47,English,Negative,0.9995,NEGATIVE,"driver behavior, rude driver, unsafe driving, driver no show, safety issues",0.3740149438381195,Driver Behavior & Safety,low,138,zero-shot-bart-large-mnli,Manual Review Needed,manual_review_needed
I had a really good experience with PickMe so far but recently i had a problem with food that i ordered and which was never delivered and the order was cancelled. I got an sms saying the funds would be refunded but so far it hasn't been refunded. My main Problem is that i dont feel like calling the hotline so i just wish they find a way to allow us to report problems like this in-app and that's a problem because the cancelled food order isnt even appearing even though i paid for it.,2,2025-09-28 19:19:23,English,Negative,0.9997,NEGATIVE,"customer support, refunds, complaint handling, unhelpful support",0.531891942024231,Support & Refunds,medium,487,zero-shot-bart-large-mnli,Delivery Issues,keyword_rule
The driver gets really mad when we cancel a trip 😡.,1,2025-09-28 15:48:21,English,Negative,0.9989,NEGATIVE,"driver behavior, rude driver, unsafe driving, driver no show, safety issues",0.7932032346725464,Driver Behavior & Safety,high,51,zero-shot-bart-large-mnli,Driver Behavior & Safety,auto_high_confidence
Update eka enne naaa,1,2025-09-28 14:14:57,English,Negative,0.9684,NEGATIVE,"driver behavior, rude driver, unsafe driving, driver no show, safety issues",0.3137082457542419,Driver Behavior & Safety,low,20,zero-shot-bart-large-mnli,App Bugs,keyword_rule
no tuks. despite being a platinum user i cant get a tuk at all. useless waste of space on my phone,1,2025-09-27 19:06:57,English,Negative,0.9998,NEGATIVE,"customer support, refunds, complaint handling, unhelpful support",0.3093469142913818,Support & Refunds,low,98,zero-shot-bart-large-mnli,Manual Review Needed,manual_review_needed
"PickMe is now charging extra hidden costs. If the driver is coming from more than 3 km away, they add that distance to the customer’s bill as “surge,” without informing clearly. Customers only see it after the ride, which feels unfair and misleading. Transparency is very important—please be honest with your charges.",1,2025-09-26 19:38:37,English,Negative,0.8618,NEGATIVE,"pricing, surge pricing, bidding, driver offers, high fares, expensive, discounts",0.582374095916748,Pricing & Bidding,medium,317,zero-shot-bart-large-mnli,Pricing & Bidding,keyword_rule
the loyalty programme is totally fake,1,2025-09-26 13:57:02,English,Negative,0.9998,NEGATIVE,"customer support, refunds, complaint handling, unhelpful support",0.3214365839958191,Support & Refunds,low,37,zero-shot-bart-large-mnli,Manual Review Needed,manual_review_needed
"I don't understand how this is calculated, because I have to pay one amount when I get home from work in the evening and another amount in the morning. Because the road is narrower in the evening? There's no way the journey will be longer in the morning.",1,2025-09-26 08:46:58,English,Negative,0.9988,NEGATIVE,"privacy, security, data, account safety",0.2668990194797516,Privacy & Security,low,254,zero-shot-bart-large-mnli,Manual Review Needed,manual_review_needed
Most useless app in Sri Lanka! Everyday drivers going round and round saying map is not working. Why keep a share button if you are unable to share trip details? This app is totally a waste of time!,1,2025-09-26 02:27:24,English,Negative,0.9998,NEGATIVE,"app bugs, crashes, slow app, technical issues, map, GPS, login, payment failure",0.5972321033477783,App Bugs,medium,198,zero-shot-bart-large-mnli,App Bugs,keyword_rule
"Disappointed experience with PickMe! They over charged me without any prior notice, that was completely unfair. The service was not worth for the additional cost. They should improve their pricing transparency in future. Never ride with pickme again until they improve their transparency They shows very high fare after a ride than estimated fare",1,2025-09-25 01:20:23,English,Negative,0.9996,NEGATIVE,"pricing, surge pricing, bidding, driver offers, high fares, expensive, discounts",0.6831687688827515,Pricing & Bidding,high,346,zero-shot-bart-large-mnli,Pricing & Bidding,auto_high_confidence
courier option is not working anymore,1,2025-09-23 19:50:03,English,Negative,0.9991,NEGATIVE,"customer support, refunds, complaint handling, unhelpful support",0.2668197453022003,Support & Refunds,low,37,zero-shot-bart-large-mnli,App Bugs,keyword_rule
bad nod good wery bad,1,2025-09-22 22:49:45,English,Negative,0.9813,NEGATIVE,"driver behavior, rude driver, unsafe driving, driver no show, safety issues",0.2448489516973495,Driver Behavior & Safety,low,21,zero-shot-bart-large-mnli,Exclude / Too Generic,generic_filter
I ordered a Biriyani from Kurtosh Pita Kotte. They sent me only the Rice and the piece of Chicken. Accompaniments that should have come with the rice didn't come. There was not even gravy. Very bad service.,1,2025-09-22 15:28:00,English,Negative,0.9986,NEGATIVE,"food delivery delays, late orders, missing items, wrong orders, cold food",0.6982652544975281,Delivery Issues,high,206,zero-shot-bart-large-mnli,Delivery Issues,auto_high_confidence
wrost First thing they ask when we book a ride cash or card . If we say card booking is cancled 😂 Worst navigation as well. sometimes driver confirm over ride and go other hires wasting over time.,1,2025-09-22 07:33:56,English,Negative,0.9996,NEGATIVE,"driver behavior, rude driver, unsafe driving, driver no show, safety issues",0.5939249396324158,Driver Behavior & Safety,medium,196,zero-shot-bart-large-mnli,Manual Review Needed,manual_review_needed
Uber better to is good app pick me very very bad guys 😠😠😠😠😠😠,1,2025-09-22 02:16:47,English,Negative,0.9971,NEGATIVE,"driver behavior, rude driver, unsafe driving, driver no show, safety issues",0.3747908473014831,Driver Behavior & Safety,low,60,zero-shot-bart-large-mnli,Manual Review Needed,manual_review_needed
"i didnt receive my food order even tho i paid for it . there was no driver assigned to me so i cant even do nothing , theres no order in my activity list . hope the they see this and fix there wromg doing to me",1,2025-09-21 23:19:34,English,Negative,0.9989,NEGATIVE,"driver behavior, rude driver, unsafe driving, driver no show, safety issues",0.6223224401473999,Driver Behavior & Safety,medium,210,zero-shot-bart-large-mnli,Delivery Issues,keyword_rule
"Worst app period. Book a ride and the rider says he's 3km away. But in the app it shows 100 m. Neither of us can cancel the trip too. Fix your bugs pickme, pathetic.",1,2025-09-21 13:03:54,English,Negative,0.9992,NEGATIVE,"app bugs, crashes, slow app, technical issues, map, GPS, login, payment failure",0.5820130109786987,App Bugs,medium,165,zero-shot-bart-large-mnli,App Bugs,keyword_rule
very bad app for riders,1,2025-09-20 13:30:07,English,Negative,0.9998,NEGATIVE,"app bugs, crashes, slow app, technical issues, map, GPS, login, payment failure",0.3724496364593506,App Bugs,low,23,zero-shot-bart-large-mnli,Exclude / Too Generic,generic_filter
Pickme is charging Rs.100 late night fee. Uber doesn't do that. Time to switch until Pickme removes this. We will pay our tips to the driver for late night deliveries. Not a cent for you guys because you're virtual machines that run your web app doesn't get sleep deprivation.,1,2025-09-19 23:11:43,English,Negative,0.9925,NEGATIVE,"privacy, security, data, account safety",0.2829118967056274,Privacy & Security,low,276,zero-shot-bart-large-mnli,Manual Review Needed,manual_review_needed
verh bad app no drivers for an emergency very bad no drivers in the app at all close the app,1,2025-09-19 20:27:48,English,Negative,0.9988,NEGATIVE,"driver behavior, rude driver, unsafe driving, driver no show, safety issues",0.6867339611053467,Driver Behavior & Safety,high,92,zero-shot-bart-large-mnli,Driver Behavior & Safety,auto_high_confidence
please check location sharing not functioning,2,2025-09-19 14:34:59,English,Negative,0.9997,NEGATIVE,"privacy, security, data, account safety",0.6886619925498962,Privacy & Security,high,45,zero-shot-bart-large-mnli,Privacy & Security,auto_high_confidence
They are the worst. Not taking our transports.,1,2025-09-19 07:05:43,English,Negative,0.9998,NEGATIVE,"driver behavior, rude driver, unsafe driving, driver no show, safety issues",0.8335901498794556,Driver Behavior & Safety,high,46,zero-shot-bart-large-mnli,Driver Behavior & Safety,auto_high_confidence
ANYONE CAN SIGN UP WITH THIS APP. THEY DO NOT TRAIN THEIR DRIVERS. HALF THE TIME THEY DON'T KNOW WHAT THEY'RE DOING OR WHERE THEY'RE GOING. THE DRIVERS ASK ME WHERE TO GO AND IF MY LOCATION IS CORRECT. DON'T ASK ME TO DO YOUR JOB. PICK ME SHOULD BE PAYING ME.,1,2025-09-18 12:42:45,English,Negative,0.9994,NEGATIVE,"driver behavior, rude driver, unsafe driving, driver no show, safety issues",0.4057449400424957,Driver Behavior & Safety,low,259,zero-shot-bart-large-mnli,Manual Review Needed,manual_review_needed
"Lack of Accountability ""Even after reporting bad driver behavior, PickMe did not follow up properly. It feels like the organization doesn’t care about customer safety or feedback."" Unprofessional Standards ""PickMe as an organization needs to improve its quality control. Many drivers are rude or cancel rides, and there seems to be no strict action taken against them.""",1,2025-09-18 11:40:16,English,Negative,0.9997,NEGATIVE,"driver behavior, rude driver, unsafe driving, driver no show, safety issues",0.9454266428947448,Driver Behavior & Safety,high,369,zero-shot-bart-large-mnli,Driver Behavior & Safety,auto_high_confidence
"Extremely disappointed with PickMe. The app gave a wrong route, and the driver abandoned me on a deserted road after I had already paid by card. He was aggressive, rude, and behaved like a thug, leaving me unsafe and stranded. I had to withdraw cash, take another taxi, spend extra money, and missed my appointment. Be very careful using PickMe – the app is unreliable, drivers are dangerous, and your safety is at risk.",1,2025-09-17 22:03:08,English,Negative,0.9998,NEGATIVE,"driver behavior, rude driver, unsafe driving, driver no show, safety issues",0.9851193428039552,Driver Behavior & Safety,high,420,zero-shot-bart-large-mnli,Driver Behavior & Safety,auto_high_confidence
Worst drivers ever.,1,2025-09-17 08:35:21,English,Negative,0.9998,NEGATIVE,"driver behavior, rude driver, unsafe driving, driver no show, safety issues",0.8511230945587158,Driver Behavior & Safety,high,19,zero-shot-bart-large-mnli,Driver Behavior & Safety,auto_high_confidence
"Extremely Disappointed with PickMe I’ve had two deeply frustrating experiences with PickMe. First, I lost valuable items during a ride, and when I contacted customer service, they simply told me to report it to the police—no support or accountability. Second, the fare shown befo after a big conversation it ended up with sorry. from customer service.",1,2025-09-15 23:06:23,English,Negative,0.9998,NEGATIVE,"driver behavior, rude driver, unsafe driving, driver no show, safety issues",0.5049552321434021,Driver Behavior & Safety,medium,351,zero-shot-bart-large-mnli,Support & Refunds,keyword_rule
"Dear PickMe Support Team, I am very disappointed with a problem I face regularly when using PickMe. After booking a ride, some drivers ask whether I will pay by card or cash. When I say that I will pay by card, the drivers cancel my booking. This has happened several times and causes a lot of inconvenience. I kindly request you to look into this matter and take necessary action to ensure that drivers accept all available payment methods on the app. Thank you for your attention to this issue.",1,2025-09-15 19:28:32,English,Negative,0.9981,NEGATIVE,"app bugs, crashes, slow app, technical issues, map, GPS, login, payment failure",0.2781046032905578,App Bugs,low,496,zero-shot-bart-large-mnli,Manual Review Needed,manual_review_needed
why i cant download pickme in huwawei phone we need it,1,2025-09-15 11:28:28,English,Negative,0.9937,NEGATIVE,"app bugs, crashes, slow app, technical issues, map, GPS, login, payment failure",0.368859201669693,App Bugs,low,54,zero-shot-bart-large-mnli,Manual Review Needed,manual_review_needed
they charge hidden charges for serching. and very hard to complane agents service .,1,2025-09-13 19:05:42,English,Negative,0.9987,NEGATIVE,"customer support, refunds, complaint handling, unhelpful support",0.391857773065567,Support & Refunds,low,83,zero-shot-bart-large-mnli,Pricing & Bidding,keyword_rule
Amma oka pick me bang meke,1,2025-09-13 11:40:13,English,Negative,0.9694,NEGATIVE,"driver behavior, rude driver, unsafe driving, driver no show, safety issues",0.4781527519226074,Driver Behavior & Safety,medium,26,zero-shot-bart-large-mnli,Manual Review Needed,manual_review_needed
Not reliable. I ordered one food parcel but pick me deducted for 2 parcel and deluvered 2 parcels through different orders.App has not even notified the progress of second order.,1,2025-09-12 15:21:25,English,Negative,0.9996,NEGATIVE,"food delivery delays, late orders, missing items, wrong orders, cold food",0.3685280084609985,Delivery Issues,low,178,zero-shot-bart-large-mnli,Delivery Issues,keyword_rule
paid by card. but ask mony,1,2025-09-12 12:15:04,English,Negative,0.9914,NEGATIVE,"privacy, security, data, account safety",0.2783069908618927,Privacy & Security,low,26,zero-shot-bart-large-mnli,App Bugs,keyword_rule
getting late no driver is taking even its high price . poor sevice 😡😡,1,2025-09-12 06:47:10,English,Negative,0.9996,NEGATIVE,"driver behavior, rude driver, unsafe driving, driver no show, safety issues",0.88077312707901,Driver Behavior & Safety,high,69,zero-shot-bart-large-mnli,Driver Behavior & Safety,auto_high_confidence
"worst service ever do not use this application, customer Service always blames the merchant and the merchant blames Pick Me, so just to earn money not to provide any service,they have 0 concern and it's not a service oriented business honestly, I have made 4 orders to Celeste and all where automatically cancelled and when called both parties they blame each other,best part is they inform that all other customers orders are perfectly fetched but not mine so something for me to think of,",1,2025-09-11 00:32:53,English,Negative,0.9986,NEGATIVE,"customer support, refunds, complaint handling, unhelpful support",0.8309758901596069,Support & Refunds,high,490,zero-shot-bart-large-mnli,Support & Refunds,auto_high_confidence
all your three wheeler drivers are spitting during the journey.please advise them not to spitt while the costermer is I n the vehicle.for the wind the spitt ckmes to I ur faces,1,2025-09-10 18:55:34,English,Negative,0.9958,NEGATIVE,"driver behavior, rude driver, unsafe driving, driver no show, safety issues",0.5842800140380859,Driver Behavior & Safety,medium,176,zero-shot-bart-large-mnli,Driver Behavior & Safety,keyword_rule
megoda dham mawata,5,2025-09-09 06:48:07,English,Negative,0.9489,NEGATIVE,"driver behavior, rude driver, unsafe driving, driver no show, safety issues",0.2629076540470123,Driver Behavior & Safety,low,18,zero-shot-bart-large-mnli,Exclude / Too Generic,generic_filter
app getting worst bcz all drivers ignored . uninstalled👎👎👎,1,2025-09-08 10:06:54,English,Negative,0.9991,NEGATIVE,"driver behavior, rude driver, unsafe driving, driver no show, safety issues",0.663195013999939,Driver Behavior & Safety,high,58,zero-shot-bart-large-mnli,Driver Behavior & Safety,auto_high_confidence
i was waiting nearly a hour for a any vehicle i still couldnt get in touch with a vehicle worst,1,2025-09-08 08:36:20,English,Negative,0.9985,NEGATIVE,"driver behavior, rude driver, unsafe driving, driver no show, safety issues",0.4401002824306488,Driver Behavior & Safety,low,95,zero-shot-bart-large-mnli,Manual Review Needed,manual_review_needed
barely any drivers on the app,1,2025-09-06 20:00:53,English,Negative,0.9995,NEGATIVE,"privacy, security, data, account safety",0.3209518492221832,Privacy & Security,low,29,zero-shot-bart-large-mnli,Driver Behavior & Safety,keyword_rule
"hi, please could you tell me why the app say's (user blocked permanent) can you unblock me from the app.",1,2025-09-06 16:53:08,English,Negative,0.9992,NEGATIVE,"privacy, security, data, account safety",0.3621059060096741,Privacy & Security,low,104,zero-shot-bart-large-mnli,Manual Review Needed,manual_review_needed
worst service ever had,1,2025-09-05 15:24:00,English,Negative,0.9998,NEGATIVE,"customer support, refunds, complaint handling, unhelpful support",0.4015771746635437,Support & Refunds,low,22,zero-shot-bart-large-mnli,Exclude / Too Generic,generic_filter
"Good, however, when using the option of card payment, it is a bit erratic as it appears not to register and having to pay by cash instead. This potentially can be awkward, problematical, and not to say embarrassing 😳",4,2025-09-05 06:06:08,English,Negative,0.9932,NEGATIVE,"app bugs, crashes, slow app, technical issues, map, GPS, login, payment failure",0.4886861443519592,App Bugs,medium,216,zero-shot-bart-large-mnli,App Bugs,keyword_rule
Driver never came,1,2025-09-04 18:16:45,English,Negative,0.9994,NEGATIVE,"driver behavior, rude driver, unsafe driving, driver no show, safety issues",0.6240860819816589,Driver Behavior & Safety,medium,17,zero-shot-bart-large-mnli,Driver Behavior & Safety,keyword_rule
"Previously the service was good, the recent change to bids for rides is not good and I would not recommend at all. I booked a cab in advance by 1.5 hrs to be told 40 mins before there were no cabs close by so I needed to pay Rs 600 more. Why when I booked it 90 mins early.....then after canceling 30 seconds later another call asking how many passengers and how much luggage......not impressed",2,2025-09-03 21:58:27,English,Negative,0.9995,NEGATIVE,"customer support, refunds, complaint handling, unhelpful support",0.4248023331165313,Support & Refunds,low,394,zero-shot-bart-large-mnli,Manual Review Needed,manual_review_needed
bad application 🤬🤬,1,2025-09-02 13:36:38,English,Negative,0.9998,NEGATIVE,"app bugs, crashes, slow app, technical issues, map, GPS, login, payment failure",0.4085702300071716,App Bugs,low,18,zero-shot-bart-large-mnli,Exclude / Too Generic,generic_filter
"We ordered food at 8:00pm, ready by 8:30pm, but these bloody idiots kept my family hungry for almost 2 hours with no help line and no response from these filthy dogs. In the end we had to go to the restaurant ourselves. PickMe is the worst Sri Lankan made app, simply good for nothing.",1,2025-08-31 23:44:47,English,Negative,0.9998,NEGATIVE,"food delivery delays, late orders, missing items, wrong orders, cold food",0.3658048510551452,Delivery Issues,low,285,zero-shot-bart-large-mnli,Manual Review Needed,manual_review_needed
"one of the most unprofessional apps as their drivers, and I'll never recommend this to anyone, especially for a foreigner, because they dont stick to the given price and then charge extra. always gotta ride with skeptical feelings whether will it change or not and more other issues.",1,2025-08-31 00:13:11,English,Negative,0.9364,NEGATIVE,"driver behavior, rude driver, unsafe driving, driver no show, safety issues",0.8306088447570801,Driver Behavior & Safety,high,283,zero-shot-bart-large-mnli,Driver Behavior & Safety,auto_high_confidence
This is not useful when you need it at all. It takes like half an hour to pair with you a driver,1,2025-08-30 19:06:50,English,Negative,0.9997,NEGATIVE,"customer support, refunds, complaint handling, unhelpful support",0.5856587290763855,Support & Refunds,medium,96,zero-shot-bart-large-mnli,Driver Behavior & Safety,keyword_rule
encountered too many cancellations from drivers recently after they confirm,1,2025-08-30 18:16:18,English,Negative,0.9994,NEGATIVE,"driver behavior, rude driver, unsafe driving, driver no show, safety issues",0.5831834077835083,Driver Behavior & Safety,medium,75,zero-shot-bart-large-mnli,Driver Behavior & Safety,keyword_rule
patta chater driverlage paththata kisi deyak nha un hambakara gannawa vitharai kalakanni ballo,1,2025-08-30 15:57:06,English,Negative,0.9894,NEGATIVE,"driver behavior, rude driver, unsafe driving, driver no show, safety issues",0.7249988913536072,Driver Behavior & Safety,high,94,zero-shot-bart-large-mnli,Driver Behavior & Safety,auto_high_confidence
cause hire are little late,4,2025-08-30 15:41:34,English,Negative,0.8075,NEGATIVE,"driver behavior, rude driver, unsafe driving, driver no show, safety issues",0.6419742107391357,Driver Behavior & Safety,medium,26,zero-shot-bart-large-mnli,Delivery Issues,keyword_rule
This is not for drivers and passengers.This is only running for company profit.,1,2025-08-30 14:48:29,English,Negative,0.9992,NEGATIVE,"driver behavior, rude driver, unsafe driving, driver no show, safety issues",0.4112303256988525,Driver Behavior & Safety,low,79,zero-shot-bart-large-mnli,Driver Behavior & Safety,keyword_rule
very bad service 🤮🤮🤮🤮🤢🤢,1,2025-08-30 14:37:55,English,Negative,0.9996,NEGATIVE,"customer support, refunds, complaint handling, unhelpful support",0.4386217594146728,Support & Refunds,low,23,zero-shot-bart-large-mnli,Exclude / Too Generic,generic_filter
"Pickme Foods, what happened to you?Did your drivers go on strike?🤣🤣",1,2025-08-29 12:47:57,English,Negative,0.999,NEGATIVE,"driver behavior, rude driver, unsafe driving, driver no show, safety issues",0.7355515360832214,Driver Behavior & Safety,high,67,zero-shot-bart-large-mnli,Driver Behavior & Safety,auto_high_confidence
Most UNRELIABLE app ever. Half the time I am unable to get a tuk especially during an emergency and when it rains. Riders accept and cancel last minute. I have to cancel Classes because I have wasted my time and energy waiting for over an hour just to get a ride.. In the time that a driver takes to accept a ride if I had gone walking I would have reached my destination before they could accept.,1,2025-08-28 11:14:11,English,Negative,0.9997,NEGATIVE,"customer support, refunds, complaint handling, unhelpful support",0.3377955257892608,Support & Refunds,low,397,zero-shot-bart-large-mnli,Driver Behavior & Safety,keyword_rule
stupid freaking app to disconnect customer after few months.,1,2025-08-28 07:50:35,English,Negative,0.9997,NEGATIVE,"customer support, refunds, complaint handling, unhelpful support",0.3481844663619995,Support & Refunds,low,60,zero-shot-bart-large-mnli,Manual Review Needed,manual_review_needed
The bikers are not arriving when we want for an important ride otherwise the tuk-tuk drivers are working well,1,2025-08-27 19:55:12,English,Negative,0.7387,NEGATIVE,"driver behavior, rude driver, unsafe driving, driver no show, safety issues",0.2963211834430694,Driver Behavior & Safety,low,109,zero-shot-bart-large-mnli,Driver Behavior & Safety,keyword_rule
"I ordered a pizza hut buy one and get one offer and delivered only one. verify that the order has been delivered to pickme Guy.Contacted pickme hotline wait for Feedback, but they tried to convince me even without contacting the guy who delivered order. Asked for a resolution, no feedback or complaint details either.",1,2025-08-27 19:48:44,English,Negative,0.996,NEGATIVE,"customer support, refunds, complaint handling, unhelpful support",0.6585450172424316,Support & Refunds,high,318,zero-shot-bart-large-mnli,Support & Refunds,auto_high_confidence
better to get a Uber at this point,1,2025-08-27 15:29:52,English,Negative,0.9984,NEGATIVE,"driver behavior, rude driver, unsafe driving, driver no show, safety issues",0.4062774181365967,Driver Behavior & Safety,low,34,zero-shot-bart-large-mnli,Manual Review Needed,manual_review_needed
It take so long to get a driver. If you're in a hurry you can't get one.,1,2025-08-27 13:33:54,English,Negative,0.9995,NEGATIVE,"food delivery delays, late orders, missing items, wrong orders, cold food",0.3149047493934631,Delivery Issues,low,72,zero-shot-bart-large-mnli,Driver Behavior & Safety,keyword_rule
few drivers demand cash. sometimes locations do not get picked up correctly and drivers end in wrong location. one driver refused to wait 5mts till rain ceased and asked to cancel the hire.,3,2025-08-27 12:32:05,English,Negative,0.9996,NEGATIVE,"driver behavior, rude driver, unsafe driving, driver no show, safety issues",0.8218178153038025,Driver Behavior & Safety,high,189,zero-shot-bart-large-mnli,Driver Behavior & Safety,auto_high_confidence
Good but searching drives is very slow.,4,2025-08-27 10:00:52,English,Negative,0.9898,NEGATIVE,"app bugs, crashes, slow app, technical issues, map, GPS, login, payment failure",0.2679755687713623,App Bugs,low,39,zero-shot-bart-large-mnli,Manual Review Needed,manual_review_needed
"Horrible experience with the riders.. they'll take forever to arrive and yet the cancelation fee for the ride has been taken from my account.. This happened to me several times. Also they make us wait until their whole work is over and come when they get a reminder, i guess",1,2025-08-26 20:32:51,English,Negative,0.9996,NEGATIVE,"customer support, refunds, complaint handling, unhelpful support",0.6765062808990479,Support & Refunds,high,274,zero-shot-bart-large-mnli,Support & Refunds,auto_high_confidence
Paid Rs. 549 for the pickme pass subscription. This damn app is still charging delivery fees even after purchasing the pickme Pass. Pathetic. Pickme is loosing customer's trust.,1,2025-08-26 13:04:12,English,Negative,0.9993,NEGATIVE,"customer support, refunds, complaint handling, unhelpful support",0.3128282129764557,Support & Refunds,low,177,zero-shot-bart-large-mnli,Manual Review Needed,manual_review_needed
i will never recommend this app for ever i place order at 4.30 am till 5.20 am now no delivery agent to pick my food order waste of time and money,1,2025-08-26 05:20:07,English,Negative,0.9934,NEGATIVE,"food delivery delays, late orders, missing items, wrong orders, cold food",0.3676331639289856,Delivery Issues,low,146,zero-shot-bart-large-mnli,Delivery Issues,keyword_rule
worst app ever invented drivers still don't pick up when it's a short distance.,1,2025-08-24 09:06:15,English,Negative,0.9998,NEGATIVE,"driver behavior, rude driver, unsafe driving, driver no show, safety issues",0.8135396242141724,Driver Behavior & Safety,high,79,zero-shot-bart-large-mnli,Driver Behavior & Safety,auto_high_confidence
Complaining about pick me. No customer relation experiene. Old vehicle.,1,2025-08-24 09:01:04,English,Negative,0.9994,NEGATIVE,"driver behavior, rude driver, unsafe driving, driver no show, safety issues",0.3785628974437713,Driver Behavior & Safety,low,71,zero-shot-bart-large-mnli,Manual Review Needed,manual_review_needed
In the past days the app was great until 3 days ago the 50% offer in pickme wasn't working plus there are some map problems and if book one ride the ride becomes 2 . I think they should check this.,1,2025-08-23 11:37:25,English,Negative,0.9353,NEGATIVE,"app bugs, crashes, slow app, technical issues, map, GPS, login, payment failure",0.6400046348571777,App Bugs,medium,197,zero-shot-bart-large-mnli,Manual Review Needed,manual_review_needed
Charged than the amount displayed at the beginning due to traffic jam at the railway crossing. This is unfair.,3,2025-08-23 04:02:59,English,Negative,0.9996,NEGATIVE,"driver behavior, rude driver, unsafe driving, driver no show, safety issues",0.3833268582820892,Driver Behavior & Safety,low,110,zero-shot-bart-large-mnli,Pricing & Bidding,keyword_rule
the application not running well always.,4,2025-08-22 20:26:54,English,Negative,0.9997,NEGATIVE,"app bugs, crashes, slow app, technical issues, map, GPS, login, payment failure",0.6145341396331787,App Bugs,medium,40,zero-shot-bart-large-mnli,Manual Review Needed,manual_review_needed
rickety vehicles accuracy of location,4,2025-08-21 14:13:45,English,Negative,0.9813,NEGATIVE,"driver behavior, rude driver, unsafe driving, driver no show, safety issues",0.324394941329956,Driver Behavior & Safety,low,37,zero-shot-bart-large-mnli,App Bugs,keyword_rule
Tuk tuk drivers suck. No rides during noon time.,1,2025-08-21 13:42:04,English,Negative,0.999,NEGATIVE,"driver behavior, rude driver, unsafe driving, driver no show, safety issues",0.8386195302009583,Driver Behavior & Safety,high,48,zero-shot-bart-large-mnli,Driver Behavior & Safety,auto_high_confidence
"driver kamal doesn't know how to treat customers, he is mentally low level",1,2025-08-20 20:33:20,English,Negative,0.9998,NEGATIVE,"driver behavior, rude driver, unsafe driving, driver no show, safety issues",0.7960354685783386,Driver Behavior & Safety,high,74,zero-shot-bart-large-mnli,Driver Behavior & Safety,auto_high_confidence
"This is FRAUD. When I contacted support about drivers cheating, they banned ME. So cheater driver got my money, that's all.",1,2025-08-20 19:57:02,English,Negative,0.9995,NEGATIVE,"driver behavior, rude driver, unsafe driving, driver no show, safety issues",0.5062845945358276,Driver Behavior & Safety,medium,123,zero-shot-bart-large-mnli,Driver Behavior & Safety,keyword_rule
app icon is not appearing on my desktop,5,2025-08-19 16:29:20,English,Negative,0.9996,NEGATIVE,"app bugs, crashes, slow app, technical issues, map, GPS, login, payment failure",0.4347805976867676,App Bugs,low,39,zero-shot-bart-large-mnli,Manual Review Needed,manual_review_needed
can I sell the foods from my home?,2,2025-08-19 12:47:28,English,Negative,0.9959,NEGATIVE,"driver behavior, rude driver, unsafe driving, driver no show, safety issues",0.240694984793663,Driver Behavior & Safety,low,34,zero-shot-bart-large-mnli,Manual Review Needed,manual_review_needed
most times have to wait so long time to get vehicle. time waste. 😑,1,2025-08-19 08:54:16,English,Negative,0.9996,NEGATIVE,"driver behavior, rude driver, unsafe driving, driver no show, safety issues",0.329475075006485,Driver Behavior & Safety,low,66,zero-shot-bart-large-mnli,Manual Review Needed,manual_review_needed
Its difficulty use code,1,2025-08-19 08:52:58,English,Negative,0.999,NEGATIVE,"driver behavior, rude driver, unsafe driving, driver no show, safety issues",0.2480274140834808,Driver Behavior & Safety,low,23,zero-shot-bart-large-mnli,Exclude / Too Generic,generic_filter
"​The app shares our numbers with clients, which poses a significant security risk. Unlike Uber, it lacks an in-app calling feature, and the app itself isn't as well designed. While I want to support local apps, these design flaws and security issues led me to uninstall it immediately. The company needs to implement in-app calling as a priority.",1,2025-08-19 06:36:51,English,Negative,0.9997,NEGATIVE,"privacy, security, data, account safety",0.9525680541992188,Privacy & Security,high,346,zero-shot-bart-large-mnli,Privacy & Security,auto_high_confidence
he started the trip before picking me from Armer street.,1,2025-08-19 05:04:55,English,Negative,0.7761,NEGATIVE,"driver behavior, rude driver, unsafe driving, driver no show, safety issues",0.3408568203449249,Driver Behavior & Safety,low,56,zero-shot-bart-large-mnli,Manual Review Needed,manual_review_needed
What an unpleasant app...they are cancelling their rides and we should await if they cancel again and again...I ll never rate this as a good app,1,2025-08-18 18:01:35,English,Negative,0.9998,NEGATIVE,"driver behavior, rude driver, unsafe driving, driver no show, safety issues",0.5874517560005188,Driver Behavior & Safety,medium,144,zero-shot-bart-large-mnli,Pricing & Bidding,keyword_rule
late for the food order💔,1,2025-08-18 03:51:30,English,Negative,0.9991,NEGATIVE,"driver behavior, rude driver, unsafe driving, driver no show, safety issues",0.58226078748703,Driver Behavior & Safety,medium,24,zero-shot-bart-large-mnli,Delivery Issues,keyword_rule
simply waste this app I'm gonna uninstall it,1,2025-08-17 17:43:16,English,Negative,0.9998,NEGATIVE,"driver behavior, rude driver, unsafe driving, driver no show, safety issues",0.335918664932251,Driver Behavior & Safety,low,44,zero-shot-bart-large-mnli,Manual Review Needed,manual_review_needed
horrible experience with money being taken from my account for orders and not being refunded after cancellations on the store or pick me side. everytime they make me wait a week and then say something is being done. still waiting on 3 seperate orders to be resolved and it's been 1 and a half months. do not recommend.,1,2025-08-17 15:29:30,English,Negative,0.9997,NEGATIVE,"customer support, refunds, complaint handling, unhelpful support",0.9058068990707396,Support & Refunds,high,318,zero-shot-bart-large-mnli,Support & Refunds,auto_high_confidence
"This morning at around 9 am, I called the customer care department of Pickme to get an answer to a certain problem. I was really disappointed at that moment. The Pickme employee who answered my call started singing after listening to my call. While I was on the call, she put the call aside and started talking to other employees. What I really felt at that moment was zero customer care. If you think your customer is a joke, remind your employees that the customer does not need your service.😡",1,2025-08-16 12:46:18,English,Negative,0.9996,NEGATIVE,"customer support, refunds, complaint handling, unhelpful support",0.5423009395599365,Support & Refunds,medium,495,zero-shot-bart-large-mnli,Support & Refunds,keyword_rule
"Very sad, No drivers accepting the hires. Even more drivers are around there. Need more attention to this. also can't even change payment method after ordering.",1,2025-08-15 13:20:09,English,Negative,0.999,NEGATIVE,"driver behavior, rude driver, unsafe driving, driver no show, safety issues",0.3218303024768829,Driver Behavior & Safety,low,160,zero-shot-bart-large-mnli,Driver Behavior & Safety,keyword_rule
I think you should include a text business option for PickMe foods. Sometimes I have the urge to ask them whether they're decorating my order with 24k gold since they've taken so long with order preparations.,3,2025-08-15 10:43:00,English,Negative,0.9982,NEGATIVE,"food delivery delays, late orders, missing items, wrong orders, cold food",0.2678838670253753,Delivery Issues,low,208,zero-shot-bart-large-mnli,Delivery Issues,keyword_rule
took me a detour,1,2025-08-13 16:05:34,English,Negative,0.9934,NEGATIVE,"driver behavior, rude driver, unsafe driving, driver no show, safety issues",0.6926800012588501,Driver Behavior & Safety,high,16,zero-shot-bart-large-mnli,Driver Behavior & Safety,auto_high_confidence
one driver found my number after the ride and now he's texting n bothering me this is so annoying other than that everything are fine,1,2025-08-11 21:12:26,English,Negative,0.9864,NEGATIVE,"driver behavior, rude driver, unsafe driving, driver no show, safety issues",0.6289775967597961,Driver Behavior & Safety,medium,133,zero-shot-bart-large-mnli,Driver Behavior & Safety,keyword_rule
after I download it is not working and loading... frustrated so much,1,2025-08-11 11:44:06,English,Negative,0.9993,NEGATIVE,"app bugs, crashes, slow app, technical issues, map, GPS, login, payment failure",0.4692399203777313,App Bugs,medium,68,zero-shot-bart-large-mnli,App Bugs,keyword_rule
refuse to load up to 700kg,1,2025-08-11 11:13:54,English,Negative,0.9997,NEGATIVE,"driver behavior, rude driver, unsafe driving, driver no show, safety issues",0.4599340260028839,Driver Behavior & Safety,medium,26,zero-shot-bart-large-mnli,Manual Review Needed,manual_review_needed
"Driver never arrived, then he instantly ""finished"" the trip and took my money. PickMe customer support did not help and closed off the complaint, without any contact. The scam should have been obvious because the trip only lasted 1 minute and the driver never actually arrived at the pickup location. I would suggest using cash as primary source of payment to avoid scams in the future as PickMe will not help.",1,2025-08-10 23:11:56,English,Negative,0.9998,NEGATIVE,"driver behavior, rude driver, unsafe driving, driver no show, safety issues",0.6257416605949402,Driver Behavior & Safety,medium,410,zero-shot-bart-large-mnli,Support & Refunds,keyword_rule
"This is by far the worst service app I have ever used. It lags so badly that the delivery address changes automatically, causing major inconvenience. The customer service is extremely poor, and to make matters worse, the customer service boy was rude and arrogant. He does not know how to handle customers or address concerns in a respectful way",1,2025-08-10 16:04:26,English,Negative,0.9998,NEGATIVE,"customer support, refunds, complaint handling, unhelpful support",0.5478948950767517,Support & Refunds,medium,345,zero-shot-bart-large-mnli,Manual Review Needed,manual_review_needed
bad customers care,1,2025-08-10 07:27:02,English,Negative,0.9991,NEGATIVE,"customer support, refunds, complaint handling, unhelpful support",0.2757669389247894,Support & Refunds,low,18,zero-shot-bart-large-mnli,Exclude / Too Generic,generic_filter
"I'm currently facing issues with this app. For instance, when I booked one ride, it registered as two rides. Additionally, sometimes drivers call me even though I haven't booked a ride. Please address these problems.",2,2025-08-08 12:00:50,English,Negative,0.997,NEGATIVE,"app bugs, crashes, slow app, technical issues, map, GPS, login, payment failure",0.6177272796630859,App Bugs,medium,216,zero-shot-bart-large-mnli,Driver Behavior & Safety,keyword_rule
ko meke bike hayer genna ganne kohamada,5,2025-08-08 09:40:10,English,Negative,0.9592,NEGATIVE,"driver behavior, rude driver, unsafe driving, driver no show, safety issues",0.3384608924388885,Driver Behavior & Safety,low,39,zero-shot-bart-large-mnli,Manual Review Needed,manual_review_needed
cannot even able to book a cab for a friend. gets crashed all the time.,1,2025-08-08 03:35:50,English,Negative,0.9995,NEGATIVE,"driver behavior, rude driver, unsafe driving, driver no show, safety issues",0.3998335003852844,Driver Behavior & Safety,low,71,zero-shot-bart-large-mnli,App Bugs,keyword_rule
poor vehicle availability,2,2025-08-07 18:39:10,English,Negative,0.9998,NEGATIVE,"driver behavior, rude driver, unsafe driving, driver no show, safety issues",0.3108955919742584,Driver Behavior & Safety,low,25,zero-shot-bart-large-mnli,Manual Review Needed,manual_review_needed
"pathetic. no customer service, no service levels or standards, it's the wild west.",1,2025-08-07 10:57:44,English,Negative,0.9998,NEGATIVE,"customer support, refunds, complaint handling, unhelpful support",0.4079557061195373,Support & Refunds,low,82,zero-shot-bart-large-mnli,Support & Refunds,keyword_rule
not interested uber is better than pickme,1,2025-08-06 23:41:34,English,Negative,0.9965,NEGATIVE,"pricing, surge pricing, bidding, driver offers, high fares, expensive, discounts",0.2594321072101593,Pricing & Bidding,low,41,zero-shot-bart-large-mnli,Manual Review Needed,manual_review_needed
The driver has dropped us on the road of our hospital because he has failed to take us into the hospital to get off.,1,2025-08-06 09:17:27,English,Negative,0.9991,NEGATIVE,"driver behavior, rude driver, unsafe driving, driver no show, safety issues",0.8259045481681824,Driver Behavior & Safety,high,116,zero-shot-bart-large-mnli,Driver Behavior & Safety,auto_high_confidence
Bad Taxi Service In Sri lanka,1,2025-08-05 09:04:00,English,Negative,0.9997,NEGATIVE,"driver behavior, rude driver, unsafe driving, driver no show, safety issues",0.6906675100326538,Driver Behavior & Safety,high,29,zero-shot-bart-large-mnli,Driver Behavior & Safety,auto_high_confidence
vehicals are not taking on time. have to seek too much time.,1,2025-08-04 11:52:58,English,Negative,0.9965,NEGATIVE,"driver behavior, rude driver, unsafe driving, driver no show, safety issues",0.3344839811325073,Driver Behavior & Safety,low,60,zero-shot-bart-large-mnli,Manual Review Needed,manual_review_needed
"Now, most of the drivers reject to accept card payments, saying they don't get money on time. Therefore, need to use cash which is annoying.",2,2025-08-02 22:29:11,English,Negative,0.9991,NEGATIVE,"driver behavior, rude driver, unsafe driving, driver no show, safety issues",0.3958359360694885,Driver Behavior & Safety,low,140,zero-shot-bart-large-mnli,Manual Review Needed,manual_review_needed
this is ok but this app needs extra data more than our monthly data package 😐,3,2025-08-02 22:27:23,English,Negative,0.9895,NEGATIVE,"privacy, security, data, account safety",0.3615705072879791,Privacy & Security,low,77,zero-shot-bart-large-mnli,Manual Review Needed,manual_review_needed
very bad boyssssss,2,2025-08-02 10:22:00,English,Negative,0.9954,NEGATIVE,"driver behavior, rude driver, unsafe driving, driver no show, safety issues",0.5957276821136475,Driver Behavior & Safety,medium,18,zero-shot-bart-large-mnli,Exclude / Too Generic,generic_filter
bike option is not showing.i hv the latest update also. but i cant book a bike ride due to this,2,2025-08-01 20:56:26,English,Negative,0.9686,NEGATIVE,"driver behavior, rude driver, unsafe driving, driver no show, safety issues",0.230298101902008,Driver Behavior & Safety,low,95,zero-shot-bart-large-mnli,App Bugs,keyword_rule
milk pkt damaged. this is the third time. nobody is taking notice when I complain. ⁶,1,2025-08-01 14:44:03,English,Negative,0.9963,NEGATIVE,"driver behavior, rude driver, unsafe driving, driver no show, safety issues",0.4134755134582519,Driver Behavior & Safety,low,84,zero-shot-bart-large-mnli,Manual Review Needed,manual_review_needed
Hire ekak dammama ganna bari kaalakanniwa thiyagenne harakda picme eke inne ?,1,2025-08-01 08:39:51,English,Negative,0.9951,NEGATIVE,"driver behavior, rude driver, unsafe driving, driver no show, safety issues",0.4383341073989868,Driver Behavior & Safety,low,77,zero-shot-bart-large-mnli,Manual Review Needed,manual_review_needed
Food delivery service is a total nightmare! took more than 2hrs to deliver 4 portions of rice & curry. this is my first and last order on PickMe Food.,1,2025-07-31 15:04:45,English,Negative,0.9995,NEGATIVE,"food delivery delays, late orders, missing items, wrong orders, cold food",0.728702187538147,Delivery Issues,high,150,zero-shot-bart-large-mnli,Delivery Issues,auto_high_confidence
