review_text,rating,date,language,sentiment,confidence,sentiment_clean,predicted_category,category_confidence,category,confidence_band,review_length,label_source,label,label_method
"these guys are terrible, they dont take any responsibility. customer service ignores you and closes tickets. absolute worst customer service.",1,2026-08-12 08:42:56,English,Negative,0.9998,NEGATIVE,"driver behavior, rude driver, unsafe driving, driver no show, safety issues",0.5823379755020142,Driver Behavior & Safety,medium,141,zero-shot-bart-large-mnli,Support & Refunds,keyword_rule
this happened to me multiple times where i order food and it takes hours for a rider to get assigned. there should be an option to cancel the order after a certain time limit because we have other things to do than waiting for 2h for food. the numbers for restaurants in the app dont work half the time too. the hot line is useless most of the time,1,2026-08-11 17:58:43,English,Negative,0.9998,NEGATIVE,"customer support, refunds, complaint handling, unhelpful support",0.5373790264129639,Support & Refunds,medium,348,zero-shot-bart-large-mnli,Delivery Issues,keyword_rule
this app is a not trust that is laying 50% discunt frist ride. not it offer working,1,2026-08-11 17:12:48,English,Negative,0.9994,NEGATIVE,"driver behavior, rude driver, unsafe driving, driver no show, safety issues",0.4194739460945129,Driver Behavior & Safety,low,83,zero-shot-bart-large-mnli,Pricing & Bidding,keyword_rule
"The new “Bid” feature has made PickMe extremely frustrating. Bidding gets activated automatically, and drivers take a long time to accept rides because they wait for higher offers. Many drivers then ask for an extra Rs.100 or more for a trip. This makes booking slow, stressful, and unpredictable. PickMe should give passengers the option to disable bidding and keep a fixed-fare system. The app was much more convenient before this feature.",1,2026-08-11 15:28:32,English,Negative,0.9963,NEGATIVE,"pricing, surge pricing, bidding, driver offers, high fares, expensive, discounts",0.7315916419029236,Pricing & Bidding,high,441,zero-shot-bart-large-mnli,Pricing & Bidding,auto_high_confidence
"after taking 4 hours, they cancelled my food order reason- drivers are available to pick up that order 🤣",1,2026-08-09 23:16:05,English,Negative,0.9939,NEGATIVE,"customer support, refunds, complaint handling, unhelpful support",0.4342761933803558,Support & Refunds,low,104,zero-shot-bart-large-mnli,Delivery Issues,keyword_rule
"without any reason they permanently blocked me , also not provide any contact numbers to contact office. kindly mention here your customer care numbers",1,2026-08-09 07:17:26,English,Negative,0.9976,NEGATIVE,"customer support, refunds, complaint handling, unhelpful support",0.6191598176956177,Support & Refunds,medium,151,zero-shot-bart-large-mnli,Support & Refunds,keyword_rule
they virtually create a demand to vehicles and charging from customers by saying surge . if you took meeter taxi may cost 130 per km . when you travel with pick for 5 km they charge. fair + 400 surge . but when you took meter taxi it may cost 130 *5,1,2026-08-03 10:57:02,English,Negative,0.9541,NEGATIVE,"pricing, surge pricing, bidding, driver offers, high fares, expensive, discounts",0.7907019257545471,Pricing & Bidding,high,249,zero-shot-bart-large-mnli,Pricing & Bidding,auto_high_confidence
"Deserves 0 stars. Worst delivery app I’ve ever used. Waited nearly 2 hours while my food sat cold at the restaurant for 90 mins with no driver assigned. Customer support offers zero help, just repetitive canned responses. Customer support repeatedly promised a driver was coming soon, offering no real solutions. Do not accept orders if you lack rider coverage. Extremely disappointing experience.",1,2026-08-02 21:05:01,English,Negative,0.9998,NEGATIVE,"food delivery delays, late orders, missing items, wrong orders, cold food",0.7679368257522583,Delivery Issues,high,397,zero-shot-bart-large-mnli,Delivery Issues,auto_high_confidence
its has become a crapy app. food delivery is in a sad state. have to wait for hours to get food now. it takes half an hour to assign a drive after food is ready. if you don't have riders near by don't take orders. wasting people's time an money. booking taxi they can cancel without notice. but if we cancel we are charged. why only 1 sided. if they cancel they should be fined as well.,1,2026-08-01 21:05:02,English,Negative,0.9997,NEGATIVE,"food delivery delays, late orders, missing items, wrong orders, cold food",0.6238077878952026,Delivery Issues,medium,386,zero-shot-bart-large-mnli,Delivery Issues,keyword_rule
"Worst app of all time When I wanted my drivers details they cause I need to know if my child arrived at the class. They said wait 24 hours to get the details , so that mean I need to 24 hours to see what has happened to my child. A another time when someone accepted my trip I waited 20 minutes but the accepted person did not arrive so I cancelled it beacase of the driver did not come, For that they charged me money.",1,2026-08-01 14:57:11,English,Negative,0.9998,NEGATIVE,"driver behavior, rude driver, unsafe driving, driver no show, safety issues",0.5890138745307922,Driver Behavior & Safety,medium,419,zero-shot-bart-large-mnli,Driver Behavior & Safety,keyword_rule
Huawei mobile is not support pick me pls chek,5,2026-07-31 20:35:05,English,Negative,0.9997,NEGATIVE,"customer support, refunds, complaint handling, unhelpful support",0.4674200117588043,Support & Refunds,medium,45,zero-shot-bart-large-mnli,Support & Refunds,keyword_rule
pick me flash receiver location is incorrect and not updating. very poor location tracking,1,2026-07-31 17:34:25,English,Negative,0.9998,NEGATIVE,"privacy, security, data, account safety",0.3785449862480163,Privacy & Security,low,90,zero-shot-bart-large-mnli,App Bugs,keyword_rule
"never add your ATM card to this app, without using pick me there cut money",1,2026-07-30 00:49:46,English,Negative,0.9846,NEGATIVE,"privacy, security, data, account safety",0.7805907130241394,Privacy & Security,high,74,zero-shot-bart-large-mnli,Privacy & Security,auto_high_confidence
after the recent update the app is crashing every time. and each time needs to clear data and cashes or uninstall to use it.,1,2026-07-29 20:47:30,English,Negative,0.9995,NEGATIVE,"app bugs, crashes, slow app, technical issues, map, GPS, login, payment failure",0.4720580577850342,App Bugs,medium,124,zero-shot-bart-large-mnli,App Bugs,keyword_rule
"Worst transport service ever. Most of the drivers, including AAU-9178, overcharge customers when they realize they don’t know the route. The app showed 1075/= for me, but the driver charged 1400/=. Unreasonable!!!",1,2026-07-29 16:50:02,English,Negative,0.9998,NEGATIVE,"driver behavior, rude driver, unsafe driving, driver no show, safety issues",0.6652050614356995,Driver Behavior & Safety,high,213,zero-shot-bart-large-mnli,Driver Behavior & Safety,auto_high_confidence
"This was one of the worst customer service experiences I've ever had. The staff were rude, unprofessional, and showed little interest in helping customers. My concerns were ignored, communication was poor, and the overall service was disappointing. I would not recommend this business unless they make significant improvements to how they treat their customers. Very disappointing experience.",1,2026-07-29 02:33:28,English,Negative,0.9998,NEGATIVE,"customer support, refunds, complaint handling, unhelpful support",0.5307926535606384,Support & Refunds,medium,392,zero-shot-bart-large-mnli,Support & Refunds,keyword_rule
"very bad customer service, They don't have the responsibility and accountability for what they are doing. They don't have any solutions for customer grievences.",1,2026-07-28 23:59:01,English,Negative,0.9997,NEGATIVE,"customer support, refunds, complaint handling, unhelpful support",0.4333764016628265,Support & Refunds,low,160,zero-shot-bart-large-mnli,Support & Refunds,keyword_rule
"Terrible service, specially when trying to reclaim overcharges and when trying to get food ordered in weekends.",1,2026-07-26 20:12:24,English,Negative,0.9994,NEGATIVE,"customer support, refunds, complaint handling, unhelpful support",0.8952499628067017,Support & Refunds,high,111,zero-shot-bart-large-mnli,Support & Refunds,auto_high_confidence
problem. After I got in a trip.its connects with another drivers,1,2026-07-25 15:10:45,English,Negative,0.9971,NEGATIVE,"driver behavior, rude driver, unsafe driving, driver no show, safety issues",0.3500316143035888,Driver Behavior & Safety,low,64,zero-shot-bart-large-mnli,Driver Behavior & Safety,keyword_rule
"I have traveled to the same destination twice for the same price of 300. However, the app recently showed me the same price, but it showed 600 for the driver. This has happened nearly 3 to 4 times now. This pricing system is extremely bad.",1,2026-07-25 13:16:09,English,Negative,0.9997,NEGATIVE,"pricing, surge pricing, bidding, driver offers, high fares, expensive, discounts",0.6553329825401306,Pricing & Bidding,high,239,zero-shot-bart-large-mnli,Pricing & Bidding,auto_high_confidence
"very bad experience and expensive, increase price after booking also, very bad 👎",1,2026-07-24 09:56:19,English,Negative,0.9997,NEGATIVE,"driver behavior, rude driver, unsafe driving, driver no show, safety issues",0.2942814230918884,Driver Behavior & Safety,low,80,zero-shot-bart-large-mnli,Pricing & Bidding,keyword_rule
Dissapointing. Takes more than usual time to pickup orders.,1,2026-07-23 21:06:55,English,Negative,0.9996,NEGATIVE,"driver behavior, rude driver, unsafe driving, driver no show, safety issues",0.3360981345176697,Driver Behavior & Safety,low,59,zero-shot-bart-large-mnli,Delivery Issues,keyword_rule
very bad service for driver and custemer,1,2026-07-21 08:27:27,English,Negative,0.9998,NEGATIVE,"driver behavior, rude driver, unsafe driving, driver no show, safety issues",0.4708037376403808,Driver Behavior & Safety,medium,40,zero-shot-bart-large-mnli,Driver Behavior & Safety,keyword_rule
really easy to use. it really appreciateable if you notify approximate amount including the hire amount. Most of the people confirm the hire with the price showing. sometimes they might don't have extra money. most of the time tuk's number plate different. drivers intentionally driving slowly near signal light to stop on Red 🔴 signal. You guys need to have an option to notify.,4,2026-07-19 08:19:34,English,Negative,0.9829,NEGATIVE,"driver behavior, rude driver, unsafe driving, driver no show, safety issues",0.9285353422164916,Driver Behavior & Safety,high,379,zero-shot-bart-large-mnli,Driver Behavior & Safety,auto_high_confidence
driver bad attitude,1,2026-07-18 17:42:54,English,Negative,0.9998,NEGATIVE,"driver behavior, rude driver, unsafe driving, driver no show, safety issues",0.795183002948761,Driver Behavior & Safety,high,19,zero-shot-bart-large-mnli,Driver Behavior & Safety,auto_high_confidence
not ux friendly at all and full of bugs,1,2026-07-16 20:23:28,English,Negative,0.9998,NEGATIVE,"customer support, refunds, complaint handling, unhelpful support",0.3479453325271606,Support & Refunds,low,39,zero-shot-bart-large-mnli,App Bugs,keyword_rule
fix your damn map bro,1,2026-07-14 10:24:34,English,Negative,0.9948,NEGATIVE,"driver behavior, rude driver, unsafe driving, driver no show, safety issues",0.5110422968864441,Driver Behavior & Safety,medium,21,zero-shot-bart-large-mnli,App Bugs,keyword_rule
Bad customer service from Pick me.,1,2026-07-14 02:39:56,English,Negative,0.9998,NEGATIVE,"customer support, refunds, complaint handling, unhelpful support",0.5807446241378784,Support & Refunds,medium,34,zero-shot-bart-large-mnli,Support & Refunds,keyword_rule
"Initially I was happy about this app and it helped me a lot.But very disappointed after I ordered an item which was wrongly displayed in the app and I had to cancell,but still didn't get the refund which they promised to pay within 24 hours when I contacted the customers care line.",1,2026-07-13 18:43:55,English,Negative,0.9978,NEGATIVE,"customer support, refunds, complaint handling, unhelpful support",0.789359986782074,Support & Refunds,high,282,zero-shot-bart-large-mnli,Support & Refunds,auto_high_confidence
i cant login after entering the otp ..i have tried multiple times,1,2026-07-12 13:02:08,English,Negative,0.9921,NEGATIVE,"privacy, security, data, account safety",0.2854155302047729,Privacy & Security,low,65,zero-shot-bart-large-mnli,App Bugs,keyword_rule
"Drivers are allowed to carry more passengers than the seating cpacity allowes"" which is illeagal. Furthermore, the company must also educate its customers not to exceed the seating capacity.",1,2026-07-12 11:41:28,English,Negative,0.99,NEGATIVE,"pricing, surge pricing, bidding, driver offers, high fares, expensive, discounts",0.272152304649353,Pricing & Bidding,low,190,zero-shot-bart-large-mnli,Driver Behavior & Safety,keyword_rule
at this moment the app is not working properly,1,2026-07-12 09:40:07,English,Negative,0.9998,NEGATIVE,"app bugs, crashes, slow app, technical issues, map, GPS, login, payment failure",0.4512216448783874,App Bugs,medium,46,zero-shot-bart-large-mnli,App Bugs,keyword_rule
pick me drive not there,1,2026-07-11 17:43:22,English,Negative,0.9992,NEGATIVE,"driver behavior, rude driver, unsafe driving, driver no show, safety issues",0.8254581689834595,Driver Behavior & Safety,high,23,zero-shot-bart-large-mnli,Driver Behavior & Safety,auto_high_confidence
"Absolutely disappointing. I urgently needed to use the PickMe app, but I couldn't even log in. This is one of the most unreliable services I've used. An app that doesn't work when customers need it most is completely unacceptable. Please fix your servers and improve the stability of your app. You're wasting your customers' time.",1,2026-07-06 21:15:53,English,Negative,0.9995,NEGATIVE,"app bugs, crashes, slow app, technical issues, map, GPS, login, payment failure",0.6180880665779114,App Bugs,medium,330,zero-shot-bart-large-mnli,App Bugs,keyword_rule
"No riders to pickup the orders ,Too late , Fully Dissapointed",1,2026-07-05 23:29:03,English,Negative,0.9993,NEGATIVE,"driver behavior, rude driver, unsafe driving, driver no show, safety issues",0.3338653147220611,Driver Behavior & Safety,low,61,zero-shot-bart-large-mnli,Delivery Issues,keyword_rule
"Worst experience with the PickMe app. I placed an order at 6:00 PM, expecting a timely delivery, but it wasn't delivered until 10:30 PM. That's a delay of more than 4 hours, which is completely unacceptable. I repeatedly explained to the PickMe driver that the order was urgent, but the delivery was still made very late. This is not fair to customers who rely on your service. Very disappointed with this experience. I hope PickMe improves its delivery service and customer support",1,2026-07-04 22:43:09,English,Negative,0.9997,NEGATIVE,"driver behavior, rude driver, unsafe driving, driver no show, safety issues",0.3541855812072754,Driver Behavior & Safety,low,482,zero-shot-bart-large-mnli,Delivery Issues,keyword_rule
pickme food not work properly,1,2026-07-03 21:18:53,English,Negative,0.9998,NEGATIVE,"food delivery delays, late orders, missing items, wrong orders, cold food",0.5159074664115906,Delivery Issues,medium,29,zero-shot-bart-large-mnli,Delivery Issues,keyword_rule
location not working,1,2026-07-03 08:08:46,English,Negative,0.9997,NEGATIVE,"app bugs, crashes, slow app, technical issues, map, GPS, login, payment failure",0.319728285074234,App Bugs,low,20,zero-shot-bart-large-mnli,App Bugs,keyword_rule
"there are lesser and lesser pickme rides day by day and cant reach the needed destination in time no matter how early we wait, the drivers would come right by the location and cancel, which wastes a load of time even after confirming the ride multiple times, which management looked into this more.. 😔😔",2,2026-07-03 07:16:38,English,Negative,0.9993,NEGATIVE,"driver behavior, rude driver, unsafe driving, driver no show, safety issues",0.7971431612968445,Driver Behavior & Safety,high,302,zero-shot-bart-large-mnli,Driver Behavior & Safety,auto_high_confidence
"such a terrible app, always loading and loading.. always couldn't find the location.. please fix mn it",1,2026-07-02 18:04:06,English,Negative,0.9994,NEGATIVE,"app bugs, crashes, slow app, technical issues, map, GPS, login, payment failure",0.9224151372909546,App Bugs,high,102,zero-shot-bart-large-mnli,App Bugs,auto_high_confidence
"Always refusing the card payments, drivers attitudes are worst",1,2026-07-01 16:09:21,English,Negative,0.9998,NEGATIVE,"driver behavior, rude driver, unsafe driving, driver no show, safety issues",0.9036967158317566,Driver Behavior & Safety,high,62,zero-shot-bart-large-mnli,Driver Behavior & Safety,auto_high_confidence
"If a driver is on a order or ride, don't recommend another ride or delivery, because it delays our time",2,2026-07-01 07:41:26,English,Negative,0.9978,NEGATIVE,"driver behavior, rude driver, unsafe driving, driver no show, safety issues",0.4257594645023346,Driver Behavior & Safety,low,103,zero-shot-bart-large-mnli,Delivery Issues,keyword_rule
"I have noticed some drivers and specially riders record us and put the videos on social media platforms like faceboom or tiktok without our consent! Totally violation of privacy... they reveal publically our locations, whom we are with, what we ordered, where we go ect ect! you should do something about this! and other users, be aware about those so-called content creating riders who violate your privacy!",1,2026-06-30 21:07:59,English,Negative,0.9979,NEGATIVE,"privacy, security, data, account safety",0.944619357585907,Privacy & Security,high,408,zero-shot-bart-large-mnli,Privacy & Security,auto_high_confidence
"WORST CUSTOMER SERVICE EVER. IF U EVER HAVE A COMPLAIN, THEY TOOK A LONG TIME TO ANSWER BETTER UBER",1,2026-06-30 14:08:23,English,Negative,0.9998,NEGATIVE,"customer support, refunds, complaint handling, unhelpful support",0.7579084038734436,Support & Refunds,high,99,zero-shot-bart-large-mnli,Support & Refunds,auto_high_confidence
"Absolutely unacceptable. It's been months since the Ne-Yo concert was canceled, and I'm still waiting for my refund. Customer support has been unresponsive, calls are ignored, and there has been no meaningful resolution despite repeated follow-ups. This has been one of the worst customer service experiences I've ever had.This is one of the biggest scamming companies in Sri Lanka. I strongly advise everyone to avoid using them.",1,2026-06-30 13:38:48,English,Negative,0.9998,NEGATIVE,"customer support, refunds, complaint handling, unhelpful support",0.9523414373397828,Support & Refunds,high,430,zero-shot-bart-large-mnli,Support & Refunds,auto_high_confidence
Worst taxi app ever. When we order a taxi in 6.30 a.m to 7.45 a.m any taxi can not find it. 😡😡😡🤬,1,2026-06-30 07:06:12,English,Negative,0.9998,NEGATIVE,"app bugs, crashes, slow app, technical issues, map, GPS, login, payment failure",0.581562876701355,App Bugs,medium,96,zero-shot-bart-large-mnli,Delivery Issues,keyword_rule
A long time bug. Can't schedule a ride for future time. ex: now it is 10pm. I want to schedule a ride for tomorrow 6am. i can pick tomorrow but not 6am. but it is possible to pick 11pm like time (after 10pm). This is a bug.,4,2026-06-29 22:18:01,English,Negative,0.9986,NEGATIVE,"privacy, security, data, account safety",0.2752542495727539,Privacy & Security,low,223,zero-shot-bart-large-mnli,App Bugs,keyword_rule
"drivers behave badly, asking cash when we book for someone else",3,2026-06-28 17:28:34,English,Negative,0.9997,NEGATIVE,"driver behavior, rude driver, unsafe driving, driver no show, safety issues",0.9007481932640076,Driver Behavior & Safety,high,63,zero-shot-bart-large-mnli,Driver Behavior & Safety,auto_high_confidence
careless driving. over charged,1,2026-06-26 16:18:58,English,Negative,0.9994,NEGATIVE,"driver behavior, rude driver, unsafe driving, driver no show, safety issues",0.8714680075645447,Driver Behavior & Safety,high,30,zero-shot-bart-large-mnli,Driver Behavior & Safety,auto_high_confidence
"Drivers call you and interview you, if you don't pass the interview they will cancel.",1,2026-06-26 13:27:18,English,Negative,0.9945,NEGATIVE,"pricing, surge pricing, bidding, driver offers, high fares, expensive, discounts",0.207519456744194,Pricing & Bidding,low,85,zero-shot-bart-large-mnli,Driver Behavior & Safety,keyword_rule
irritating location issues plz make it correct I just waste my time 1hr,1,2026-06-23 16:38:42,English,Negative,0.9998,NEGATIVE,"customer support, refunds, complaint handling, unhelpful support",0.4422909021377563,Support & Refunds,low,71,zero-shot-bart-large-mnli,App Bugs,keyword_rule
I'm giving it 5 stars and also I would suggest you to add up a timing system like a 20 min thing in which if the restaurant or the driver after picking it up failed to make it up on time the customer gets an off of some amount just like the (Hunger station) in Saudi Arabia I know it's a lot to ask but giving an option like that would make many people to buy and also the restaurant and the driver will have a priority to deliver the food within time.,5,2026-06-22 01:05:08,English,Negative,0.9932,NEGATIVE,"food delivery delays, late orders, missing items, wrong orders, cold food",0.3820249140262604,Delivery Issues,low,452,zero-shot-bart-large-mnli,Delivery Issues,keyword_rule
"the vehicle he came is defferent to the the number in the app,he asked for a OTP when the trip was finish.this was the first time i experienced.it didnt appear on the phone however he took my phone and got the number.",1,2026-06-18 17:22:44,English,Negative,0.9878,NEGATIVE,"driver behavior, rude driver, unsafe driving, driver no show, safety issues",0.6433787941932678,Driver Behavior & Safety,medium,217,zero-shot-bart-large-mnli,App Bugs,keyword_rule
"Very disappointing experience with PickMe Food. My bakery order's ETA changed 3 times and stayed on ""Food ready, waiting for pickup"" for nearly an hour. I wanted to cancel, but there was no option in the app. The bakery couldn't cancel, PickMe support couldn't cancel, and even the rider couldn't cancel. I had to delay checking out of my hotel and wait for the food. The rider was fast once assigned, but the food arrived cold. Also, where is the option to review PickMe's service itself? Uber Eats",1,2026-06-18 14:04:51,English,Negative,0.9994,NEGATIVE,"food delivery delays, late orders, missing items, wrong orders, cold food",0.9003139734268188,Delivery Issues,high,499,zero-shot-bart-large-mnli,Delivery Issues,auto_high_confidence
"Last week had a bad experience. App has showed me and driver different paths, so it costed double fee. Pickme refused to refund. Always before start the trip check path and charges with driver.",1,2026-06-18 09:27:20,English,Negative,0.9989,NEGATIVE,"customer support, refunds, complaint handling, unhelpful support",0.7273801565170288,Support & Refunds,high,193,zero-shot-bart-large-mnli,Support & Refunds,auto_high_confidence
I know this isn't because of the app some of the drivers misuse the bid and some accepting trip and few minutes they cancel it or accept it and cancel it at the same time which is annoying.,2,2026-06-18 08:45:33,English,Negative,0.9995,NEGATIVE,"driver behavior, rude driver, unsafe driving, driver no show, safety issues",0.8125486373901367,Driver Behavior & Safety,high,189,zero-shot-bart-large-mnli,Driver Behavior & Safety,auto_high_confidence
location is scrambled. it shows that don't exist,1,2026-06-17 08:02:47,English,Negative,0.9996,NEGATIVE,"privacy, security, data, account safety",0.3645509481430053,Privacy & Security,low,48,zero-shot-bart-large-mnli,App Bugs,keyword_rule
very poor customer service in pickme.when we call to customer care they every time lying.the giving fake details to us.they only focusing commission from us.. please don't recommend for anyone..,1,2026-06-16 23:36:59,English,Negative,0.9997,NEGATIVE,"customer support, refunds, complaint handling, unhelpful support",0.6329526901245117,Support & Refunds,medium,194,zero-shot-bart-large-mnli,Support & Refunds,keyword_rule
not working error message sorry! we could not verify your number (First installed ),1,2026-06-16 14:51:00,English,Negative,0.9981,NEGATIVE,"privacy, security, data, account safety",0.3546371161937713,Privacy & Security,low,83,zero-shot-bart-large-mnli,App Bugs,keyword_rule
New app update doesn't work on some mobiles...!,1,2026-06-13 20:57:06,English,Negative,0.9996,NEGATIVE,"app bugs, crashes, slow app, technical issues, map, GPS, login, payment failure",0.4714145362377167,App Bugs,medium,47,zero-shot-bart-large-mnli,App Bugs,keyword_rule
"This is one of the most annoying apps for booking rides. The ride get cancelld many times, or the price go higer than regular taxi ride and the booking takes so much time. Rides are very costly and the location get messed up often too. Neither fast service , nor accurate locating or nor rides on convenience price.",1,2026-06-13 12:40:26,English,Negative,0.9998,NEGATIVE,"app bugs, crashes, slow app, technical issues, map, GPS, login, payment failure",0.4481521844863891,App Bugs,low,315,zero-shot-bart-large-mnli,Pricing & Bidding,keyword_rule
why pick me not active tell me please,5,2026-06-09 06:13:33,English,Negative,0.9996,NEGATIVE,"driver behavior, rude driver, unsafe driving, driver no show, safety issues",0.7526462078094482,Driver Behavior & Safety,high,37,zero-shot-bart-large-mnli,Driver Behavior & Safety,auto_high_confidence
The WORST food delivery service ever!. Gives a fake estimated delivery time and keeps prolonging it. Very disappointed.,1,2026-06-04 19:56:47,English,Negative,0.9998,NEGATIVE,"food delivery delays, late orders, missing items, wrong orders, cold food",0.6814159750938416,Delivery Issues,high,119,zero-shot-bart-large-mnli,Delivery Issues,auto_high_confidence
worst app I have ever used the the estimated time is just a scam it increased 1 and half hour,1,2026-06-04 19:55:58,English,Negative,0.9998,NEGATIVE,"customer support, refunds, complaint handling, unhelpful support",0.404390811920166,Support & Refunds,low,93,zero-shot-bart-large-mnli,Privacy & Security,keyword_rule
bad app waiting chagers and trip end over riding not add well.so drivers charge over,1,2026-06-04 12:33:15,English,Negative,0.9959,NEGATIVE,"driver behavior, rude driver, unsafe driving, driver no show, safety issues",0.7274393439292908,Driver Behavior & Safety,high,84,zero-shot-bart-large-mnli,Driver Behavior & Safety,auto_high_confidence
driver robbed me and shot everyone in the vehicle I declare this MURDER(driver no plate:ABW 8473,1,2026-06-03 14:26:15,English,Negative,0.999,NEGATIVE,"driver behavior, rude driver, unsafe driving, driver no show, safety issues",0.8490623831748962,Driver Behavior & Safety,high,96,zero-shot-bart-large-mnli,Driver Behavior & Safety,auto_high_confidence
My account got reset all of a sudden. All my added details are all gone. Very disappointed. Need a fix ASAP,1,2026-06-02 23:47:16,English,Negative,0.9998,NEGATIVE,"privacy, security, data, account safety",0.814755916595459,Privacy & Security,high,107,zero-shot-bart-large-mnli,Privacy & Security,auto_high_confidence
gives automated discounts. when appealed after the trip. they ask for screenshots. bad service.,1,2026-05-31 16:26:25,English,Negative,0.9996,NEGATIVE,"customer support, refunds, complaint handling, unhelpful support",0.4283942580223083,Support & Refunds,low,95,zero-shot-bart-large-mnli,Pricing & Bidding,keyword_rule
"PickMe is not as fast as before. I don't think anyone should order food through PickMe anymore. I placed an order and it's been more than an hour, but it still hasn't arrived. The restaurant is located in Mount Lavinia, and the delivery address is Hill Street. Does it really take over an hour for such a delivery? I'm very disappointed with the service.",1,2026-05-30 18:22:57,English,Negative,0.9996,NEGATIVE,"food delivery delays, late orders, missing items, wrong orders, cold food",0.7677192687988281,Delivery Issues,high,354,zero-shot-bart-large-mnli,Delivery Issues,auto_high_confidence
disappointing customer service,1,2026-05-30 12:31:46,English,Negative,0.9998,NEGATIVE,"customer support, refunds, complaint handling, unhelpful support",0.6145793795585632,Support & Refunds,medium,30,zero-shot-bart-large-mnli,Support & Refunds,keyword_rule
"I would like to request an app where only the ride, event, rental, delivery and truck function are available. The food and market options are too distracting and its very much unfair for the user.",1,2026-05-30 04:59:54,English,Negative,0.9997,NEGATIVE,"driver behavior, rude driver, unsafe driving, driver no show, safety issues",0.2436745464801788,Driver Behavior & Safety,low,196,zero-shot-bart-large-mnli,Delivery Issues,keyword_rule
Not good app to much fault this app error error,1,2026-05-29 06:42:48,English,Negative,0.9997,NEGATIVE,"app bugs, crashes, slow app, technical issues, map, GPS, login, payment failure",0.5998448729515076,App Bugs,medium,47,zero-shot-bart-large-mnli,App Bugs,keyword_rule
"after the new update i cannot log in to my account anymore in my vivo Y93,i was stuck in the middle of the night without being able to book a ride i had to walk 5kms get home,app asks for tge mobile number to register and it says,device is not verified,i have been using this app for years but really dissapointed because of only focusing on high end devices when updating the app,not everybody uses new expensive mobile phones",1,2026-05-29 01:17:26,English,Negative,0.9993,NEGATIVE,"app bugs, crashes, slow app, technical issues, map, GPS, login, payment failure",0.5919122695922852,App Bugs,medium,427,zero-shot-bart-large-mnli,App Bugs,keyword_rule
"Interest in using this app is decreasing. It would be much better to conduct a face-to-face interview before selecting drivers, or at least allow only people within a suitable age limit to join. Many drivers still do not know how to navigate properly, even when guides are provided. Dealing with such situations becomes a difficult struggle for users, and this negatively affects the overall experience and interest in the app.Please consider allowing only drivers who have at least basic knowledge.",1,2026-05-28 17:53:23,English,Negative,0.9997,NEGATIVE,"driver behavior, rude driver, unsafe driving, driver no show, safety issues",0.3512278795242309,Driver Behavior & Safety,low,499,zero-shot-bart-large-mnli,Driver Behavior & Safety,keyword_rule
"The rides feature is fine but the food delivery feature is terrible. One time I had to wait 1 hour just for a driver to be assigned. Another time, I waited for an hour for a driver to be assigned and then the app cancelled my order.",2,2026-05-28 12:47:06,English,Negative,0.9994,NEGATIVE,"food delivery delays, late orders, missing items, wrong orders, cold food",0.8296008110046387,Delivery Issues,high,232,zero-shot-bart-large-mnli,Delivery Issues,auto_high_confidence
"Pickme food service system is terribly designed to not be responsible about its own service. I order dinner and hours go by with no driver, food gets cold, we cant cancel the order, and the customer care never answers. This is not a one time experience.",1,2026-05-24 21:57:55,English,Negative,0.9995,NEGATIVE,"food delivery delays, late orders, missing items, wrong orders, cold food",0.7877764701843262,Delivery Issues,high,253,zero-shot-bart-large-mnli,Delivery Issues,auto_high_confidence
bad app poor customer care😡,1,2026-05-22 19:10:21,English,Negative,0.9998,NEGATIVE,"customer support, refunds, complaint handling, unhelpful support",0.716828465461731,Support & Refunds,high,27,zero-shot-bart-large-mnli,Support & Refunds,auto_high_confidence
Very bad delivery service and the communication was poor never ordering again. please have a cancellation option.,1,2026-05-22 15:30:44,English,Negative,0.9998,NEGATIVE,"food delivery delays, late orders, missing items, wrong orders, cold food",0.4171513020992279,Delivery Issues,low,113,zero-shot-bart-large-mnli,Delivery Issues,keyword_rule
orders getting soooooo delay,2,2026-05-21 18:55:06,English,Negative,0.9953,NEGATIVE,"driver behavior, rude driver, unsafe driving, driver no show, safety issues",0.4425475001335144,Driver Behavior & Safety,low,28,zero-shot-bart-large-mnli,Delivery Issues,keyword_rule
worst app. always bugs,1,2026-05-21 12:43:34,English,Negative,0.9998,NEGATIVE,"app bugs, crashes, slow app, technical issues, map, GPS, login, payment failure",0.5647474527359009,App Bugs,medium,22,zero-shot-bart-large-mnli,App Bugs,keyword_rule
over charge now 2026/05/19,1,2026-05-19 19:39:59,English,Negative,0.8618,NEGATIVE,"driver behavior, rude driver, unsafe driving, driver no show, safety issues",0.3696294128894806,Driver Behavior & Safety,low,26,zero-shot-bart-large-mnli,Pricing & Bidding,keyword_rule
"I've been a user for a long time the issue I have is, it seems like y'all only save the history of rides and activity on the local storage. Cuz I recently changed my phone and It's like a fresh app now. only my personal details are there. No History or anything at all.🤦🏻",4,2026-05-18 23:04:19,English,Negative,0.9993,NEGATIVE,"privacy, security, data, account safety",0.8572107553482056,Privacy & Security,high,271,zero-shot-bart-large-mnli,Privacy & Security,auto_high_confidence
they don't pay their drivers well.,1,2026-05-18 12:18:08,English,Negative,0.9996,NEGATIVE,"app bugs, crashes, slow app, technical issues, map, GPS, login, payment failure",0.3455722630023956,App Bugs,low,34,zero-shot-bart-large-mnli,Driver Behavior & Safety,keyword_rule
"My trip fare was Rs.767.00 , but the driver charged Rs.1000.00 in cash. Please check this trip and assist with the overcharge. ( AAV0195 tuk -Dinesh )",1,2026-05-18 10:47:40,English,Negative,0.9569,NEGATIVE,"driver behavior, rude driver, unsafe driving, driver no show, safety issues",0.3605696260929107,Driver Behavior & Safety,low,150,zero-shot-bart-large-mnli,Pricing & Bidding,keyword_rule
This. Pick me service is useless. Not impressed with the services of the call center.,1,2026-05-17 20:43:21,English,Negative,0.9998,NEGATIVE,"customer support, refunds, complaint handling, unhelpful support",0.7032696008682251,Support & Refunds,high,85,zero-shot-bart-large-mnli,Support & Refunds,auto_high_confidence
the actual fare at the end of the ride Is more than the starting fare. trash app ngl,1,2026-05-16 09:40:19,English,Negative,0.9747,NEGATIVE,"app bugs, crashes, slow app, technical issues, map, GPS, login, payment failure",0.3483754992485046,App Bugs,low,84,zero-shot-bart-large-mnli,Pricing & Bidding,keyword_rule
"A thief who stole my groceries worth Rs. 18,000/- and vanished while I got down at my second stop to purchase some stuff. This is posted to as an eye opener for all who are going to get in to this tuk. Beware and be cautious",1,2026-05-15 19:41:35,English,Negative,0.9992,NEGATIVE,"driver behavior, rude driver, unsafe driving, driver no show, safety issues",0.7287594079971313,Driver Behavior & Safety,high,224,zero-shot-bart-large-mnli,Driver Behavior & Safety,auto_high_confidence
"bad service experienced in meal delivery service. 90 mins, Pickme can't find a delivery rider to deliver foods.. worst experience",1,2026-05-15 13:44:31,English,Negative,0.9998,NEGATIVE,"food delivery delays, late orders, missing items, wrong orders, cold food",0.8499528169631958,Delivery Issues,high,129,zero-shot-bart-large-mnli,Delivery Issues,auto_high_confidence
lankawe godak pickme karayo wahina dawasakata tip illala marena hadanawa ekek wath enne na,1,2026-05-14 23:55:51,English,Negative,0.9851,NEGATIVE,"driver behavior, rude driver, unsafe driving, driver no show, safety issues",0.702857255935669,Driver Behavior & Safety,high,90,zero-shot-bart-large-mnli,Driver Behavior & Safety,auto_high_confidence
worst app ever and their hotline also unable to work properly,1,2026-05-14 11:06:26,English,Negative,0.9998,NEGATIVE,"customer support, refunds, complaint handling, unhelpful support",0.7859768271446228,Support & Refunds,high,61,zero-shot-bart-large-mnli,Support & Refunds,auto_high_confidence
very bad service drivers asking to cancel the app drive driectly to hireand asked more money. vehicles not clean allthe time when i use this. do the needful make a proper service,1,2026-05-14 10:25:54,English,Negative,0.9997,NEGATIVE,"driver behavior, rude driver, unsafe driving, driver no show, safety issues",0.9197423458099364,Driver Behavior & Safety,high,178,zero-shot-bart-large-mnli,Driver Behavior & Safety,auto_high_confidence
"Very disappointing experience with PickMe. The app fare for my delivery was Rs. 3,163, but after we unloaded the goods, the driver demanded Rs. 5,000, saying he would not get a return hire. I had no smaller notes at the time and no choice but to pay. What was even more disappointing was PickMe refusing to refund the excess amount after multiple complaints. It felt very unfair that a loyal customer was left unprotected while a driver was allowed to take advantage of the situation. Extremely unpro",1,2026-05-13 19:16:50,English,Negative,0.9997,NEGATIVE,"customer support, refunds, complaint handling, unhelpful support",0.6001405119895935,Support & Refunds,medium,500,zero-shot-bart-large-mnli,Support & Refunds,keyword_rule
this is so bad we ordered some food and they said they can bring it within 30 minutes but we waited for 120 minutes but still didn't get it and there is no way to contact help center. so bad app.,1,2026-05-09 23:33:37,English,Negative,0.9997,NEGATIVE,"food delivery delays, late orders, missing items, wrong orders, cold food",0.4912364482879638,Delivery Issues,medium,195,zero-shot-bart-large-mnli,Delivery Issues,keyword_rule
bad app they take more oders and dealer Always late,1,2026-05-09 20:44:06,English,Negative,0.9997,NEGATIVE,"driver behavior, rude driver, unsafe driving, driver no show, safety issues",0.5709190368652344,Driver Behavior & Safety,medium,51,zero-shot-bart-large-mnli,Delivery Issues,keyword_rule
"Worst app ever.. Rides are good but when it comes to foods it will take at least 2hrs to deliver within 5kms.. To assign a delivery partner, they are taking just 30-40 minutes..",1,2026-05-09 20:30:09,English,Negative,0.9981,NEGATIVE,"food delivery delays, late orders, missing items, wrong orders, cold food",0.7252967357635498,Delivery Issues,high,177,zero-shot-bart-large-mnli,Delivery Issues,auto_high_confidence
double booking by App mistake. I was charged Rs30 cancellation fee.,1,2026-05-09 17:34:45,English,Negative,0.9988,NEGATIVE,"driver behavior, rude driver, unsafe driving, driver no show, safety issues",0.2665907442569732,Driver Behavior & Safety,low,67,zero-shot-bart-large-mnli,Pricing & Bidding,keyword_rule
worst app. accepting orders when riders arent available. both restaurant and me had to wait and I had to be hungry for an hour and also then the restaurant had to cancel,1,2026-05-09 16:47:44,English,Negative,0.9998,NEGATIVE,"food delivery delays, late orders, missing items, wrong orders, cold food",0.5282831788063049,Delivery Issues,medium,169,zero-shot-bart-large-mnli,Delivery Issues,keyword_rule
"My account was reset multiple times now. This is unacceptable. All of my personal information, ride information, addresses? ALL GONE. Horrible app.",1,2026-05-09 07:05:56,English,Negative,0.9998,NEGATIVE,"privacy, security, data, account safety",0.9135506749153136,Privacy & Security,high,147,zero-shot-bart-large-mnli,Privacy & Security,auto_high_confidence
Can't Install this App. It always try to get into driver app. So inconvinient and irritating. This happens from time to time.,5,2026-05-09 06:36:28,English,Negative,0.9997,NEGATIVE,"app bugs, crashes, slow app, technical issues, map, GPS, login, payment failure",0.36440509557724,App Bugs,low,125,zero-shot-bart-large-mnli,Driver Behavior & Safety,keyword_rule
"“Very disappointed with his service. He intentionally takes wrong routes to increase the hire cost, and his attitude is unprofessional.”",1,2026-05-08 19:55:29,English,Negative,0.9996,NEGATIVE,"driver behavior, rude driver, unsafe driving, driver no show, safety issues",0.8910384774208069,Driver Behavior & Safety,high,136,zero-shot-bart-large-mnli,Driver Behavior & Safety,auto_high_confidence
"Hi PickMe Support, My completed trip is not showing in the app, so I’m unable to submit a complaint. I booked a tuk from Wellawatte 36th Lane to Wellawatte Zuzi. The payment was already made by card in the app, but by mistake I also paid cash to the driver. The driver did not return the money and is not answering my calls. Please check my trip history and help me get a refund for the extra cash payment. Thank you.",1,2026-05-08 11:08:10,English,Negative,0.9993,NEGATIVE,"customer support, refunds, complaint handling, unhelpful support",0.5933100581169128,Support & Refunds,medium,417,zero-shot-bart-large-mnli,Support & Refunds,keyword_rule
re editing my 2 star review to make it 1 star. the pick me food additional charges are so obviously fake and just painful cash grabs. Uber is starting to be much more appealing,1,2026-05-06 15:58:08,English,Negative,0.991,NEGATIVE,"food delivery delays, late orders, missing items, wrong orders, cold food",0.3397878110408783,Delivery Issues,low,176,zero-shot-bart-large-mnli,Delivery Issues,keyword_rule
"when booking shows one amount, when price finish amount increased with surcharges ,",1,2026-05-02 14:12:07,English,Negative,0.7712,NEGATIVE,"pricing, surge pricing, bidding, driver offers, high fares, expensive, discounts",0.3737933337688446,Pricing & Bidding,low,83,zero-shot-bart-large-mnli,Pricing & Bidding,keyword_rule
can't order beverages n food and groceries from the same place from this app. Habe to place several orders to do so. Once they charged the order amount from my credit card but once order cancelled from the restaurant they didn't return the money. I didn't get the order or money. I made a complain and they said they have returned the money but bank denied it. try to contact via hotline several times but never able to get in touch. Better to use cash om delivery if you use pick me.,2,2026-05-02 12:25:54,English,Negative,0.9989,NEGATIVE,"customer support, refunds, complaint handling, unhelpful support",0.566128671169281,Support & Refunds,medium,484,zero-shot-bart-large-mnli,Delivery Issues,keyword_rule
"Rating: 0 if I could ""PickMe has stopped being a delivery app and has become a digital pickpocket. How do you justify charging LKR 265 in fees for a LKR 380 order? That is a 70% markup for a 2-minute drive. Small order fee, convenience fee, fuel fee, bag fee—what’s next? A 'wear and tear on the rider's tires' fee? You’re triple-dipping on every order. I’m not paying for a meal; I’m paying for your board members' bonuses. Uninstalling and going to Uber Eats. Absolute joke.""",1,2026-05-01 09:05:51,English,Negative,0.9992,NEGATIVE,"pricing, surge pricing, bidding, driver offers, high fares, expensive, discounts",0.3989145159721374,Pricing & Bidding,low,477,zero-shot-bart-large-mnli,Delivery Issues,keyword_rule
"They are charging for cancelling trips before it start, even with valid reason.",1,2026-05-01 01:42:09,English,Negative,0.9928,NEGATIVE,"driver behavior, rude driver, unsafe driving, driver no show, safety issues",0.4159727990627289,Driver Behavior & Safety,low,79,zero-shot-bart-large-mnli,Pricing & Bidding,keyword_rule
Worst app ever provided by a service provider.Customer care is very bad,1,2026-04-30 22:51:20,English,Negative,0.9998,NEGATIVE,"customer support, refunds, complaint handling, unhelpful support",0.5135582089424133,Support & Refunds,medium,71,zero-shot-bart-large-mnli,Support & Refunds,keyword_rule
Please check on this. some drivers are taking the trip and never show up. at least won't answer the phone. if there is a way to add screenshot its better for review option. then you'll can be updated on the drivers who does like this.,1,2026-04-30 08:06:35,English,Negative,0.9921,NEGATIVE,"driver behavior, rude driver, unsafe driving, driver no show, safety issues",0.8202120065689087,Driver Behavior & Safety,high,234,zero-shot-bart-large-mnli,Driver Behavior & Safety,auto_high_confidence
Pick me rides most of the time good. But pickme food delivery is poor service. Today I ordered for my dinner like 8'o clock. It took a long time like more than 1 and 1/2 hour to get my order from merchant. I called the merchant also. They informed us there is no delivery partners at that moment due to rain. But there is no rain in Colombo today. Just thunderstorm only.,2,2026-04-26 22:34:56,English,Negative,0.9976,NEGATIVE,"food delivery delays, late orders, missing items, wrong orders, cold food",0.6338728070259094,Delivery Issues,medium,371,zero-shot-bart-large-mnli,Delivery Issues,keyword_rule
update ekk diyan pissu kelinw,5,2026-04-25 09:51:42,English,Negative,0.9799,NEGATIVE,"driver behavior, rude driver, unsafe driving, driver no show, safety issues",0.3361254632472992,Driver Behavior & Safety,low,29,zero-shot-bart-large-mnli,App Bugs,keyword_rule
Good app.. but some bugs here and there. I cannot text the riders using the inbuilt messaging app. Gives me something went wrong. and the notification icons on the notification bar shows a white empty ball .. not configured properly. Im in a pixel 9 pro,3,2026-04-21 09:09:39,English,Negative,0.9997,NEGATIVE,"app bugs, crashes, slow app, technical issues, map, GPS, login, payment failure",0.4850769639015198,App Bugs,medium,253,zero-shot-bart-large-mnli,App Bugs,keyword_rule
terrible service. there hotline never pick up a call. if a rider or a customer in a trouble there is no one to talk to.,1,2026-04-19 20:21:14,English,Negative,0.9989,NEGATIVE,"customer support, refunds, complaint handling, unhelpful support",0.6120201945304871,Support & Refunds,medium,119,zero-shot-bart-large-mnli,Support & Refunds,keyword_rule
Drivers can see your personal number. Drivers use different vehicles instead of the registered number. Some of the Vehicles don't have AC.,1,2026-04-18 18:17:27,English,Negative,0.9936,NEGATIVE,"privacy, security, data, account safety",0.5117630958557129,Privacy & Security,medium,138,zero-shot-bart-large-mnli,Driver Behavior & Safety,keyword_rule
"This app makes money in a very bad way. It used to be a good app, but now it works very badly. Whenever I try to go on a trip, the price for that destination increases to even more money. It's not really worth it, now it's an app that has become a nuisance, I don't even bother using it, the distance is short but the price is twice as high.",1,2026-04-18 04:39:23,English,Negative,0.9993,NEGATIVE,"pricing, surge pricing, bidding, driver offers, high fares, expensive, discounts",0.4686192572116852,Pricing & Bidding,medium,341,zero-shot-bart-large-mnli,Pricing & Bidding,keyword_rule
one of the worst drivers you can get from this app. its so disappointing,1,2026-04-17 15:15:08,English,Negative,0.9998,NEGATIVE,"driver behavior, rude driver, unsafe driving, driver no show, safety issues",0.5972174406051636,Driver Behavior & Safety,medium,72,zero-shot-bart-large-mnli,Driver Behavior & Safety,keyword_rule
PickMe asked me to cancel the order even after it was ready for pickup from Hurry Up Homagama. Happened more than once. PickMe app seems to be glitching.,1,2026-04-17 11:23:36,English,Negative,0.9988,NEGATIVE,"app bugs, crashes, slow app, technical issues, map, GPS, login, payment failure",0.4236545860767364,App Bugs,low,153,zero-shot-bart-large-mnli,Delivery Issues,keyword_rule
Placed two food orders and they couldn't find a rider for the delivery. had to self pickup. worst app,1,2026-04-17 10:03:28,English,Negative,0.9998,NEGATIVE,"food delivery delays, late orders, missing items, wrong orders, cold food",0.4302848577499389,Delivery Issues,low,101,zero-shot-bart-large-mnli,Delivery Issues,keyword_rule
map location is very bad,3,2026-04-16 18:38:21,English,Negative,0.9998,NEGATIVE,"driver behavior, rude driver, unsafe driving, driver no show, safety issues",0.2506585717201233,Driver Behavior & Safety,low,24,zero-shot-bart-large-mnli,App Bugs,keyword_rule
drivers are really indecent most of the time,5,2026-04-16 16:58:45,English,Negative,0.9414,NEGATIVE,"driver behavior, rude driver, unsafe driving, driver no show, safety issues",0.7898215055465698,Driver Behavior & Safety,high,44,zero-shot-bart-large-mnli,Driver Behavior & Safety,auto_high_confidence
piekme patta hodai.habai lagata yanna hadissiyakata piekme drivers la anna na.aka poddak hada gattha nam 100%i.,4,2026-04-15 18:02:28,English,Negative,0.993,NEGATIVE,"driver behavior, rude driver, unsafe driving, driver no show, safety issues",0.7305073142051697,Driver Behavior & Safety,high,111,zero-shot-bart-large-mnli,Driver Behavior & Safety,auto_high_confidence
worst customer service. not answering phones. totally worthless. don't use this,1,2026-04-15 14:53:29,English,Negative,0.9998,NEGATIVE,"customer support, refunds, complaint handling, unhelpful support",0.8232496976852417,Support & Refunds,high,79,zero-shot-bart-large-mnli,Support & Refunds,auto_high_confidence
really disgusting app. unacceptable reliability. The company has told a driver that a Wagon R can take only 3 people which is absurd. Wonder what their reason behind it. Such a stupid company.,1,2026-04-14 22:48:22,English,Negative,0.9998,NEGATIVE,"driver behavior, rude driver, unsafe driving, driver no show, safety issues",0.4300478100776672,Driver Behavior & Safety,low,192,zero-shot-bart-large-mnli,Driver Behavior & Safety,keyword_rule
"Please have an auto cancellation after 1 hour if a delivery partner has not picked the order so we can order from elsewhere. Some times the merchant does not answer. Also, there is still quite a bad delay in the map sometimes. Please fix this.",3,2026-04-14 21:46:27,English,Negative,0.9997,NEGATIVE,"app bugs, crashes, slow app, technical issues, map, GPS, login, payment failure",0.2868967950344085,App Bugs,low,243,zero-shot-bart-large-mnli,Delivery Issues,keyword_rule
need to increase there driver search,3,2026-04-12 14:07:27,English,Negative,0.9927,NEGATIVE,"driver behavior, rude driver, unsafe driving, driver no show, safety issues",0.7262558341026306,Driver Behavior & Safety,high,36,zero-shot-bart-large-mnli,Driver Behavior & Safety,auto_high_confidence
"I am extremely disappointed with my experience using the PickMe app. What used to be a convenient and reliable service has now become frustrating and unreliable. On multiple occasions, drivers have either accepted my ride and then canceled at the last minute or taken far too long to arrive without any proper updates. It feels like there is no accountability, and customers are left waiting without any clear communication. One of the biggest issues is the timing. The app often shows that a driver",2,2026-04-10 15:34:39,English,Negative,0.9997,NEGATIVE,"driver behavior, rude driver, unsafe driving, driver no show, safety issues",0.643065869808197,Driver Behavior & Safety,medium,499,zero-shot-bart-large-mnli,Driver Behavior & Safety,keyword_rule
"I waited nearly 2 hours for my lunch to deliver, but no driver accepted the delivery. There was no proper communication or update during the wait. This is very poor service and a frustrating experience, and i will not use this service again.😡",1,2026-04-10 13:30:53,English,Negative,0.9997,NEGATIVE,"driver behavior, rude driver, unsafe driving, driver no show, safety issues",0.5430582165718079,Driver Behavior & Safety,medium,242,zero-shot-bart-large-mnli,Delivery Issues,keyword_rule
worst app..it wasted drivers and passengers time and money,1,2026-04-07 10:06:41,English,Negative,0.9998,NEGATIVE,"app bugs, crashes, slow app, technical issues, map, GPS, login, payment failure",0.3105276823043823,App Bugs,low,58,zero-shot-bart-large-mnli,Driver Behavior & Safety,keyword_rule
"absolutely the worst service ever. it started out good but now since their issue with not being able to use google maps, the app sucks. sometimes drivers go to the drop to pick someone up😑 and the prices seem to be getting higher too, not to mention most of the drivers are unfriendly and without any sort of ethics. they will accept the ride, wait a few minutes and cancel it themselves. worst app ever.",1,2026-04-07 08:10:46,English,Negative,0.9994,NEGATIVE,"driver behavior, rude driver, unsafe driving, driver no show, safety issues",0.7624216079711914,Driver Behavior & Safety,high,404,zero-shot-bart-large-mnli,Driver Behavior & Safety,auto_high_confidence
the worst app ever isn't a very good takes lots of time to get a driver and the drivers are very bad,1,2026-04-06 12:02:34,English,Negative,0.9998,NEGATIVE,"driver behavior, rude driver, unsafe driving, driver no show, safety issues",0.7765836119651794,Driver Behavior & Safety,high,100,zero-shot-bart-large-mnli,Driver Behavior & Safety,auto_high_confidence
The drivers on this site is absolutely unqualified as professional drivers. Almost every driver will tackle for extra money.,2,2026-04-04 13:07:37,English,Negative,0.9939,NEGATIVE,"driver behavior, rude driver, unsafe driving, driver no show, safety issues",0.6557797193527222,Driver Behavior & Safety,high,124,zero-shot-bart-large-mnli,Driver Behavior & Safety,auto_high_confidence
"Very bad experience with PickMe. 1) About 2 months ago, LKR 100 was deducted for a courier order. The rider accepted and then cancelled, but the amount was never refunded. 2) On March 29: - LKR 100 was deducted when placing the courier order. - Later, LKR 250 was deducted again from my card. - Another LKR 250 was deducted from my PickMe coins. Multiple incorrect charges and no refunds so far. I also contacted support but got no response.",1,2026-04-03 17:23:46,English,Negative,0.9994,NEGATIVE,"customer support, refunds, complaint handling, unhelpful support",0.8059917092323303,Support & Refunds,high,441,zero-shot-bart-large-mnli,Support & Refunds,auto_high_confidence
"""Customer service is extremely poor... they don’t even answer calls... and even when they do, they don’t respond to the actual question asked.""",1,2026-04-03 10:51:21,English,Negative,0.9998,NEGATIVE,"customer support, refunds, complaint handling, unhelpful support",0.8251640200614929,Support & Refunds,high,143,zero-shot-bart-large-mnli,Support & Refunds,auto_high_confidence
I ordered some food items in pick me app . and shop said Oder is ready but driver is not connected. I ordered in 12.40 pm now time 16.08 pm still not delivered yet. succha waste app . still I'm in Hungary 😡🤬 and also I called do hot line they're not responding. cutting my call,1,2026-04-01 16:16:26,English,Negative,0.9992,NEGATIVE,"food delivery delays, late orders, missing items, wrong orders, cold food",0.4416291415691376,Delivery Issues,low,277,zero-shot-bart-large-mnli,Delivery Issues,keyword_rule
"😡😡😡Very disappointing experience with this app. After adding my car details and linking three payment cards for purchases through Pick Me, I noticed several unauthorized deductions from my accounts. A significant amount of money was taken without clear explanation. I reported the issue many times but have not received any refund so far. Customer service is extremely poor, calls are not answered, and responses are unclear. I strongly advise users to be careful before using this app.😡😡😡",1,2026-03-31 14:50:05,English,Negative,0.9996,NEGATIVE,"customer support, refunds, complaint handling, unhelpful support",0.8977406024932861,Support & Refunds,high,489,zero-shot-bart-large-mnli,Support & Refunds,auto_high_confidence
I really satisified with this app. But I have concern in displaying our phone number detail to the drivers. please only allow them to contact us through the app only. Don't share our contact number with them. I had a bad experience on 28th March 2026. The driver called me and scold me in bad words. This is not good.,3,2026-03-31 11:44:12,English,Negative,0.9996,NEGATIVE,"privacy, security, data, account safety",0.698997437953949,Privacy & Security,high,317,zero-shot-bart-large-mnli,Privacy & Security,auto_high_confidence
"Please fix these bugs. Early this morning, I booked a ride and completed it, but then another ride was automatically booked. Now the PickMe driver is shouting at me and insulting my mother.",1,2026-03-31 07:58:09,English,Negative,0.9992,NEGATIVE,"driver behavior, rude driver, unsafe driving, driver no show, safety issues",0.8741418719291687,Driver Behavior & Safety,high,189,zero-shot-bart-large-mnli,Driver Behavior & Safety,auto_high_confidence
very unfair taxi service,1,2026-03-30 14:22:58,English,Negative,0.9995,NEGATIVE,"driver behavior, rude driver, unsafe driving, driver no show, safety issues",0.6746873259544373,Driver Behavior & Safety,high,24,zero-shot-bart-large-mnli,Driver Behavior & Safety,auto_high_confidence
"Pikme drivers are not paid enough, they ask for more money at the end of a hire we go to. Pikme company should take care of this.",1,2026-03-30 12:23:09,English,Negative,0.9985,NEGATIVE,"driver behavior, rude driver, unsafe driving, driver no show, safety issues",0.6118960380554199,Driver Behavior & Safety,medium,129,zero-shot-bart-large-mnli,Driver Behavior & Safety,keyword_rule
"no responsibility for the incorrect food delivered.. no refunds. just apologies.. we pay for food. delivery package,late night fees. fuel surcharge, busy time fees and many more but no control or governance over incorrect delivery",1,2026-03-29 22:48:53,English,Negative,0.9986,NEGATIVE,"food delivery delays, late orders, missing items, wrong orders, cold food",0.5642234683036804,Delivery Issues,medium,230,zero-shot-bart-large-mnli,Delivery Issues,keyword_rule
"🤮🤮🤮🤮Pickme is the worst taxi app in Sri Lanka, they have hidden fees and the worst customer service.",1,2026-03-29 06:46:56,English,Negative,0.9998,NEGATIVE,"customer support, refunds, complaint handling, unhelpful support",0.6311371922492981,Support & Refunds,medium,100,zero-shot-bart-large-mnli,Support & Refunds,keyword_rule
i don recomend this app some drivers dont accept rides,1,2026-03-28 17:32:13,English,Negative,0.9971,NEGATIVE,"driver behavior, rude driver, unsafe driving, driver no show, safety issues",0.5084289908409119,Driver Behavior & Safety,medium,54,zero-shot-bart-large-mnli,Driver Behavior & Safety,keyword_rule
"I purchased tickets from Pickme for NeYo live in Colombo in September, and however the show was cancelled without any reasons only 2 days before the date of the event. I applied for a refund on January and I have been waiting for a refund for three months and nothing happened. DO NOT EVER TRUST PICK ME PLATFORM FOR EVENT TICKETS !!!!!! Dear PickMe, stop doing scams and actively help people who trusted you in the process of returning the tickets.",1,2026-03-28 11:02:30,English,Negative,0.998,NEGATIVE,"customer support, refunds, complaint handling, unhelpful support",0.5600513219833374,Support & Refunds,medium,449,zero-shot-bart-large-mnli,Support & Refunds,keyword_rule
"Back in September 2025, I purchased 120k worth of tickets via the Pick Me app for an event. The event eventually got cancelled. It's March 2026 and I'm still waiting on the refund.",1,2026-03-28 09:52:59,English,Negative,0.9983,NEGATIVE,"customer support, refunds, complaint handling, unhelpful support",0.3583652675151825,Support & Refunds,low,180,zero-shot-bart-large-mnli,Support & Refunds,keyword_rule
"This is the worst hide railing, delivery partner and event management partner. Do not fall for their over priced rates. they estimate one rate and then when you get off it magically changes. They also oragnize fake events such as ""NeYo - Live In Sri Lanka"" mark the event as completed after cancelling the event and do not refund the ticket holders money. Before using this unprofessional customer unfriendly app, their customer support is also absolutely horrible. MY ADVICE PLEASE USE UBER",1,2026-03-28 09:43:00,English,Negative,0.9995,NEGATIVE,"customer support, refunds, complaint handling, unhelpful support",0.6338555812835693,Support & Refunds,medium,491,zero-shot-bart-large-mnli,Support & Refunds,keyword_rule
"No discounts, the cost is soo much more than uber",1,2026-03-27 11:46:41,English,Negative,0.997,NEGATIVE,"pricing, surge pricing, bidding, driver offers, high fares, expensive, discounts",0.6319449543952942,Pricing & Bidding,medium,49,zero-shot-bart-large-mnli,Pricing & Bidding,keyword_rule
don't use it.it is not safety and high price some times.,1,2026-03-27 06:48:07,English,Negative,0.9976,NEGATIVE,"driver behavior, rude driver, unsafe driving, driver no show, safety issues",0.4229147434234619,Driver Behavior & Safety,low,56,zero-shot-bart-large-mnli,Pricing & Bidding,keyword_rule
They charge more money.. They charge more than 8%...,1,2026-03-26 15:11:54,English,Negative,0.98,NEGATIVE,"pricing, surge pricing, bidding, driver offers, high fares, expensive, discounts",0.4896894991397857,Pricing & Bidding,medium,52,zero-shot-bart-large-mnli,Pricing & Bidding,keyword_rule
"PickMe is an extremely poor app. It exploits its drivers and fails to ensure passenger safety. In comparison, Helago is a superior alternative.""",1,2026-03-26 09:36:43,English,Negative,0.9998,NEGATIVE,"driver behavior, rude driver, unsafe driving, driver no show, safety issues",0.6547629237174988,Driver Behavior & Safety,high,144,zero-shot-bart-large-mnli,Driver Behavior & Safety,auto_high_confidence
This app is taking too much money from people...and ripping off drivers.,1,2026-03-26 04:13:10,English,Negative,0.9998,NEGATIVE,"pricing, surge pricing, bidding, driver offers, high fares, expensive, discounts",0.3338640630245209,Pricing & Bidding,low,72,zero-shot-bart-large-mnli,Driver Behavior & Safety,keyword_rule
Evening is good but location tracking sometimes bugs. 💯✊🇱🇰,5,2026-03-26 02:27:17,English,Negative,0.9709,NEGATIVE,"privacy, security, data, account safety",0.7590675354003906,Privacy & Security,high,58,zero-shot-bart-large-mnli,Privacy & Security,auto_high_confidence
"They always charge more than the amount, and the call center doesn't give any proper answers even when you call. Alternatives like Helago and Uber seem to be better.",1,2026-03-26 02:27:08,English,Negative,0.9989,NEGATIVE,"customer support, refunds, complaint handling, unhelpful support",0.7193486094474792,Support & Refunds,high,165,zero-shot-bart-large-mnli,Support & Refunds,auto_high_confidence
one of the worst app ever experienced i ordered food it's almost 4hrs delayed still not cable to cancel the order still it's. showing delivery partner assign soon worst app ever,1,2026-03-25 16:35:49,English,Negative,0.9997,NEGATIVE,"food delivery delays, late orders, missing items, wrong orders, cold food",0.5566553473472595,Delivery Issues,medium,177,zero-shot-bart-large-mnli,Delivery Issues,keyword_rule
useless at times. useless hotline. food gets delayed at times without anyone being able to settle it.,1,2026-03-23 00:03:14,English,Negative,0.9998,NEGATIVE,"customer support, refunds, complaint handling, unhelpful support",0.5234894156455994,Support & Refunds,medium,101,zero-shot-bart-large-mnli,Delivery Issues,keyword_rule
"This all is a scam, don't use it !",1,2026-03-22 13:46:59,English,Negative,0.9998,NEGATIVE,"customer support, refunds, complaint handling, unhelpful support",0.3995122015476227,Support & Refunds,low,34,zero-shot-bart-large-mnli,Privacy & Security,keyword_rule
Very Bad Expirience. Driver completely misguide the instructions given. May be he is done it purposely for increase the hire amount..,1,2026-03-22 12:30:31,English,Negative,0.9998,NEGATIVE,"driver behavior, rude driver, unsafe driving, driver no show, safety issues",0.925036609172821,Driver Behavior & Safety,high,133,zero-shot-bart-large-mnli,Driver Behavior & Safety,auto_high_confidence
very bad because they are crediting 500 each and every month without our permission don't download this app ( for you keep your account safe ).,1,2026-03-20 04:58:07,English,Negative,0.9997,NEGATIVE,"privacy, security, data, account safety",0.901780605316162,Privacy & Security,high,143,zero-shot-bart-large-mnli,Privacy & Security,auto_high_confidence
"‼️‼️I honestly don’t even feel like giving one star for this app. I’ve been using PickMe for a long time, but recently I’ve been facing sudden price hikes that are very confusing. Even when I travel a shorter distance than the estimated kilometers, I get charged a higher price than what a normal tuk driver would take. Sometimes, for the same distance, the fare is much higher than the usual price they charge.",1,2026-03-19 13:22:54,English,Negative,0.9292,NEGATIVE,"pricing, surge pricing, bidding, driver offers, high fares, expensive, discounts",0.7796596884727478,Pricing & Bidding,high,411,zero-shot-bart-large-mnli,Pricing & Bidding,auto_high_confidence
"Used PickMe for a short ride from Shangri-La Colombo to Gini. Estimated fare was ~LKR 578 (21 mins, no traffic). We arrived and were already seated for dinner by 7:30 PM, yet the app charged LKR 2,497 and shows a trip duration of 1 hour 37 minutes — which is impossible. Support claimed I “requested a longer route,” but that does not explain a fabricated duration after drop-off. This is an obvious billing error and extremely concerning. Use with caution or avoid totally! scammers",1,2026-03-19 10:32:03,English,Negative,0.9978,NEGATIVE,"privacy, security, data, account safety",0.3777074515819549,Privacy & Security,low,483,zero-shot-bart-large-mnli,Pricing & Bidding,keyword_rule
purchased event tickets from them due to trust in company. event got cancelled and no refund as yet 3 months later!,1,2026-03-19 01:57:59,English,Negative,0.9985,NEGATIVE,"customer support, refunds, complaint handling, unhelpful support",0.7123799324035645,Support & Refunds,high,115,zero-shot-bart-large-mnli,Support & Refunds,auto_high_confidence
Tried to get taxi from airport to Kadawatha 28/02/2026 Morning. 12 times driver's canseled the trip. finally I did booking with Uber and one go driver accept and picked me. Officer in the airport arraival terminal also not help full is simply rejected my request. Pleas use other service insted of PickMe Pick me has blocked my account insted of taking action against their unprofessional drivers. 😁😁,1,2026-03-18 15:48:11,English,Negative,0.9992,NEGATIVE,"driver behavior, rude driver, unsafe driving, driver no show, safety issues",0.8088021874427795,Driver Behavior & Safety,high,400,zero-shot-bart-large-mnli,Driver Behavior & Safety,auto_high_confidence
"very bad, the delivery is delayed more than 2 hrs and it really worse the customer service couldn't cancel the order, worst",1,2026-03-17 18:40:43,English,Negative,0.9995,NEGATIVE,"customer support, refunds, complaint handling, unhelpful support",0.6186448931694031,Support & Refunds,medium,123,zero-shot-bart-large-mnli,Delivery Issues,keyword_rule
the rob us. rates are too much..,1,2026-03-17 15:15:29,English,Negative,0.9998,NEGATIVE,"pricing, surge pricing, bidding, driver offers, high fares, expensive, discounts",0.3072435855865478,Pricing & Bidding,low,32,zero-shot-bart-large-mnli,Pricing & Bidding,keyword_rule
useless customer service with an outdated app,1,2026-03-16 15:32:55,English,Negative,0.9998,NEGATIVE,"customer support, refunds, complaint handling, unhelpful support",0.6427317261695862,Support & Refunds,medium,45,zero-shot-bart-large-mnli,Support & Refunds,keyword_rule
"PickMe drivers are completely useless now. The rates have increased significantly, and to make matters worse, when you book a ride, you have to wait for a long time. Even if it says they’ll arrive in 5 minutes, it takes more than 10 minutes for the driver to show up. PickMe is just not worth it anymore; Uber is much better now. I am deleting the PickMe app today.",1,2026-03-16 12:19:30,English,Negative,0.9996,NEGATIVE,"driver behavior, rude driver, unsafe driving, driver no show, safety issues",0.6186984181404114,Driver Behavior & Safety,medium,365,zero-shot-bart-large-mnli,Driver Behavior & Safety,keyword_rule
drivers accept rides and then cancel.. periodically and there is no punishment for this behaviour. Uber is a safer choice when available.,1,2026-03-16 08:53:50,English,Negative,0.9292,NEGATIVE,"driver behavior, rude driver, unsafe driving, driver no show, safety issues",0.9026119112968444,Driver Behavior & Safety,high,137,zero-shot-bart-large-mnli,Driver Behavior & Safety,auto_high_confidence
"navigation not working, charges increased, too hungry",3,2026-03-15 12:57:20,English,Negative,0.9991,NEGATIVE,"app bugs, crashes, slow app, technical issues, map, GPS, login, payment failure",0.6912617683410645,App Bugs,high,53,zero-shot-bart-large-mnli,App Bugs,auto_high_confidence
your driver alive or die very slow and wast of the time finally i got metter taxi i unistall this app my phone,1,2026-03-15 10:27:06,English,Negative,0.9965,NEGATIVE,"driver behavior, rude driver, unsafe driving, driver no show, safety issues",0.6185164451599121,Driver Behavior & Safety,medium,110,zero-shot-bart-large-mnli,Driver Behavior & Safety,keyword_rule
"app not working ,opened but still loading screen",1,2026-03-14 19:19:35,English,Negative,0.9946,NEGATIVE,"app bugs, crashes, slow app, technical issues, map, GPS, login, payment failure",0.6607961654663086,App Bugs,high,48,zero-shot-bart-large-mnli,App Bugs,auto_high_confidence
The app allows multiple possibilities to get scammed by drivers. I cannot recommend ever using Card as payment method as it allows many scam methods. When using cash always monitor the route the driver takes. We were overcharged because the driver took a longer route on purpose. Another time the driver went into the direction of his home town and just threw us out of the car charging the full fare. Pickme support does nothing if you ask for help. They just close the ticket without response.,1,2026-03-13 13:16:54,English,Negative,0.9995,NEGATIVE,"customer support, refunds, complaint handling, unhelpful support",0.5825971364974976,Support & Refunds,medium,495,zero-shot-bart-large-mnli,Support & Refunds,keyword_rule
worst.mostly app crash when im ending a trip. take long time to display hire fare. pickme map lag every time when turning. trash.,1,2026-03-13 09:27:08,English,Negative,0.9998,NEGATIVE,"app bugs, crashes, slow app, technical issues, map, GPS, login, payment failure",0.918893814086914,App Bugs,high,129,zero-shot-bart-large-mnli,App Bugs,auto_high_confidence
"Very disappointed with this app. I was charged additional fees (surcharges) without any prior notification, and the extra charge was more than 100% of the original hire amount. Customer support did not provide a clear or satisfactory explanation. I request the developer to review this issue and arrange a refund for the unfair charge. I will update my review once the matter is resolved.",1,2026-03-12 14:23:03,English,Negative,0.9997,NEGATIVE,"customer support, refunds, complaint handling, unhelpful support",0.7058991193771362,Support & Refunds,high,388,zero-shot-bart-large-mnli,Support & Refunds,auto_high_confidence
worst app for food deliveries.,1,2026-03-10 22:41:14,English,Negative,0.9998,NEGATIVE,"app bugs, crashes, slow app, technical issues, map, GPS, login, payment failure",0.2778498828411102,App Bugs,low,30,zero-shot-bart-large-mnli,Delivery Issues,keyword_rule
driver did not take me to the destination I book the ride. i had to pay extra.,2,2026-03-07 21:27:18,English,Negative,0.999,NEGATIVE,"driver behavior, rude driver, unsafe driving, driver no show, safety issues",0.8116243481636047,Driver Behavior & Safety,high,78,zero-shot-bart-large-mnli,Driver Behavior & Safety,auto_high_confidence
so bad I was like waiting for my ride like 20 to 30 min and still didn't came... I book a took took and a bike both didn't came.. great job 👏,1,2026-03-06 08:30:17,English,Negative,0.9995,NEGATIVE,"driver behavior, rude driver, unsafe driving, driver no show, safety issues",0.9478387236595154,Driver Behavior & Safety,high,141,zero-shot-bart-large-mnli,Driver Behavior & Safety,auto_high_confidence
it gets long time to update the location,1,2026-03-05 18:01:30,English,Negative,0.9966,NEGATIVE,"app bugs, crashes, slow app, technical issues, map, GPS, login, payment failure",0.3760530948638916,App Bugs,low,40,zero-shot-bart-large-mnli,App Bugs,keyword_rule
the worst experience I had . all the drivers are cancelling on me even tho I had a emergency. 3 drives accepted and cancelled. will never use this app ever again in my life I got late for work because of this . never can relay on this app,1,2026-03-04 17:23:47,English,Negative,0.9997,NEGATIVE,"driver behavior, rude driver, unsafe driving, driver no show, safety issues",0.8682305216789246,Driver Behavior & Safety,high,238,zero-shot-bart-large-mnli,Driver Behavior & Safety,auto_high_confidence
"prices are going soooo up, normally I go for 270 now 459.",1,2026-03-04 07:26:28,English,Negative,0.9884,NEGATIVE,"pricing, surge pricing, bidding, driver offers, high fares, expensive, discounts",0.7562461495399475,Pricing & Bidding,high,57,zero-shot-bart-large-mnli,Pricing & Bidding,auto_high_confidence
showing location very weak and,2,2026-03-03 14:23:13,English,Negative,0.9998,NEGATIVE,"driver behavior, rude driver, unsafe driving, driver no show, safety issues",0.5920218825340271,Driver Behavior & Safety,medium,30,zero-shot-bart-large-mnli,App Bugs,keyword_rule
"PickMe is getting worse day by day. PickMe allows create 'duplicate' PickMe accounts, and even tries to force us to pay the unpaid order value for orders made by the dupe account. A few weeks back, my app was reset twice. Last week a driver left me in a middle of a round trip and charged extra. After a complaint was made the app was not working properly and I updated. Happy to say the app no longer works. And there's no way of knowing what happened with the complaint.",1,2026-03-03 03:43:53,English,Negative,0.9997,NEGATIVE,"driver behavior, rude driver, unsafe driving, driver no show, safety issues",0.6759878396987915,Driver Behavior & Safety,high,472,zero-shot-bart-large-mnli,Driver Behavior & Safety,auto_high_confidence
"Today I had a very disappointing experience with your service. I have been using this app for the past 8 years, and I have never faced an incident like this before.Today, I booked a ride from Nugegoda to Bodhirukkarama Road. The usual distance is around 2.5 km. When I arranged the PickMe ride, the displayed fare was 265 LKR. Based on that amount, I confirmed the booking. However, at the end of the trip, I was charged 465 LKR. Normally, for this route, even a road taxi charges only around 230 LKR",1,2026-03-02 22:12:45,English,Negative,0.9964,NEGATIVE,"pricing, surge pricing, bidding, driver offers, high fares, expensive, discounts",0.3672253787517547,Pricing & Bidding,low,500,zero-shot-bart-large-mnli,Pricing & Bidding,keyword_rule
"I have been very dissatisfied with the pickMe app lately. When ordering pickMe food, the app showed that the order had been accepted, but the restaurant got the order 15 minutes late. After the driver picks up the order, the map doesn't show clearly where he is and the order is 45 minutes late.",3,2026-03-02 08:59:32,English,Negative,0.9993,NEGATIVE,"food delivery delays, late orders, missing items, wrong orders, cold food",0.4509190618991852,Delivery Issues,medium,295,zero-shot-bart-large-mnli,Delivery Issues,keyword_rule
"I arranged a PickMe Flash delivery to collect a watch worth Rs. 20,000 from a shop. The rider picked up the package but immediately cancelled the ride and has not answered my calls since. It has been over a week, and I have neither received the package nor a proper update from PickMe. We trusted your platform to ensure safe and secure delivery. I am extremely disappointed with how this matter has been handled.",1,2026-03-01 21:11:36,English,Negative,0.9996,NEGATIVE,"driver behavior, rude driver, unsafe driving, driver no show, safety issues",0.7491106986999512,Driver Behavior & Safety,high,413,zero-shot-bart-large-mnli,Driver Behavior & Safety,auto_high_confidence
one of the scam platforms,1,2026-03-01 16:16:55,English,Negative,0.9993,NEGATIVE,"pricing, surge pricing, bidding, driver offers, high fares, expensive, discounts",0.2702645361423492,Pricing & Bidding,low,25,zero-shot-bart-large-mnli,Privacy & Security,keyword_rule
"I am very disappointed with the service today. I placed an order and the relevant amount was deducted from my account. However, the outlet staff informed me that they did not receive my order. The PickMe team also could not clearly explain what happened. This caused a waste of my time.and also I previously made a complaint regarding a ride. The agent agreed to refund my amount and closed the complaint in the PickMe app about one or two months ago. However, I still have not received my funds.",1,2026-03-01 13:27:06,English,Negative,0.9997,NEGATIVE,"customer support, refunds, complaint handling, unhelpful support",0.9226901531219482,Support & Refunds,high,496,zero-shot-bart-large-mnli,Support & Refunds,auto_high_confidence
such a slow app,1,2026-02-28 22:36:08,English,Negative,0.9997,NEGATIVE,"app bugs, crashes, slow app, technical issues, map, GPS, login, payment failure",0.6249046325683594,App Bugs,medium,15,zero-shot-bart-large-mnli,App Bugs,keyword_rule
"pick me driver demanded 1900Rs, but the App clearly said it was 1280Rs, I had to pay, because driver said he was promised by the App the price was 1900Rs, that is why he took the job. Either the driver was a lier, OR, the pickme App is ripping us off. I will go to Uber and pay lot more, because they have been honest",1,2026-02-27 00:34:25,English,Negative,0.9979,NEGATIVE,"driver behavior, rude driver, unsafe driving, driver no show, safety issues",0.8369355201721191,Driver Behavior & Safety,high,317,zero-shot-bart-large-mnli,Driver Behavior & Safety,auto_high_confidence
"too slow, to have food arrive, we should at least book it 5 hrs before.",2,2026-02-26 14:22:35,English,Negative,0.9997,NEGATIVE,"food delivery delays, late orders, missing items, wrong orders, cold food",0.6045312285423279,Delivery Issues,medium,71,zero-shot-bart-large-mnli,Delivery Issues,keyword_rule
"Never use the PickMe courier service, it’s extremely disappointing. The deliveries are actually handled by CityPack, and their service quality is very poor. You can check the reviews yourself. When I used this service, it took 5 to 7 days for my parcel to be delivered. I’m very disappointed with the PickMe app.",1,2026-02-26 10:36:38,English,Negative,0.9998,NEGATIVE,"privacy, security, data, account safety",0.3426044881343841,Privacy & Security,low,312,zero-shot-bart-large-mnli,Delivery Issues,keyword_rule
literally Today Pickme just played with me i booked For A RIDE But Suddenly I dont Know What happened There were 5 to 6 Difference Riders Were waiting on the PiCkup Point at Last I was Forced to Cancel other Rider Booking Even pickme has Charged for That Too Even tho its some PiCkme's Technical Fault Atleast Please Limit Ride booking maximum To 2 Other wise there will be so many issues like this in Future Thank You,5,2026-02-25 21:25:44,English,Negative,0.9975,NEGATIVE,"driver behavior, rude driver, unsafe driving, driver no show, safety issues",0.6786364912986755,Driver Behavior & Safety,high,418,zero-shot-bart-large-mnli,Driver Behavior & Safety,auto_high_confidence
Great.. but price is expensive than Uber.. so I'm not using this app anymore,4,2026-02-22 17:46:08,English,Negative,0.9913,NEGATIVE,"pricing, surge pricing, bidding, driver offers, high fares, expensive, discounts",0.5281304121017456,Pricing & Bidding,medium,76,zero-shot-bart-large-mnli,Pricing & Bidding,keyword_rule
EDIT - 22nd Of February 2026 Really Disappointed With PickMe Service. Still It Shows Different Charges To Same Location. Every Few Minutes It Shows Different Fare. SCAM 🛑 Old Review - Rates Are Changing With In Minutes For Same Location. 181.90 -> 191.90 -> 200.00 Is This SCAM?,1,2026-02-22 10:23:17,English,Negative,0.9987,NEGATIVE,"pricing, surge pricing, bidding, driver offers, high fares, expensive, discounts",0.3155206441879272,Pricing & Bidding,low,278,zero-shot-bart-large-mnli,Pricing & Bidding,keyword_rule
it takes a long time for a driver to connect. we have even cancelled the events that we planned to go . my husbands abroad so we need a flex or a tuk to go.,3,2026-02-22 07:33:36,English,Negative,0.9994,NEGATIVE,"driver behavior, rude driver, unsafe driving, driver no show, safety issues",0.6858500242233276,Driver Behavior & Safety,high,156,zero-shot-bart-large-mnli,Driver Behavior & Safety,auto_high_confidence
"Honestly, I’m pretty fed up with the service lately. Drivers keep cancelling on me when they’re literally right around the corner, and I’m stuck waiting another 10 minutes for a new ride. It’s ridiculous that I’m being charged cancellation fees when the drivers are the ones wasting my time. It feels like a total double standard, and I’d like someone to look into these charges.",1,2026-02-18 15:38:19,English,Negative,0.9978,NEGATIVE,"driver behavior, rude driver, unsafe driving, driver no show, safety issues",0.7380735278129578,Driver Behavior & Safety,high,379,zero-shot-bart-large-mnli,Driver Behavior & Safety,auto_high_confidence
"Pick me management must implement a policy where drivers have some control over how they can cancel a ride after its been accepted, I got canceled out twice ( spent 10 minutes waiting for drivers bailing on me ) besides you can never get a ride during peak hours.",3,2026-02-18 13:59:35,English,Negative,0.9994,NEGATIVE,"driver behavior, rude driver, unsafe driving, driver no show, safety issues",0.88068026304245,Driver Behavior & Safety,high,263,zero-shot-bart-large-mnli,Driver Behavior & Safety,auto_high_confidence
Not all pickme drivers are honest. Most of them arrive for the hire and then request us to cancel the trip so that they can take themselves the whole amount for the hire. (Rather than give the company's share) so disappointed with such drivers. This happened today with my sister too where the pickme driver had demanded more money than the exact amount. I'd be grateful if an action is taken for such drivers,1,2026-02-18 12:02:59,English,Negative,0.9994,NEGATIVE,"driver behavior, rude driver, unsafe driving, driver no show, safety issues",0.8441573977470398,Driver Behavior & Safety,high,409,zero-shot-bart-large-mnli,Driver Behavior & Safety,auto_high_confidence
I make a ride from katunayaka to kalutara. driver accept the trip and didn't come for long time. I wait for long time and make call to the driver. he didn't pick my call and not respond me. later on I cancelled the trip and found another driver. then you make me lkr 30 as a penalty. because of driver mistake why I should pay,1,2026-02-17 23:45:22,English,Negative,0.9982,NEGATIVE,"driver behavior, rude driver, unsafe driving, driver no show, safety issues",0.8530821800231934,Driver Behavior & Safety,high,326,zero-shot-bart-large-mnli,Driver Behavior & Safety,auto_high_confidence
From 10th January 2026 I have made three Pick me Market orders from Glomark Kurunegala . Because of items unavailable they amended the prices all three times. But almost one month still didn't receive the refund total ( 5432.72/= ) . I already made 4 complaints through the pick me hotline. Still I didn't receive a refund or proper reply.,1,2026-02-14 14:02:27,English,Negative,0.9991,NEGATIVE,"customer support, refunds, complaint handling, unhelpful support",0.8229835033416748,Support & Refunds,high,339,zero-shot-bart-large-mnli,Support & Refunds,auto_high_confidence
"don't use this app .This app founders doesn't think about their customers.They only think about profit...I once requested a ride none accepted then when I tried again,It increased the fare by 200 rupees...(Was 400 and increased upto 600)What a mess this app is..",1,2026-02-13 15:14:59,English,Negative,0.9998,NEGATIVE,"pricing, surge pricing, bidding, driver offers, high fares, expensive, discounts",0.3345910012722015,Pricing & Bidding,low,262,zero-shot-bart-large-mnli,Pricing & Bidding,keyword_rule
You have to wait for hours to order food. The prices are very high now. You have to wait for about two hours to get the food. It's a useless app.,1,2026-02-13 14:43:30,English,Negative,0.9998,NEGATIVE,"food delivery delays, late orders, missing items, wrong orders, cold food",0.4191919267177582,Delivery Issues,low,145,zero-shot-bart-large-mnli,Delivery Issues,keyword_rule
"I am very disappointed with the PickMe app. My account was reset twice without any reason, and my Silver membership and ride history were erased. This is unacceptable for a regular user. Also, when I select a car with the highway option, the app shows an actual cost. However, even though the actual kilometers shown in the app do not change, but we went to the location in correct way the final fare becomes higher. This is misleading. I request a clear explanation and a permanent solution.",1,2026-02-11 00:08:24,English,Negative,0.9998,NEGATIVE,"privacy, security, data, account safety",0.4980082213878631,Privacy & Security,medium,492,zero-shot-bart-large-mnli,Pricing & Bidding,keyword_rule
"Remove the surge price , drivers are misusing it, make it available if the journey is bit higher on time than the expected time",2,2026-02-10 20:10:59,English,Negative,0.9983,NEGATIVE,"pricing, surge pricing, bidding, driver offers, high fares, expensive, discounts",0.5197535157203674,Pricing & Bidding,medium,127,zero-shot-bart-large-mnli,Pricing & Bidding,keyword_rule
"Nowadays charges are very high. Even if we take a taxi from the road, it wouldn't cost this much. The drivers are also very rude. Once, I booked a car to go to a wedding. It was a pre-booking for 7:30 p.m., but the driver came early at 6:45 p.m. He kept calling us and scolding us to come early.",1,2026-02-10 07:47:02,English,Negative,0.9958,NEGATIVE,"driver behavior, rude driver, unsafe driving, driver no show, safety issues",0.7787958383560181,Driver Behavior & Safety,high,295,zero-shot-bart-large-mnli,Driver Behavior & Safety,auto_high_confidence
"Beware of using this app. It often charges multiple times more than the amount initially displayed. Refunds for overcharged amounts can take up to 7 working days. Even though they claim the refund will be credited as PickMe Points within 24 hours, this usually does not happen either. Also there is no customer service hotline for ""Pickme Rides"".",1,2026-02-07 16:12:12,English,Negative,0.9976,NEGATIVE,"customer support, refunds, complaint handling, unhelpful support",0.6840712428092957,Support & Refunds,high,346,zero-shot-bart-large-mnli,Support & Refunds,auto_high_confidence
"I forgot my wallet at home and tried to add my bank card to the app. I think I got it wrong twice because I entered the info from memory. my number got blocked by the app. when I call the hotline support, they ask to complain in the app, but I can't get in to the app because my number is blocked. There is no hotline to talk to a real person which is really horrible. Edit. I have been using the app for more than 7 years",1,2026-02-07 11:13:02,English,Negative,0.9997,NEGATIVE,"privacy, security, data, account safety",0.3424812257289886,Privacy & Security,low,422,zero-shot-bart-large-mnli,Support & Refunds,keyword_rule
crappiest app the app doesn't work always have to cancel the hire one of worst apps in srilanka,1,2026-02-07 08:49:50,English,Negative,0.9995,NEGATIVE,"app bugs, crashes, slow app, technical issues, map, GPS, login, payment failure",0.6961426734924316,App Bugs,high,95,zero-shot-bart-large-mnli,App Bugs,auto_high_confidence
"Following the latest update, drivers are bidding for each ride on the PickMe app, much like they would in a casino app. They are wasting our time and money with this poor improvement. Some drivers request cash if the card payment is added.",1,2026-02-07 01:18:06,English,Negative,0.9998,NEGATIVE,"pricing, surge pricing, bidding, driver offers, high fares, expensive, discounts",0.64224773645401,Pricing & Bidding,medium,239,zero-shot-bart-large-mnli,App Bugs,keyword_rule
if this af not data sharing with other companies like dirty app😜😜😜😜I given 5* stars,5,2026-02-06 12:05:56,English,Negative,0.9959,NEGATIVE,"privacy, security, data, account safety",0.7900276184082031,Privacy & Security,high,83,zero-shot-bart-large-mnli,Privacy & Security,auto_high_confidence
my app ain't working properly. it always says current location is not available.,1,2026-02-04 14:17:13,English,Negative,0.9998,NEGATIVE,"app bugs, crashes, slow app, technical issues, map, GPS, login, payment failure",0.7085905075073242,App Bugs,high,80,zero-shot-bart-large-mnli,App Bugs,auto_high_confidence
"application is full of bugs that drivers use to exploit riders, to name one; app allows drivers to start and end rides wherever they please regardless of if it is the correct location which drivers exploit by traveling long random distances which automatically gets billed to the riders card with no power from the rider reply if the trip was completed or not, this is just one issue out of a few, absolutely disgusting app, Uber and helago are miles better with mechanisms to prevent drivers exploit",1,2026-02-03 17:19:55,English,Negative,0.9995,NEGATIVE,"driver behavior, rude driver, unsafe driving, driver no show, safety issues",0.4615957140922546,Driver Behavior & Safety,medium,500,zero-shot-bart-large-mnli,App Bugs,keyword_rule
"After a trip or delivery in the final bill why is the ""total trip fare"" is bolder than the ""paid amount"" which is after a discount? Isn't that the amount we are suppose pay and shouldn't it be in bold so that it's easier to see. Even though i get the discount, most of the time when i send any thing for delivery, the person who is carrying is charging the undiscounted amount? Is that an issue in your pickme drivers app? Please look into it.",3,2026-02-03 13:09:15,English,Negative,0.9658,NEGATIVE,"privacy, security, data, account safety",0.2969121038913727,Privacy & Security,low,443,zero-shot-bart-large-mnli,Pricing & Bidding,keyword_rule
"Do not use this app, useless app, there is no customer support, When driver cancel trip we have to pay additional amount. Please use UBER instead.",1,2026-02-02 18:59:21,English,Negative,0.999,NEGATIVE,"driver behavior, rude driver, unsafe driving, driver no show, safety issues",0.3701120316982269,Driver Behavior & Safety,low,146,zero-shot-bart-large-mnli,Driver Behavior & Safety,keyword_rule
Doesn't work in Weligama. No driver accept. Sometimes they drivers accept the ride but do not come and the app charges you for cancelling,1,2026-02-02 16:27:32,English,Negative,0.998,NEGATIVE,"driver behavior, rude driver, unsafe driving, driver no show, safety issues",0.3179174661636352,Driver Behavior & Safety,low,137,zero-shot-bart-large-mnli,Driver Behavior & Safety,keyword_rule
"don't install,no driver to this app",1,2026-02-02 10:29:31,English,Negative,0.9965,NEGATIVE,"driver behavior, rude driver, unsafe driving, driver no show, safety issues",0.5708960890769958,Driver Behavior & Safety,medium,35,zero-shot-bart-large-mnli,Driver Behavior & Safety,keyword_rule
"placed a food order 2 hours ago, not delivered yet, and failed to assign a rider, pathetic service",1,2026-02-01 20:58:28,English,Negative,0.9998,NEGATIVE,"driver behavior, rude driver, unsafe driving, driver no show, safety issues",0.5636836290359497,Driver Behavior & Safety,medium,98,zero-shot-bart-large-mnli,Delivery Issues,keyword_rule
hutte driversla ekekwath trip eka bara ganne na,1,2026-02-01 13:20:41,English,Negative,0.9962,NEGATIVE,"driver behavior, rude driver, unsafe driving, driver no show, safety issues",0.8077003955841064,Driver Behavior & Safety,high,47,zero-shot-bart-large-mnli,Driver Behavior & Safety,auto_high_confidence
Unsatisfactory customer service,1,2026-01-31 15:16:27,English,Negative,0.9995,NEGATIVE,"customer support, refunds, complaint handling, unhelpful support",0.5934257507324219,Support & Refunds,medium,31,zero-shot-bart-large-mnli,Support & Refunds,keyword_rule
good biver but bad map,5,2026-01-30 11:30:09,English,Negative,0.982,NEGATIVE,"app bugs, crashes, slow app, technical issues, map, GPS, login, payment failure",0.4001217484474182,App Bugs,low,22,zero-shot-bart-large-mnli,App Bugs,keyword_rule
The surge cost added as additional charge. It exceeded the normal taxi fare. This was happened to me many times from pick me app. So bad,1,2026-01-29 17:03:27,English,Negative,0.9997,NEGATIVE,"pricing, surge pricing, bidding, driver offers, high fares, expensive, discounts",0.5090761780738831,Pricing & Bidding,medium,136,zero-shot-bart-large-mnli,Pricing & Bidding,keyword_rule
very unpleasant unethical driver,1,2026-01-27 10:37:32,English,Negative,0.9995,NEGATIVE,"driver behavior, rude driver, unsafe driving, driver no show, safety issues",0.8504235744476318,Driver Behavior & Safety,high,32,zero-shot-bart-large-mnli,Driver Behavior & Safety,auto_high_confidence
you can lest the price in jaffna,5,2026-01-26 16:03:49,English,Negative,0.948,NEGATIVE,"pricing, surge pricing, bidding, driver offers, high fares, expensive, discounts",0.2724429368972778,Pricing & Bidding,low,32,zero-shot-bart-large-mnli,Pricing & Bidding,keyword_rule
"Jan 14th 2026 The driver of the Pickme Nano car arrived early, was polite and nice. He drove me to my destination without fuss.I was satisfied. Except,he had overcharged me.I did not check.Pickme credited the money. So no worries. Thank you Pickme.! However in October 2025 I had a bad experience..... The lorry I hired was v. late. Pickme had told me the charge for 3Km was 1800/. The driver charged 1900/- He lied n said the distance was 5 Km ,whereas it was even < 3Km. Complaint ignored??",3,2026-01-25 22:36:16,English,Negative,0.9901,NEGATIVE,"driver behavior, rude driver, unsafe driving, driver no show, safety issues",0.6823389530181885,Driver Behavior & Safety,high,492,zero-shot-bart-large-mnli,Driver Behavior & Safety,auto_high_confidence
Very bad experience the pickme driver picked up my order and called and told he can't deliver it because it was card payment so I asked him to cancel so that I could get another driver. But then he didn't cancel and it also showed picked up on the app.So I didn't have an option to either cancel or complain even the 24 hrs customer care number didn't work and still it shows my order will be delivered even after hours. They even charged me for my order,1,2026-01-25 22:30:16,English,Negative,0.9946,NEGATIVE,"driver behavior, rude driver, unsafe driving, driver no show, safety issues",0.773344099521637,Driver Behavior & Safety,high,454,zero-shot-bart-large-mnli,Driver Behavior & Safety,auto_high_confidence
During last few rides actual fee was way higher than estimated fee. It was on top of me seeing driver (location) somewhere else and driving seeing me somewhere else. Idk whether these location errors led to the price hikes.,3,2026-01-24 13:17:40,English,Negative,0.772,NEGATIVE,"pricing, surge pricing, bidding, driver offers, high fares, expensive, discounts",0.3153457343578338,Pricing & Bidding,low,223,zero-shot-bart-large-mnli,Driver Behavior & Safety,keyword_rule
"My friend 7xNova had a terrible experience with PickMe Food today. He waited almost 2 hours for his lunch order, but no driver was assigned. By 4.45 PM, he was still starving and hadn’t eaten anything. After contacting customer support, the order was simply cancelled. This is unacceptable for a food delivery app. 7xNova is a loyal customer, and experiences like this will make PickMe lose good customers. Very disappointing service.",1,2026-01-23 16:51:59,English,Negative,0.9997,NEGATIVE,"food delivery delays, late orders, missing items, wrong orders, cold food",0.7809813022613525,Delivery Issues,high,434,zero-shot-bart-large-mnli,Delivery Issues,auto_high_confidence
"Extremely disappointed with PickMe Food. I waited over 1 hour and 30 minutes and no driver was assigned in Colombo. After contacting customer care, my order was cancelled. This level of delay and poor support is unacceptable for a food delivery service. I won’t be using PickMe Food again. Uber Eats provides a much better experience.",1,2026-01-23 16:27:21,English,Negative,0.999,NEGATIVE,"food delivery delays, late orders, missing items, wrong orders, cold food",0.5449004769325256,Delivery Issues,medium,334,zero-shot-bart-large-mnli,Delivery Issues,keyword_rule
one of the worst customer service.,1,2026-01-23 13:55:07,English,Negative,0.9998,NEGATIVE,"customer support, refunds, complaint handling, unhelpful support",0.6550684571266174,Support & Refunds,high,34,zero-shot-bart-large-mnli,Support & Refunds,auto_high_confidence
showing wrong location,5,2026-01-23 06:43:49,English,Negative,0.999,NEGATIVE,"driver behavior, rude driver, unsafe driving, driver no show, safety issues",0.7952048182487488,Driver Behavior & Safety,high,22,zero-shot-bart-large-mnli,Driver Behavior & Safety,auto_high_confidence
My OTP Nambar is not taking what is the reason......,1,2026-01-20 06:42:42,English,Negative,0.9996,NEGATIVE,"privacy, security, data, account safety",0.2674780488014221,Privacy & Security,low,52,zero-shot-bart-large-mnli,App Bugs,keyword_rule
"one of the worst apps you can come across. the coustmer support does not talk , they won't respond. wrist experience of srilanka.. pathetic. use some other app for bookings",1,2026-01-16 16:00:34,English,Negative,0.9998,NEGATIVE,"customer support, refunds, complaint handling, unhelpful support",0.4946808815002441,Support & Refunds,medium,172,zero-shot-bart-large-mnli,Support & Refunds,keyword_rule
tooo bad experience i scary with is drivers,1,2026-01-16 12:26:42,English,Negative,0.9985,NEGATIVE,"driver behavior, rude driver, unsafe driving, driver no show, safety issues",0.7631205320358276,Driver Behavior & Safety,high,43,zero-shot-bart-large-mnli,Driver Behavior & Safety,auto_high_confidence
"pick mee is the very very careless company in srilanka, it has very bad and poor custermer service",1,2026-01-15 22:14:01,English,Negative,0.9997,NEGATIVE,"driver behavior, rude driver, unsafe driving, driver no show, safety issues",0.7423495054244995,Driver Behavior & Safety,high,98,zero-shot-bart-large-mnli,Driver Behavior & Safety,auto_high_confidence
App is malfunctioning. showing wrong distance and charging for that distance. It showed 7.7 km fir my 1.2 km route and charged 741/=,1,2026-01-15 17:32:30,English,Negative,0.9996,NEGATIVE,"app bugs, crashes, slow app, technical issues, map, GPS, login, payment failure",0.7363899350166321,App Bugs,high,132,zero-shot-bart-large-mnli,App Bugs,auto_high_confidence
I'm a very regular customer with pick me and sorry to say my trip with this perticular driver was disgusting he kept spitting beetle right throughout my trip back home from Makola to ragama. also was speeding like crazy.,2,2026-01-15 06:37:48,English,Negative,0.9985,NEGATIVE,"driver behavior, rude driver, unsafe driving, driver no show, safety issues",0.9410825967788696,Driver Behavior & Safety,high,220,zero-shot-bart-large-mnli,Driver Behavior & Safety,auto_high_confidence
Only useful to measure trip cost. Drivers constantly cancel rides when they are almost at the pick up point. At this stage the app is useless except to get an idea of what a trip should cost before haggling with a driver from the roadside. Drivers should be penalised if they cancel a ride after accepting. I will use Uber from now on.,2,2026-01-14 14:54:05,English,Negative,0.9998,NEGATIVE,"driver behavior, rude driver, unsafe driving, driver no show, safety issues",0.7636162042617798,Driver Behavior & Safety,high,335,zero-shot-bart-large-mnli,Driver Behavior & Safety,auto_high_confidence
"Worst app. driver not educated. map is not working, charge is high scammers",1,2026-01-14 13:44:40,English,Negative,0.9998,NEGATIVE,"app bugs, crashes, slow app, technical issues, map, GPS, login, payment failure",0.685571551322937,App Bugs,high,75,zero-shot-bart-large-mnli,App Bugs,auto_high_confidence
"I had no complaints about this app until this last update introduced driver bids to tuks, which has made the app impossible to use. I switched to ride hailing apps to get away from the haggling, not for them to reintroduce it as a feature. The app already does surge pricing, add the bids the drivers put in and it becomes more economical to just hail a meter taxi instead.",2,2026-01-13 15:52:11,English,Negative,0.9985,NEGATIVE,"pricing, surge pricing, bidding, driver offers, high fares, expensive, discounts",0.8187698125839233,Pricing & Bidding,high,373,zero-shot-bart-large-mnli,Pricing & Bidding,auto_high_confidence
I decided to change to PickMe after having bad experiences with Uber. PickMe has been decent so far. but Uber drivers are clearly better at communication and etiquette compared to PickMe drivers. pls bring the OTP safety feature like Uber would also be a big improvement. Like if these changes are made pretty sure most people would prefer pick me than Uber,5,2026-01-12 23:01:59,English,Negative,0.9193,NEGATIVE,"driver behavior, rude driver, unsafe driving, driver no show, safety issues",0.8515040874481201,Driver Behavior & Safety,high,357,zero-shot-bart-large-mnli,Driver Behavior & Safety,auto_high_confidence
very disappointed about bidding option and bidders,1,2026-01-12 11:11:58,English,Negative,0.9997,NEGATIVE,"customer support, refunds, complaint handling, unhelpful support",0.2591699659824371,Support & Refunds,low,50,zero-shot-bart-large-mnli,Pricing & Bidding,keyword_rule
pickme is good but pickme map is very bad don't use pickme map,1,2026-01-12 11:07:32,English,Negative,0.9801,NEGATIVE,"customer support, refunds, complaint handling, unhelpful support",0.3237402737140655,Support & Refunds,low,62,zero-shot-bart-large-mnli,App Bugs,keyword_rule
This used to be a good app and not anymore. customer service is very bad and when i am trying to order some food all the outlets keeps saying pick up only and this is so annoying and i can't even oder! and when i am trying to call them and complain about this issue i have to wait 20 minutes on a call queue.,1,2026-01-11 21:58:36,English,Negative,0.9994,NEGATIVE,"customer support, refunds, complaint handling, unhelpful support",0.5922467112541199,Support & Refunds,medium,308,zero-shot-bart-large-mnli,Delivery Issues,keyword_rule
The most cheating app... when the rides are not available what they do is they provide to give offers for the drivers... which is higher than normal app rate... again its like we are hiring normal taxi on road... no matter what they are focusing on their commission only not to provide affordable taxi.... its hell of joke now...,1,2026-01-11 12:05:24,English,Negative,0.9967,NEGATIVE,"pricing, surge pricing, bidding, driver offers, high fares, expensive, discounts",0.9628239274024964,Pricing & Bidding,high,329,zero-shot-bart-large-mnli,Pricing & Bidding,auto_high_confidence
"Very disappointed with this app. My food was marked as “Ready” for an hour, but no driver was assigned during that time. The food was just sitting at the restaurant, I had to call support myself. This is unacceptable service, especially when customers are paying delivery fees.",1,2026-01-08 20:56:02,English,Negative,0.9997,NEGATIVE,"food delivery delays, late orders, missing items, wrong orders, cold food",0.4039952158927917,Delivery Issues,low,277,zero-shot-bart-large-mnli,Delivery Issues,keyword_rule
"buggy App. Still looking for a driver hours after I canceled. tried it 10 times but just won't cancel. No possibility to report canceled rides. many come, then cancel and say you just pay me cash without the app.",2,2026-01-08 08:49:19,English,Negative,0.9984,NEGATIVE,"customer support, refunds, complaint handling, unhelpful support",0.3838097751140594,Support & Refunds,low,212,zero-shot-bart-large-mnli,Driver Behavior & Safety,keyword_rule
"100% safe application drivers all friendly ✅️ charger best ✅️ tuk tuk ✅️ car ✅️ drivers safe ✅️ Long time ride pick me 1st time I'm riding bike on the way bike Tire air low driver cancelled ride he left I don't know that location I'm new so that time I'm unsafe experience please fix this type of problem Automatically send other riders' locations please my kind request A lot of the time, I'm i was tipped because of riders' kindness we need pick me Srilanka Go ahead, pick me app successfull",5,2026-01-06 23:23:47,English,Negative,0.8138,NEGATIVE,"driver behavior, rude driver, unsafe driving, driver no show, safety issues",0.9580997228622437,Driver Behavior & Safety,high,493,zero-shot-bart-large-mnli,Driver Behavior & Safety,auto_high_confidence
I'm booked for emergency purposes but pikme app 1st 2 attamt not not booked but the 3rd attempt that app show very high prices just 40rs different bike to tulk at tha seam destination bad very bad bicus sometimes price are unstable very high prices show in display I'm,1,2026-01-05 07:57:19,English,Negative,0.9988,NEGATIVE,"pricing, surge pricing, bidding, driver offers, high fares, expensive, discounts",0.3861913383007049,Pricing & Bidding,low,268,zero-shot-bart-large-mnli,Pricing & Bidding,keyword_rule
"Pickme food is terrible now, got the order cancelled 2 times after waiting for 3 hours in both tines. one time I placed the order at 7.00 pm there were no rider till 10.00 so we called the hotline and waited another 30 mins until someone picked up. They said a driver just picked up but it didn't get updated in my app, but we waited another 45 min, nothing happened so we called again and they said the same ""Driver just got assigned"". Just use uber eats, way better experience",1,2026-01-04 22:33:31,English,Negative,0.9992,NEGATIVE,"food delivery delays, late orders, missing items, wrong orders, cold food",0.509782075881958,Delivery Issues,medium,478,zero-shot-bart-large-mnli,Delivery Issues,keyword_rule
Very bad attitude. Cancelled trip without permission. Doesn't know how to speak well to customer. Don't care attitude.,1,2026-01-03 15:30:54,English,Negative,0.9998,NEGATIVE,"driver behavior, rude driver, unsafe driving, driver no show, safety issues",0.6839537024497986,Driver Behavior & Safety,high,118,zero-shot-bart-large-mnli,Driver Behavior & Safety,auto_high_confidence
in 2025 pickme prices are reasonable ..but now it's not..prices are high..n not affordable..😐,1,2026-01-03 08:35:29,English,Negative,0.9995,NEGATIVE,"pricing, surge pricing, bidding, driver offers, high fares, expensive, discounts",0.3548267185688019,Pricing & Bidding,low,93,zero-shot-bart-large-mnli,Pricing & Bidding,keyword_rule
Star points doesn't get updated. Driver call & they cancel the ride. During heavy rain App doesn't work. Worst App ever. Before starting the ride shows one amount when you get down shows double the amount.,1,2026-01-02 09:32:35,English,Negative,0.9997,NEGATIVE,"app bugs, crashes, slow app, technical issues, map, GPS, login, payment failure",0.4195412695407867,App Bugs,low,205,zero-shot-bart-large-mnli,Driver Behavior & Safety,keyword_rule
worst customer help team had to wait more than 30 minutes for them to pick up and they did not pick up at all -10 customer support hotline,2,2026-01-01 22:57:48,English,Negative,0.9998,NEGATIVE,"driver behavior, rude driver, unsafe driving, driver no show, safety issues",0.5371828079223633,Driver Behavior & Safety,medium,138,zero-shot-bart-large-mnli,Support & Refunds,keyword_rule
Please add double charge (or similar) option for non-residence foreigners.,5,2025-12-30 11:29:41,English,Negative,0.9445,NEGATIVE,"pricing, surge pricing, bidding, driver offers, high fares, expensive, discounts",0.3023065030574798,Pricing & Bidding,low,74,zero-shot-bart-large-mnli,Pricing & Bidding,keyword_rule
Not working on huawei devices,1,2025-12-29 13:31:47,English,Negative,0.9996,NEGATIVE,"app bugs, crashes, slow app, technical issues, map, GPS, login, payment failure",0.2680867314338684,App Bugs,low,29,zero-shot-bart-large-mnli,App Bugs,keyword_rule
Ordered Food and stayed 1 hour but no riders there. so i picked the food that the Merchant prepared by my self and merchant got a complaint. Worst app and Worst Service ever. don't order food via Pickme,1,2025-12-26 22:53:18,English,Negative,0.9998,NEGATIVE,"customer support, refunds, complaint handling, unhelpful support",0.3764938116073608,Support & Refunds,low,202,zero-shot-bart-large-mnli,Delivery Issues,keyword_rule
"The quality of this service has gone down. I ordered food and the driver arrives with the wrong order from a different shop. When I mentioned this wasn't the order, he told me to wait and that he will come back in 5 minutes. I can see he goes back to the shop and starts coming back towards my location again. By this time it's 2 hours since I ordered. Halfway through the return trip he marks the order as complete and the payment goes through. 2 weeks after complaining still waiting for a response",1,2025-12-24 14:00:53,English,Negative,0.999,NEGATIVE,"driver behavior, rude driver, unsafe driving, driver no show, safety issues",0.3575702607631683,Driver Behavior & Safety,low,500,zero-shot-bart-large-mnli,Delivery Issues,keyword_rule
Disappointed with surge pricing. A short normal ride suddenly costs more. There’s no transparency and no option to avoid it. This feels unfair I could just catch a tuk tuk on the main road for cheaper. If surge pricing is applied at least warn users clearly before booking.,3,2025-12-24 13:45:08,English,Negative,0.9998,NEGATIVE,"pricing, surge pricing, bidding, driver offers, high fares, expensive, discounts",0.8023421168327332,Pricing & Bidding,high,273,zero-shot-bart-large-mnli,Pricing & Bidding,auto_high_confidence
"used to love it & sing praises 1. since about 2 months, hotline isn't working. I loved their customer care before there some very intelligent girls who would follow up and problem solve like pros 2. experienced driver bids and didn't like it at all, the good thing with pick mes was that drivers couldn't be rude to us the customers but now its flipped and the driver is dictating their terms to us not pick me saw many posts about helago, waiting for the passenger version to download",1,2025-12-23 20:57:13,English,Negative,0.9775,NEGATIVE,"driver behavior, rude driver, unsafe driving, driver no show, safety issues",0.5842757225036621,Driver Behavior & Safety,medium,485,zero-shot-bart-large-mnli,Driver Behavior & Safety,keyword_rule
some times drivers ask for double payment,4,2025-12-22 21:08:35,English,Negative,0.9899,NEGATIVE,"driver behavior, rude driver, unsafe driving, driver no show, safety issues",0.4019433259963989,Driver Behavior & Safety,low,41,zero-shot-bart-large-mnli,Driver Behavior & Safety,keyword_rule
"Experience is . you get scammed all the time 9 out of 10 drivers will try to take long routes intentionally to increase price. or start the trip before even picking up the passenger, these are few. app is full of bugs, maps aren't accurate, UI is really clunky. Please use other apps instead of Pickme.",1,2025-12-22 07:28:03,English,Negative,0.9996,NEGATIVE,"driver behavior, rude driver, unsafe driving, driver no show, safety issues",0.6789242625236511,Driver Behavior & Safety,high,302,zero-shot-bart-large-mnli,Driver Behavior & Safety,auto_high_confidence
worst courier service ever... took more than 3 days and my parcel hasn't reach the location... so very disappointed,1,2025-12-21 18:54:03,English,Negative,0.9998,NEGATIVE,"driver behavior, rude driver, unsafe driving, driver no show, safety issues",0.4739571511745453,Driver Behavior & Safety,medium,115,zero-shot-bart-large-mnli,App Bugs,keyword_rule
GPS system is very bad,1,2025-12-20 22:50:22,English,Negative,0.9998,NEGATIVE,"customer support, refunds, complaint handling, unhelpful support",0.269148588180542,Support & Refunds,low,22,zero-shot-bart-large-mnli,App Bugs,keyword_rule
patta padiuii wedak ne bug wediii Moda App ekke huttha,1,2025-12-20 20:10:11,English,Negative,0.9906,NEGATIVE,"app bugs, crashes, slow app, technical issues, map, GPS, login, payment failure",0.3431055247783661,App Bugs,low,54,zero-shot-bart-large-mnli,App Bugs,keyword_rule
I am trying to book a trip and I am unable to It took me to drivers app And I couldn't come out of and I had to cancel an urgent meeting I have lost so much not attending the meeting,2,2025-12-20 18:59:01,English,Negative,0.999,NEGATIVE,"driver behavior, rude driver, unsafe driving, driver no show, safety issues",0.5657751560211182,Driver Behavior & Safety,medium,182,zero-shot-bart-large-mnli,Driver Behavior & Safety,keyword_rule
some time charges will be change rather estimate price.,3,2025-12-20 18:01:37,English,Negative,0.9929,NEGATIVE,"pricing, surge pricing, bidding, driver offers, high fares, expensive, discounts",0.2504433989524841,Pricing & Bidding,low,55,zero-shot-bart-large-mnli,Pricing & Bidding,keyword_rule
"company is cheating on fare.. Most of the trips the app is adding additional LKR 100/- at the end of the trip as a surge, which is not inform to the customer at the time of booking the hire. This is cheering and covering information to the customer. Its also a violation of consumer rights. If the book is made withing a surge period it has to mention that on cost estimation. pick me is trying to show that it's price is cheeper compared to other rider apps, but it is not at the end of the trip",1,2025-12-20 14:39:49,English,Negative,0.9974,NEGATIVE,"privacy, security, data, account safety",0.5263810753822327,Privacy & Security,medium,496,zero-shot-bart-large-mnli,Pricing & Bidding,keyword_rule
map is not working 😐,1,2025-12-19 18:51:55,English,Negative,0.9998,NEGATIVE,"app bugs, crashes, slow app, technical issues, map, GPS, login, payment failure",0.4308519661426544,App Bugs,low,20,zero-shot-bart-large-mnli,App Bugs,keyword_rule
"pickme you are poor. My Android version is 11go edition. your app is not supported to me. my account , reward point and membership is i cant use . please give update to us.",1,2025-12-19 16:25:49,English,Negative,0.9995,NEGATIVE,"privacy, security, data, account safety",0.3891270458698272,Privacy & Security,low,172,zero-shot-bart-large-mnli,App Bugs,keyword_rule
"The ""Dibbing"" feature has ruined pickme. Drivers are not accepting rides at the normal price now and are only accepting dibs. So we end up having to pay way more just to get a ride. It's ridiculous! Wasn't the whole reason people switched to ride sharing apps to avoid surcharges by road taxis? I might switch to uber full time or another app because of this.",1,2025-12-18 15:34:55,English,Negative,0.9998,NEGATIVE,"pricing, surge pricing, bidding, driver offers, high fares, expensive, discounts",0.875744104385376,Pricing & Bidding,high,359,zero-shot-bart-large-mnli,Pricing & Bidding,auto_high_confidence
"I’m very disappointed with PickMe. This is the third time drivers have accepted my ride and then cancelled without any reason, both during the day and around 7–8 PM. Some drivers also start uncomfortable conversations during trips, and a few even ask for extra money, claiming they don’t earn enough from the company. This is unacceptable. After repeatedly facing these issues, I feel it’s time to uninstall the app.",1,2025-12-17 21:08:31,English,Negative,0.9998,NEGATIVE,"driver behavior, rude driver, unsafe driving, driver no show, safety issues",0.920764148235321,Driver Behavior & Safety,high,416,zero-shot-bart-large-mnli,Driver Behavior & Safety,auto_high_confidence
worst service ever. never trust pick me drivers. they will waste your time. they got bookings and nobody came to pickup. just wasting time . and thair hot line is worst than thair service. they never respond customers. newer trust this service..,1,2025-12-16 23:10:35,English,Negative,0.9997,NEGATIVE,"driver behavior, rude driver, unsafe driving, driver no show, safety issues",0.7214087247848511,Driver Behavior & Safety,high,245,zero-shot-bart-large-mnli,Driver Behavior & Safety,auto_high_confidence
hate this because of bidding options. no drivers picking up the ride until they have the chance to bid and take a higher price from the users. so disappointing,1,2025-12-16 22:03:51,English,Negative,0.9998,NEGATIVE,"pricing, surge pricing, bidding, driver offers, high fares, expensive, discounts",0.7932658195495605,Pricing & Bidding,high,159,zero-shot-bart-large-mnli,Pricing & Bidding,auto_high_confidence
"Terrible, so unreliable. Easy to use, pay by card or cash but the drivers confirm and then they cancel so you have to rebook but already waited 10mins. Then the second and third driver also cancel and now you wait 30mins and late for dinner. however all the drivers that did show up were super nice and cars very clean.",2,2025-12-15 21:51:53,English,Negative,0.8317,NEGATIVE,"driver behavior, rude driver, unsafe driving, driver no show, safety issues",0.5378245115280151,Driver Behavior & Safety,medium,319,zero-shot-bart-large-mnli,Driver Behavior & Safety,keyword_rule
"i put a ride for nugegoda from boralasgamuwa for my wife. but she drop kohuwal.this ride is card payment. after drop my wife the driver dosent stop ride, without stop ride that driver go ahaid. i tried to contact him but not answer phone, after he went to maharagama he stoped ride,",1,2025-12-14 12:03:50,English,Negative,0.9917,NEGATIVE,"driver behavior, rude driver, unsafe driving, driver no show, safety issues",0.8024497628211975,Driver Behavior & Safety,high,282,zero-shot-bart-large-mnli,Driver Behavior & Safety,auto_high_confidence
App is not working in my phone. Redmi turbo. Android version 16,1,2025-12-14 09:55:13,English,Negative,0.9994,NEGATIVE,"app bugs, crashes, slow app, technical issues, map, GPS, login, payment failure",0.6276621222496033,App Bugs,medium,63,zero-shot-bart-large-mnli,App Bugs,keyword_rule
"Don't use this app, total scam, updated our distance from 10 to 30 km",1,2025-12-13 23:00:59,English,Negative,0.9982,NEGATIVE,"privacy, security, data, account safety",0.5697318315505981,Privacy & Security,medium,69,zero-shot-bart-large-mnli,Privacy & Security,keyword_rule
"Fix your app so that drivers can stop scamming your customers. Every ride I booked they called me to ask for more money, or they start a ride before coming.",1,2025-12-12 20:31:00,English,Negative,0.9987,NEGATIVE,"driver behavior, rude driver, unsafe driving, driver no show, safety issues",0.8435989022254944,Driver Behavior & Safety,high,156,zero-shot-bart-large-mnli,Driver Behavior & Safety,auto_high_confidence
Recently i tried to book a ride and i accidentally clicked the book a ride button two times and i got two rides for same location. it shouldn't do multiple requests when a already request is send. this is a critical bug since drivers will put in inconvenience because apps fault.,3,2025-12-12 20:16:32,English,Negative,0.999,NEGATIVE,"app bugs, crashes, slow app, technical issues, map, GPS, login, payment failure",0.3377091288566589,App Bugs,low,279,zero-shot-bart-large-mnli,App Bugs,keyword_rule
used the phone while driving,1,2025-12-12 17:22:03,English,Negative,0.9784,NEGATIVE,"driver behavior, rude driver, unsafe driving, driver no show, safety issues",0.6132707595825195,Driver Behavior & Safety,medium,28,zero-shot-bart-large-mnli,Driver Behavior & Safety,keyword_rule
"ordered time 12:33pm got It after 5 hours time . ordered food for lunch and only received it by dinner. Really bad service. I tried calling the hotline and the other number as well, but no one answered. The mango juice also smells bad. I ordered one mango juice, one orange juice, and one chicken biryani. I’m really disappointed with your service. Please don’t accept orders if you can’t deliver them on time it’s a waste of money for us.",1,2025-12-11 18:07:07,English,Negative,0.9997,NEGATIVE,"food delivery delays, late orders, missing items, wrong orders, cold food",0.6591437458992004,Delivery Issues,high,439,zero-shot-bart-large-mnli,Delivery Issues,auto_high_confidence
Most drivers in rural areas don’t focus on customer needs. They only look for bigger profits instead of giving a fair and reliable service.,1,2025-12-11 15:16:48,English,Negative,0.9979,NEGATIVE,"driver behavior, rude driver, unsafe driving, driver no show, safety issues",0.5783493518829346,Driver Behavior & Safety,medium,139,zero-shot-bart-large-mnli,Driver Behavior & Safety,keyword_rule
new update sucks,1,2025-12-11 09:11:53,English,Negative,0.9993,NEGATIVE,"customer support, refunds, complaint handling, unhelpful support",0.2921054661273956,Support & Refunds,low,16,zero-shot-bart-large-mnli,App Bugs,keyword_rule
Areally good taxi app but rarely have som little bugs and lags how ever a good app,5,2025-12-09 02:10:44,English,Negative,0.8516,NEGATIVE,"app bugs, crashes, slow app, technical issues, map, GPS, login, payment failure",0.4405940175056457,App Bugs,low,82,zero-shot-bart-large-mnli,App Bugs,keyword_rule
right after the update which yall gave the bitting option they won't pick n waits till the bitting is open. so please remove this option,3,2025-12-07 10:50:11,English,Negative,0.9992,NEGATIVE,"driver behavior, rude driver, unsafe driving, driver no show, safety issues",0.3967554867267608,Driver Behavior & Safety,low,136,zero-shot-bart-large-mnli,App Bugs,keyword_rule
"SCAM ALERT!!! PICK ME IS SCAM. THEY DONT HAVE CUSTOMER SERVICES AGENTS ON CALLS OR IN THEIR APP HELP CENTER. LOOKS LIKE ITS AN APP RUN FROM A BEDROOM. There is no number to call the food delivery riders. you have to wait until they call you. I have so far lost two orders and no one in Pick Me to call and get a refund. there are better ways to waste your money, so dont wasye it ordering from these jokers!!!",1,2025-12-05 20:01:55,English,Negative,0.9997,NEGATIVE,"customer support, refunds, complaint handling, unhelpful support",0.863283634185791,Support & Refunds,high,409,zero-shot-bart-large-mnli,Support & Refunds,auto_high_confidence
Need rating options for cancellations. Many drivers request (even beg) to cancel and go because they say PickMe has taken their money.,1,2025-12-04 17:39:41,English,Negative,0.9989,NEGATIVE,"privacy, security, data, account safety",0.3510887324810028,Privacy & Security,low,134,zero-shot-bart-large-mnli,Driver Behavior & Safety,keyword_rule
This app shows rhe driver a much longer path for my destination and too much for that route...,1,2025-12-01 19:34:31,English,Negative,0.9991,NEGATIVE,"driver behavior, rude driver, unsafe driving, driver no show, safety issues",0.3448683619499206,Driver Behavior & Safety,low,94,zero-shot-bart-large-mnli,Driver Behavior & Safety,keyword_rule
"When I book a ride, sometimes I get two vehicles, I can only see one ride, both of them are connected, I always get confused and have to ask one of the drivers to cancel.",1,2025-11-29 09:04:25,English,Negative,0.9986,NEGATIVE,"driver behavior, rude driver, unsafe driving, driver no show, safety issues",0.4388803541660309,Driver Behavior & Safety,low,170,zero-shot-bart-large-mnli,Driver Behavior & Safety,keyword_rule
"Problem with payments. I don't remember getting a subscription but still they debited 549 from my debit card 3 times. I contacted their customer and nothing has been done yet. The problem is even after deleting my card data from the app, they still debited it. Illegal practice.",1,2025-11-28 08:46:09,English,Negative,0.999,NEGATIVE,"privacy, security, data, account safety",0.4914661347866058,Privacy & Security,medium,278,zero-shot-bart-large-mnli,App Bugs,keyword_rule
"Nowadays pick me becomes garbage, thier drivers are so rude and doing scam, faced a lot of issues, they don't verify the drivers. I moved to uber, because of safety concerns",1,2025-11-26 10:54:19,English,Negative,0.9986,NEGATIVE,"driver behavior, rude driver, unsafe driving, driver no show, safety issues",0.982757031917572,Driver Behavior & Safety,high,173,zero-shot-bart-large-mnli,Driver Behavior & Safety,auto_high_confidence
"Some of the worst customer service, from both drivers and the service department I have ever experienced. Might as well just walk wherever because they refuse to take you. Driver discipline is also at an all time low, they do no screening when allowing them to get on the app. Just use Uber.",1,2025-11-26 00:45:43,English,Negative,0.9997,NEGATIVE,"driver behavior, rude driver, unsafe driving, driver no show, safety issues",0.8738937377929688,Driver Behavior & Safety,high,291,zero-shot-bart-large-mnli,Driver Behavior & Safety,auto_high_confidence
"Taking too long to assign a delivery rider for food, i gave 5 stars before but as a Gold member I wanna see some priority or at least bring the food on time. Food is cold and i would save some money if i just went there and bought.",1,2025-11-25 20:05:02,English,Negative,0.9983,NEGATIVE,"food delivery delays, late orders, missing items, wrong orders, cold food",0.8982937335968018,Delivery Issues,high,231,zero-shot-bart-large-mnli,Delivery Issues,auto_high_confidence
I am Platinum customer for pickme but unfortunately my user login blocked 🚫 / disabled by the customer care and 3 consecutive months my free pass payment Rs.549.00 deducted from my Card. several complaints made to pickme customer care but not succeeded to recover my free pass amount. Worst customer support services. NOT RECOMMENDING FOR ANYONE.! FREE PASS OR PICKME SERVICES.,1,2025-11-24 18:59:45,English,Negative,0.9996,NEGATIVE,"customer support, refunds, complaint handling, unhelpful support",0.8316866159439087,Support & Refunds,high,377,zero-shot-bart-large-mnli,Support & Refunds,auto_high_confidence
"Terrible Experience and culture. PickMe drivers know nothing but scamming. Almost 70% of all PickMe rides I have taken have resulted in the driver saying that they have ""no change"" even during peak afternoon rides. Another thing is that there's barely any drivers. They must be purposely staying offline. Genuinely this is the worst ride share app anyone can use. Don't ever use this app even as a back up option ESPECIALLY tourists, you will be scammed heavier than us locals. PickMe is a sham.",1,2025-11-24 12:07:19,English,Negative,0.9998,NEGATIVE,"driver behavior, rude driver, unsafe driving, driver no show, safety issues",0.8782886862754822,Driver Behavior & Safety,high,495,zero-shot-bart-large-mnli,Driver Behavior & Safety,auto_high_confidence
Some of drivers except the hire and a little bit later cancel the trip. Again and again we have to try another tuk tuk... In such a occasion If I waned to cancel .. There is no icon visible to cancel the trip...,3,2025-11-22 18:43:38,English,Negative,0.9997,NEGATIVE,"driver behavior, rude driver, unsafe driving, driver no show, safety issues",0.5275169610977173,Driver Behavior & Safety,medium,211,zero-shot-bart-large-mnli,Driver Behavior & Safety,keyword_rule
dilvery patnar is not available every time they will late and diliver food after the cold food. plses slove the problem,1,2025-11-22 18:12:07,English,Negative,0.9991,NEGATIVE,"food delivery delays, late orders, missing items, wrong orders, cold food",0.7796232104301453,Delivery Issues,high,119,zero-shot-bart-large-mnli,Delivery Issues,auto_high_confidence
Drivers charged higher than the app showing price. I called head office there not answering such useless service Uber is better than pick me don't download this app there are not supporting to there customers,1,2025-11-22 13:08:41,English,Negative,0.999,NEGATIVE,"customer support, refunds, complaint handling, unhelpful support",0.6716665625572205,Support & Refunds,high,208,zero-shot-bart-large-mnli,Support & Refunds,auto_high_confidence
app eka hirawenawa aluth update eka.,1,2025-11-21 09:44:40,English,Negative,0.9901,NEGATIVE,"privacy, security, data, account safety",0.2726211547851562,Privacy & Security,low,36,zero-shot-bart-large-mnli,App Bugs,keyword_rule
"Your Map is not lively updating while on a trip. Sometimes it shows the ride is standby while we are on the move, sometimes until we end the trip the map does not update in real time. Fix this issue soon as it has been going on for a while.",1,2025-11-21 08:40:26,English,Negative,0.9991,NEGATIVE,"app bugs, crashes, slow app, technical issues, map, GPS, login, payment failure",0.4528738856315613,App Bugs,medium,240,zero-shot-bart-large-mnli,App Bugs,keyword_rule
app was not working properly,1,2025-11-20 13:26:58,English,Negative,0.9998,NEGATIVE,"app bugs, crashes, slow app, technical issues, map, GPS, login, payment failure",0.5279067754745483,App Bugs,medium,28,zero-shot-bart-large-mnli,App Bugs,keyword_rule
there is a new bidding system for the drivers and they are playing with our money. one of those beggers charged Rs.600 for a Rs.200 worth ride.. disgusting,1,2025-11-20 08:03:36,English,Negative,0.9986,NEGATIVE,"pricing, surge pricing, bidding, driver offers, high fares, expensive, discounts",0.8016317486763,Pricing & Bidding,high,155,zero-shot-bart-large-mnli,Pricing & Bidding,auto_high_confidence
the new bidding system is really bad all the drivers would only get trips which they get bids so bad time to move on to another app,1,2025-11-19 21:54:54,English,Negative,0.9998,NEGATIVE,"pricing, surge pricing, bidding, driver offers, high fares, expensive, discounts",0.7064537405967712,Pricing & Bidding,high,131,zero-shot-bart-large-mnli,Pricing & Bidding,auto_high_confidence
"very poor customer service, I lost 1600 rupees which was not refunded even after 3 days, nor have they given a solution for my issues yes I contacted 1331 and their other lines, but they don't seem to be answering my calls anymore. move on to another app, pick me as an app has so many bugs like double booking, cancellation charges when the driver cancels,",1,2025-11-19 19:41:23,English,Negative,0.9996,NEGATIVE,"customer support, refunds, complaint handling, unhelpful support",0.9350093007087708,Support & Refunds,high,357,zero-shot-bart-large-mnli,Support & Refunds,auto_high_confidence
low prices for hires.,5,2025-11-19 15:59:02,English,Negative,0.9998,NEGATIVE,"driver behavior, rude driver, unsafe driving, driver no show, safety issues",0.2676438987255096,Driver Behavior & Safety,low,21,zero-shot-bart-large-mnli,Pricing & Bidding,keyword_rule
this app not working sometimes. keep showing loading menu again and again. nothing loads even not loading interface app. this is 4th time this happened. so much bug all over the app. not recommending this. much better uber,2,2025-11-19 08:19:04,English,Negative,0.999,NEGATIVE,"app bugs, crashes, slow app, technical issues, map, GPS, login, payment failure",0.818133533000946,App Bugs,high,222,zero-shot-bart-large-mnli,App Bugs,auto_high_confidence
Bidding is not available at the start of a search. Here in Weligama rates are too low and no one answers.,3,2025-11-18 21:06:33,English,Negative,0.9998,NEGATIVE,"customer support, refunds, complaint handling, unhelpful support",0.5120924711227417,Support & Refunds,medium,105,zero-shot-bart-large-mnli,Pricing & Bidding,keyword_rule
*Very bad* service.Don't use this app at all time.Specialy In rainny whether condition & some times normal whether condition drivers are didn't get our trip.,1,2025-11-18 16:12:23,English,Negative,0.9997,NEGATIVE,"driver behavior, rude driver, unsafe driving, driver no show, safety issues",0.4781633615493774,Driver Behavior & Safety,medium,157,zero-shot-bart-large-mnli,Driver Behavior & Safety,keyword_rule
Ponna app ekk update witri no hire pickups vehicles laga thibilath gana wadi wenkn innw,1,2025-11-17 16:52:32,English,Negative,0.9974,NEGATIVE,"driver behavior, rude driver, unsafe driving, driver no show, safety issues",0.2940434515476227,Driver Behavior & Safety,low,87,zero-shot-bart-large-mnli,App Bugs,keyword_rule
some auto drivers is texting me personally better hide the customer numbers to the drivers,2,2025-11-17 09:08:32,English,Negative,0.9996,NEGATIVE,"privacy, security, data, account safety",0.6854238510131836,Privacy & Security,high,90,zero-shot-bart-large-mnli,Privacy & Security,auto_high_confidence
"latest update is having number of issues. 1. after driver accepting the trip, the screen is still showing the loading UI. 2. Cancelling a trip is also having some troubles. 3. app suddenly crashes fix these issues immediately and give a proper and QA tested app.",2,2025-11-17 06:18:21,English,Negative,0.9977,NEGATIVE,"app bugs, crashes, slow app, technical issues, map, GPS, login, payment failure",0.7855786085128784,App Bugs,high,262,zero-shot-bart-large-mnli,App Bugs,auto_high_confidence
Don't take unexperienced drivers because last pickme drive that driver said he don't know about that ride route there fire I waste my time.,5,2025-11-15 18:50:40,English,Negative,0.9971,NEGATIVE,"driver behavior, rude driver, unsafe driving, driver no show, safety issues",0.9207978248596193,Driver Behavior & Safety,high,139,zero-shot-bart-large-mnli,Driver Behavior & Safety,auto_high_confidence
it's good but sometimes the drivers are asking more money or they cancelled the trip,3,2025-11-14 00:36:04,English,Negative,0.9951,NEGATIVE,"driver behavior, rude driver, unsafe driving, driver no show, safety issues",0.5223150849342346,Driver Behavior & Safety,medium,84,zero-shot-bart-large-mnli,Driver Behavior & Safety,keyword_rule
Alarming lack of support option for the customer and safety,2,2025-11-12 18:22:19,English,Negative,0.9998,NEGATIVE,"customer support, refunds, complaint handling, unhelpful support",0.4460100531578064,Support & Refunds,low,59,zero-shot-bart-large-mnli,Support & Refunds,keyword_rule
"helpful but sometimes rides are not near and drivers are scaming and playing by taking the ride said coming after 20 - 30 mins canselling it and then calls us and yells at us one time i blamed him so much that he suicide himself by crashing into a bus '""! LOL.it is a joke but sometimes pickme is so annoying 😅🫠🫠",2,2025-11-12 10:46:22,English,Negative,0.9982,NEGATIVE,"driver behavior, rude driver, unsafe driving, driver no show, safety issues",0.9331738352775574,Driver Behavior & Safety,high,312,zero-shot-bart-large-mnli,Driver Behavior & Safety,auto_high_confidence
While the travel they blocked the app now. I need an update. but I don't have enough space. I faced severe problem,1,2025-11-11 16:02:09,English,Negative,0.9995,NEGATIVE,"app bugs, crashes, slow app, technical issues, map, GPS, login, payment failure",0.2610997855663299,App Bugs,low,114,zero-shot-bart-large-mnli,App Bugs,keyword_rule
"App and featurewise, I'd say this is the go-to app for rides in Sri Lanka. However I must say that it's totally frustrating to find a driver sometimes. Some drivers accept and cacel them after some time. Some ask for more money, and still cancel the trip after acceping bid. Some demands over twice the trip's original estimation. 😂 So, App is great, but drivers are below the average 😅",3,2025-11-11 08:14:46,English,Negative,0.9934,NEGATIVE,"driver behavior, rude driver, unsafe driving, driver no show, safety issues",0.750540018081665,Driver Behavior & Safety,high,386,zero-shot-bart-large-mnli,Driver Behavior & Safety,auto_high_confidence
"worst traveling experience. You need to pay additionally like 150 rupees than other apps like uber or other apps. But still u travel the same location. Eventhough how much early you get ready, How much you pay more,This app doesn't care your time Riders cancel trips mostly when it's card payment . I would give 0 stars for this review if it is possible. I'm switching to uber asap. Don't use this app if you are looking for a budget friendly ride",1,2025-11-11 08:09:16,English,Negative,0.9992,NEGATIVE,"driver behavior, rude driver, unsafe driving, driver no show, safety issues",0.3745003342628479,Driver Behavior & Safety,low,447,zero-shot-bart-large-mnli,App Bugs,keyword_rule
"This app doesn't work when it rains :) it won't do the basic job it has to ? which is hailing us a ride ? you say there's general performance improvements in your updates, but the trip progress when you need to track the tuk honestly is lagging behind. the locations aren't getting updated. people send the trip details to track where the cab is and it's not getting updated ?",1,2025-11-11 07:57:51,English,Negative,0.999,NEGATIVE,"app bugs, crashes, slow app, technical issues, map, GPS, login, payment failure",0.8782090544700623,App Bugs,high,376,zero-shot-bart-large-mnli,App Bugs,auto_high_confidence
"sometimes, it shows the big rate for a little distance ,",1,2025-11-10 08:53:00,English,Negative,0.9617,NEGATIVE,"pricing, surge pricing, bidding, driver offers, high fares, expensive, discounts",0.6854504346847534,Pricing & Bidding,high,56,zero-shot-bart-large-mnli,Pricing & Bidding,auto_high_confidence
"everything using this app but, after the update its asking for a mobile number and app not working.",2,2025-11-09 07:56:47,English,Negative,0.9996,NEGATIVE,"app bugs, crashes, slow app, technical issues, map, GPS, login, payment failure",0.4010064899921417,App Bugs,low,99,zero-shot-bart-large-mnli,App Bugs,keyword_rule
very cheap driver.,1,2025-11-08 22:39:31,English,Negative,0.9997,NEGATIVE,"driver behavior, rude driver, unsafe driving, driver no show, safety issues",0.8476899862289429,Driver Behavior & Safety,high,18,zero-shot-bart-large-mnli,Driver Behavior & Safety,auto_high_confidence
"Very Unsafe Experience—Lost Trust in PickMe I had a terrible experience with a PickMe driver.On my birthday night, after returning home from the beach,a driver called me around 11:30 p.m.and spoke in a sexually inappropriate way. I realized it was a PickMe driver because no one else knew about my trip. I blocked his number, but he later called me again from another one.This experience made me feel unsafe and lose all trust in PickMe.Hope the company takes serious action to protect passengers.",1,2025-11-07 16:18:13,English,Negative,0.9997,NEGATIVE,"driver behavior, rude driver, unsafe driving, driver no show, safety issues",0.9292259216308594,Driver Behavior & Safety,high,497,zero-shot-bart-large-mnli,Driver Behavior & Safety,auto_high_confidence
Can't even update it,1,2025-11-07 14:03:01,English,Negative,0.9994,NEGATIVE,"app bugs, crashes, slow app, technical issues, map, GPS, login, payment failure",0.3204725384712219,App Bugs,low,20,zero-shot-bart-large-mnli,App Bugs,keyword_rule
this app is very useful but at night time when we order food they are not picking so u should change that,2,2025-11-07 13:53:24,English,Negative,0.9958,NEGATIVE,"food delivery delays, late orders, missing items, wrong orders, cold food",0.5104684233665466,Delivery Issues,medium,105,zero-shot-bart-large-mnli,Delivery Issues,keyword_rule
"provide a way to cancel pick me food and market orders after they are accepted by seller , sometimes there's no riders available and the seller asks buyer to cancel and have to go through the whole process of cancelling via calling pick me customer support it's inefficient",2,2025-11-07 09:55:23,English,Negative,0.9994,NEGATIVE,"customer support, refunds, complaint handling, unhelpful support",0.2912298142910003,Support & Refunds,low,273,zero-shot-bart-large-mnli,Delivery Issues,keyword_rule
hi pickme your no.1 low budget company in srilanka but you don't selfish person because you know in srilankan three wheel parts price...? why doing like that..? the low budget how can maintained driver's. poor people not going in pickme. all rich people going please increased to price if not driver's now choice to new apps available in srilanka and your apps no.1 hanging 😔😔😔😔,5,2025-11-06 19:59:53,English,Negative,0.8268,NEGATIVE,"driver behavior, rude driver, unsafe driving, driver no show, safety issues",0.7023776769638062,Driver Behavior & Safety,high,378,zero-shot-bart-large-mnli,Driver Behavior & Safety,auto_high_confidence
"The customer service is completely useless. The ride I took met with an accident, and up to now, no compensation has been paid in any way. When I call to ask about it, they don’t respond or take any action at all. Useless company 😡",1,2025-11-05 17:35:51,English,Negative,0.9998,NEGATIVE,"customer support, refunds, complaint handling, unhelpful support",0.6504881381988525,Support & Refunds,high,231,zero-shot-bart-large-mnli,Support & Refunds,auto_high_confidence
treble programming ui ux sucks orders are never on time and the app is poorly programmed,1,2025-11-04 15:43:46,English,Negative,0.9998,NEGATIVE,"food delivery delays, late orders, missing items, wrong orders, cold food",0.3990525603294372,Delivery Issues,low,88,zero-shot-bart-large-mnli,Delivery Issues,keyword_rule
"For my 2 weeks in Sri Lanka PickMe was often troublesome. Drivers never accepting. Drivers accepting then never showing up. Drivers cancelling. Drivers accepting, then calling to discuss something; but language barrier made it impossible to figure out what they needed (nobody's fault for that - but why do they keep calling me?). Except for having to deal with the cash just hailing a taxi on the street is easier.",2,2025-11-02 18:07:42,English,Negative,0.9993,NEGATIVE,"driver behavior, rude driver, unsafe driving, driver no show, safety issues",0.6526699662208557,Driver Behavior & Safety,high,415,zero-shot-bart-large-mnli,Driver Behavior & Safety,auto_high_confidence
App was fine before the biding system. Drivers don't accept the rides unless we accept their bids. I always tip a bit extra if it's a long ride anyways. The driver should not be able to bid (demand) Rs. 100 extra for a 2km ride. At this point just go in a normal tuk.,1,2025-11-02 10:59:25,English,Negative,0.9964,NEGATIVE,"pricing, surge pricing, bidding, driver offers, high fares, expensive, discounts",0.6458328366279602,Pricing & Bidding,medium,267,zero-shot-bart-large-mnli,Driver Behavior & Safety,keyword_rule
poor service and the drivers are not punctual at all.,1,2025-11-02 10:38:53,English,Negative,0.9995,NEGATIVE,"driver behavior, rude driver, unsafe driving, driver no show, safety issues",0.7786030173301697,Driver Behavior & Safety,high,53,zero-shot-bart-large-mnli,Driver Behavior & Safety,auto_high_confidence
"most worst taxi service in sri lanka, the driver's are careless they don't care about us and no place to inform ....last night the drive I got was vvvery rude ...",1,2025-10-31 19:31:18,English,Negative,0.9998,NEGATIVE,"driver behavior, rude driver, unsafe driving, driver no show, safety issues",0.9815462231636048,Driver Behavior & Safety,high,162,zero-shot-bart-large-mnli,Driver Behavior & Safety,auto_high_confidence
Terrible service. Sometimes charges unfairly. Disrepectful drivers. Vehicles are damaged and unsafe.,1,2025-10-31 13:48:42,English,Negative,0.9997,NEGATIVE,"driver behavior, rude driver, unsafe driving, driver no show, safety issues",0.9102628827095032,Driver Behavior & Safety,high,100,zero-shot-bart-large-mnli,Driver Behavior & Safety,auto_high_confidence
Once a driver scolded me infront of everyone with filthy words without any issues from my end. And I contacted Pickme and informed the scenario. They havan't done anything regarding the matter and kept lying. 01. I called to ask about the issue : they mentioned its still progressing 02. another day I called : they said it tickets are still in progress 03. another call mentioned issue is done 04. i took another call and said its still in progress 🤣 they kept lying for weeks without any actions,1,2025-10-31 13:15:26,English,Negative,0.9955,NEGATIVE,"driver behavior, rude driver, unsafe driving, driver no show, safety issues",0.7780624628067017,Driver Behavior & Safety,high,497,zero-shot-bart-large-mnli,Driver Behavior & Safety,auto_high_confidence
"I can't download the Driver App 😢 ""This app is not available in your country"" but I have set all in Sri Lanka",1,2025-10-31 06:25:11,English,Negative,0.9634,NEGATIVE,"app bugs, crashes, slow app, technical issues, map, GPS, login, payment failure",0.3108012974262237,App Bugs,low,109,zero-shot-bart-large-mnli,Driver Behavior & Safety,keyword_rule
Bad experience with inefficient food delivery more than one hour waiting somone to pick and Long waiting time to pikme transport,1,2025-10-30 20:25:01,English,Negative,0.9996,NEGATIVE,"food delivery delays, late orders, missing items, wrong orders, cold food",0.8187529444694519,Delivery Issues,high,128,zero-shot-bart-large-mnli,Delivery Issues,auto_high_confidence
I always have problems with pick up location,5,2025-10-27 06:43:47,English,Negative,0.9977,NEGATIVE,"driver behavior, rude driver, unsafe driving, driver no show, safety issues",0.298384815454483,Driver Behavior & Safety,low,44,zero-shot-bart-large-mnli,App Bugs,keyword_rule
after update also not fix the issues validation error,1,2025-10-25 12:29:44,English,Negative,0.9988,NEGATIVE,"customer support, refunds, complaint handling, unhelpful support",0.2888550460338592,Support & Refunds,low,53,zero-shot-bart-large-mnli,App Bugs,keyword_rule
"The bidding system is one of the WORST features ever to be implemented on this app, enough to ruin my whole in-app experience. For a simple 4km journey cost LKR 420, I was getting +250 to +750LKR markup offers for Minis from drivers 3-5mins away which is unacceptable.",1,2025-10-25 07:43:32,English,Negative,0.9998,NEGATIVE,"pricing, surge pricing, bidding, driver offers, high fares, expensive, discounts",0.905497431755066,Pricing & Bidding,high,268,zero-shot-bart-large-mnli,Pricing & Bidding,auto_high_confidence
"A very poor app. It's not like they are posting pick me to go from Dehiwala to Colombo, they are setting up rides.. They showed 5/6 three-wheelers on the map. No matter how much we paid, they are going...why can't they set up. A very poor app. Uber is better than pick me",5,2025-10-25 05:37:52,English,Negative,0.9997,NEGATIVE,"app bugs, crashes, slow app, technical issues, map, GPS, login, payment failure",0.3376697599887848,App Bugs,low,271,zero-shot-bart-large-mnli,App Bugs,keyword_rule
"placed a food order over two and a half hours ago, but it still hasn’t been delivered. The restaurant confirmed that the food is ready, but the delivery partner has not come to pick it up. I have tried contacting PickMe support through calls and the emergency helpline several times, but I haven’t received any response. This delay and lack of communication are very disappointing and frustrating. Please look into this issue urgently and let me know what happened with my order",1,2025-10-24 18:44:56,English,Negative,0.9988,NEGATIVE,"food delivery delays, late orders, missing items, wrong orders, cold food",0.5289709568023682,Delivery Issues,medium,478,zero-shot-bart-large-mnli,Delivery Issues,keyword_rule
"very bad customer service . I had an issue with that driver when I reached to the hotline .The ticket was closed without even talking or proper inquiry about the incident . also tried calling their hotline ,that isn't working either .really frustrated about it .",1,2025-10-23 11:27:31,English,Negative,0.9998,NEGATIVE,"driver behavior, rude driver, unsafe driving, driver no show, safety issues",0.7261277437210083,Driver Behavior & Safety,high,262,zero-shot-bart-large-mnli,Driver Behavior & Safety,auto_high_confidence
worst app ever. No support when it comes to specially food delivery services. Drivers are so arrogant and don't deliver on time.,1,2025-10-22 23:22:22,English,Negative,0.9998,NEGATIVE,"driver behavior, rude driver, unsafe driving, driver no show, safety issues",0.6657382845878601,Driver Behavior & Safety,high,128,zero-shot-bart-large-mnli,Driver Behavior & Safety,auto_high_confidence
Try to update mobile number in my account but app crashed Please fix that issue. Gives 4 star service was amazing and easy for busy lifestyle But later bookings was not perfect and cannot find sometime vehicle I already faced that issue ones,4,2025-10-22 16:04:40,English,Negative,0.9978,NEGATIVE,"app bugs, crashes, slow app, technical issues, map, GPS, login, payment failure",0.4845979511737823,App Bugs,medium,241,zero-shot-bart-large-mnli,App Bugs,keyword_rule
Absolutely dislike the 'bidding' feature. It makes it difficult to find a taxi at a fair price.,2,2025-10-22 10:31:48,English,Negative,0.9996,NEGATIVE,"pricing, surge pricing, bidding, driver offers, high fares, expensive, discounts",0.6971489191055298,Pricing & Bidding,high,95,zero-shot-bart-large-mnli,Pricing & Bidding,auto_high_confidence
Very poor app and service. The app rarely works and constantly struggles to load. I eventally pre booked cars 24 hours in advance but was phoned from Pickme to say that only a small car was available and was a long way away so they would charge me extra to get the car to me. Also the car would not be on time. Waste of time.,1,2025-10-20 20:10:50,English,Negative,0.9998,NEGATIVE,"app bugs, crashes, slow app, technical issues, map, GPS, login, payment failure",0.4387077093124389,App Bugs,low,325,zero-shot-bart-large-mnli,Pricing & Bidding,keyword_rule
my phone not sport your update,1,2025-10-20 14:00:18,English,Negative,0.9871,NEGATIVE,"privacy, security, data, account safety",0.4160893559455871,Privacy & Security,low,30,zero-shot-bart-large-mnli,App Bugs,keyword_rule
useless app can't find a driver on time,1,2025-10-19 15:05:04,English,Negative,0.9998,NEGATIVE,"app bugs, crashes, slow app, technical issues, map, GPS, login, payment failure",0.3559414744377136,App Bugs,low,39,zero-shot-bart-large-mnli,Driver Behavior & Safety,keyword_rule
worst customer care service i put a complaint on 5th of September and i had to talk back 10 more times still not an answer for the complaint,1,2025-10-19 12:11:59,English,Negative,0.9998,NEGATIVE,"customer support, refunds, complaint handling, unhelpful support",0.8565859198570251,Support & Refunds,high,140,zero-shot-bart-large-mnli,Support & Refunds,auto_high_confidence
"I genuinely wanted to support a Sri Lankan brand and have been using PickMe for quite some time. But honestly, the app has become unreliable. I was double charged for a ride because of a ‘bid’ I never selected, and this isn’t the first time the app has acted glitchy. It’s frustrating when a service you trust turns into a hassle. Please fix the system and app stability — this experience was the final straw for me. I’ve decided to stop using PickMe until things improve, which I dont know when",1,2025-10-18 23:38:10,English,Negative,0.9985,NEGATIVE,"app bugs, crashes, slow app, technical issues, map, GPS, login, payment failure",0.7488484382629395,App Bugs,high,495,zero-shot-bart-large-mnli,App Bugs,auto_high_confidence
"so many drivers nearby yet none of them are taking the ride when it is needed. what is the point in becoming a rider if they don't take the ride , pick me needs to increase the standards if not people will cease to use the app",1,2025-10-17 17:56:15,English,Negative,0.9984,NEGATIVE,"driver behavior, rude driver, unsafe driving, driver no show, safety issues",0.6348028182983398,Driver Behavior & Safety,medium,226,zero-shot-bart-large-mnli,Driver Behavior & Safety,keyword_rule
"watch your stuff with this guy, not trust worthy. unlike most pickme drivers in my experience have been super.",1,2025-10-17 06:14:32,English,Negative,0.9959,NEGATIVE,"driver behavior, rude driver, unsafe driving, driver no show, safety issues",0.665209174156189,Driver Behavior & Safety,high,110,zero-shot-bart-large-mnli,Driver Behavior & Safety,auto_high_confidence
Not working for gbox app,1,2025-10-16 02:32:19,English,Negative,0.9993,NEGATIVE,"app bugs, crashes, slow app, technical issues, map, GPS, login, payment failure",0.378605455160141,App Bugs,low,24,zero-shot-bart-large-mnli,App Bugs,keyword_rule
"PickMe drivers seriously need better training —most of them have no manners and aren't professional, making passengers feel unsafe during rides. The pickup location is almost never accurate. On top of that, many drivers don’t seem to know or use shorter routes; instead, they deliberately take longer ones just to increase the fare, even when no stops are made. It feels like a scam because you end up paying more than the amount shown initially. In short, Uber is better. Doesn't deserve any stars.",1,2025-10-15 17:45:44,English,Negative,0.9997,NEGATIVE,"driver behavior, rude driver, unsafe driving, driver no show, safety issues",0.9775707721710204,Driver Behavior & Safety,high,499,zero-shot-bart-large-mnli,Driver Behavior & Safety,auto_high_confidence
no use of this new version app not supporting to my android phone any more im not using pick me now I have informed to the pick me Customer support service one of the agent spoke to me she has no any idea about this new version,1,2025-10-07 18:02:07,English,Negative,0.9993,NEGATIVE,"privacy, security, data, account safety",0.3161517679691314,Privacy & Security,low,227,zero-shot-bart-large-mnli,Support & Refunds,keyword_rule
been scammed twice with food nor being delivered,1,2025-10-06 16:18:04,English,Negative,0.9996,NEGATIVE,"food delivery delays, late orders, missing items, wrong orders, cold food",0.84861820936203,Delivery Issues,high,48,zero-shot-bart-large-mnli,Delivery Issues,auto_high_confidence
"Very worst customer service! I reported an issue, and no one even bothered to respond or check the chat properly. You people just ignore it like it's nothing! And the funniest part? Your company rating itself is below average — that says everything! Still, we trusted your service. That’s our biggest mistake. Totally disappointing and unprofessional!",1,2025-10-05 19:38:13,English,Negative,0.9998,NEGATIVE,"customer support, refunds, complaint handling, unhelpful support",0.7052723169326782,Support & Refunds,high,351,zero-shot-bart-large-mnli,Support & Refunds,auto_high_confidence
"Almost good. But i cant activate pick me pass, there is an error...",2,2025-10-05 14:59:32,English,Negative,0.9985,NEGATIVE,"privacy, security, data, account safety",0.3618637323379516,Privacy & Security,low,67,zero-shot-bart-large-mnli,App Bugs,keyword_rule
When I order it mostly takes half an hour and sometimes it charges too much 🙃,1,2025-10-04 18:51:19,English,Negative,0.9994,NEGATIVE,"privacy, security, data, account safety",0.2379885613918304,Privacy & Security,low,77,zero-shot-bart-large-mnli,Delivery Issues,keyword_rule
I was prompted to update the PickMe app in my phone and I tried to download the updated app and still I'm without the app obtain your service,1,2025-10-04 13:15:00,English,Negative,0.9995,NEGATIVE,"customer support, refunds, complaint handling, unhelpful support",0.3759130239486694,Support & Refunds,low,141,zero-shot-bart-large-mnli,App Bugs,keyword_rule
"drivers not confirming the ride, but shows lot of riders in the map, this happens lot of time, very time wasting, and sometimes when book a rider, coming an other vehicle with a different number plate... not only that there are so many problems, some drivers add a bill before they pick us, so the price becomes increase more than shows on the bill after finish the ride",1,2025-10-03 23:14:31,English,Negative,0.9856,NEGATIVE,"driver behavior, rude driver, unsafe driving, driver no show, safety issues",0.7457550168037415,Driver Behavior & Safety,high,370,zero-shot-bart-large-mnli,Driver Behavior & Safety,auto_high_confidence
Pickme needs to fix the drivers rules because the drivers most of the time don't accept the ride even if there are drivers nearby. When we urgently need to go somewhere its very hard cause no drivers takes the ride if it's below 400. So please pickme get that fixed with your drivers,1,2025-10-03 08:45:11,English,Negative,0.9991,NEGATIVE,"driver behavior, rude driver, unsafe driving, driver no show, safety issues",0.7086954116821289,Driver Behavior & Safety,high,283,zero-shot-bart-large-mnli,Driver Behavior & Safety,auto_high_confidence
Absolutely terrible with assigning drivers when they have an issue even though both the restaurant and I (the client) addressed the issue on call 4 times,1,2025-10-02 15:03:08,English,Negative,0.9992,NEGATIVE,"customer support, refunds, complaint handling, unhelpful support",0.8001492619514465,Support & Refunds,high,153,zero-shot-bart-large-mnli,Support & Refunds,auto_high_confidence
"awful experience. ordered dinner. canceled after waiting 30 mins. tried ordering again and the same thing happened after 30 minutes, even though the order said it was ready for pickup by the driver. no explanation. now almost no place is open because it's too late. what's the point of this?",1,2025-10-01 22:06:30,English,Negative,0.9998,NEGATIVE,"driver behavior, rude driver, unsafe driving, driver no show, safety issues",0.5370420217514038,Driver Behavior & Safety,medium,291,zero-shot-bart-large-mnli,Delivery Issues,keyword_rule
i have gold member and daily use the app for go to office and home - price show 220LKR and when end the trip show price 400LKR.,1,2025-09-30 18:02:16,English,Negative,0.932,NEGATIVE,"pricing, surge pricing, bidding, driver offers, high fares, expensive, discounts",0.5119950771331787,Pricing & Bidding,medium,127,zero-shot-bart-large-mnli,Pricing & Bidding,keyword_rule
"Absolutely no privacy in this app. Phone numbers are visible to drivers, and many of them keep calling and harassing customers even after the ride especially unsafe for female passengers. Drivers can register without proper checks, which makes it worse. PickMe Food is just as bad. There’s no proper refund system if an order is delayed or wrong, they just call and bargain instead of giving a fair solution. Even when the delay is on their side, nothing happens because all they care about is takin",1,2025-09-30 10:03:56,English,Negative,0.9998,NEGATIVE,"customer support, refunds, complaint handling, unhelpful support",0.5391152501106262,Support & Refunds,medium,499,zero-shot-bart-large-mnli,Delivery Issues,keyword_rule
I had a really good experience with PickMe so far but recently i had a problem with food that i ordered and which was never delivered and the order was cancelled. I got an sms saying the funds would be refunded but so far it hasn't been refunded. My main Problem is that i dont feel like calling the hotline so i just wish they find a way to allow us to report problems like this in-app and that's a problem because the cancelled food order isnt even appearing even though i paid for it.,2,2025-09-28 19:19:23,English,Negative,0.9997,NEGATIVE,"customer support, refunds, complaint handling, unhelpful support",0.531891942024231,Support & Refunds,medium,487,zero-shot-bart-large-mnli,Delivery Issues,keyword_rule
The driver gets really mad when we cancel a trip 😡.,1,2025-09-28 15:48:21,English,Negative,0.9989,NEGATIVE,"driver behavior, rude driver, unsafe driving, driver no show, safety issues",0.7932032346725464,Driver Behavior & Safety,high,51,zero-shot-bart-large-mnli,Driver Behavior & Safety,auto_high_confidence
Update eka enne naaa,1,2025-09-28 14:14:57,English,Negative,0.9684,NEGATIVE,"driver behavior, rude driver, unsafe driving, driver no show, safety issues",0.3137082457542419,Driver Behavior & Safety,low,20,zero-shot-bart-large-mnli,App Bugs,keyword_rule
"PickMe is now charging extra hidden costs. If the driver is coming from more than 3 km away, they add that distance to the customer’s bill as “surge,” without informing clearly. Customers only see it after the ride, which feels unfair and misleading. Transparency is very important—please be honest with your charges.",1,2025-09-26 19:38:37,English,Negative,0.8618,NEGATIVE,"pricing, surge pricing, bidding, driver offers, high fares, expensive, discounts",0.582374095916748,Pricing & Bidding,medium,317,zero-shot-bart-large-mnli,Pricing & Bidding,keyword_rule
Most useless app in Sri Lanka! Everyday drivers going round and round saying map is not working. Why keep a share button if you are unable to share trip details? This app is totally a waste of time!,1,2025-09-26 02:27:24,English,Negative,0.9998,NEGATIVE,"app bugs, crashes, slow app, technical issues, map, GPS, login, payment failure",0.5972321033477783,App Bugs,medium,198,zero-shot-bart-large-mnli,App Bugs,keyword_rule
"Disappointed experience with PickMe! They over charged me without any prior notice, that was completely unfair. The service was not worth for the additional cost. They should improve their pricing transparency in future. Never ride with pickme again until they improve their transparency They shows very high fare after a ride than estimated fare",1,2025-09-25 01:20:23,English,Negative,0.9996,NEGATIVE,"pricing, surge pricing, bidding, driver offers, high fares, expensive, discounts",0.6831687688827515,Pricing & Bidding,high,346,zero-shot-bart-large-mnli,Pricing & Bidding,auto_high_confidence
courier option is not working anymore,1,2025-09-23 19:50:03,English,Negative,0.9991,NEGATIVE,"customer support, refunds, complaint handling, unhelpful support",0.2668197453022003,Support & Refunds,low,37,zero-shot-bart-large-mnli,App Bugs,keyword_rule
I ordered a Biriyani from Kurtosh Pita Kotte. They sent me only the Rice and the piece of Chicken. Accompaniments that should have come with the rice didn't come. There was not even gravy. Very bad service.,1,2025-09-22 15:28:00,English,Negative,0.9986,NEGATIVE,"food delivery delays, late orders, missing items, wrong orders, cold food",0.6982652544975281,Delivery Issues,high,206,zero-shot-bart-large-mnli,Delivery Issues,auto_high_confidence
"i didnt receive my food order even tho i paid for it . there was no driver assigned to me so i cant even do nothing , theres no order in my activity list . hope the they see this and fix there wromg doing to me",1,2025-09-21 23:19:34,English,Negative,0.9989,NEGATIVE,"driver behavior, rude driver, unsafe driving, driver no show, safety issues",0.6223224401473999,Driver Behavior & Safety,medium,210,zero-shot-bart-large-mnli,Delivery Issues,keyword_rule
"Worst app period. Book a ride and the rider says he's 3km away. But in the app it shows 100 m. Neither of us can cancel the trip too. Fix your bugs pickme, pathetic.",1,2025-09-21 13:03:54,English,Negative,0.9992,NEGATIVE,"app bugs, crashes, slow app, technical issues, map, GPS, login, payment failure",0.5820130109786987,App Bugs,medium,165,zero-shot-bart-large-mnli,App Bugs,keyword_rule
verh bad app no drivers for an emergency very bad no drivers in the app at all close the app,1,2025-09-19 20:27:48,English,Negative,0.9988,NEGATIVE,"driver behavior, rude driver, unsafe driving, driver no show, safety issues",0.6867339611053467,Driver Behavior & Safety,high,92,zero-shot-bart-large-mnli,Driver Behavior & Safety,auto_high_confidence
please check location sharing not functioning,2,2025-09-19 14:34:59,English,Negative,0.9997,NEGATIVE,"privacy, security, data, account safety",0.6886619925498962,Privacy & Security,high,45,zero-shot-bart-large-mnli,Privacy & Security,auto_high_confidence
They are the worst. Not taking our transports.,1,2025-09-19 07:05:43,English,Negative,0.9998,NEGATIVE,"driver behavior, rude driver, unsafe driving, driver no show, safety issues",0.8335901498794556,Driver Behavior & Safety,high,46,zero-shot-bart-large-mnli,Driver Behavior & Safety,auto_high_confidence
"Lack of Accountability ""Even after reporting bad driver behavior, PickMe did not follow up properly. It feels like the organization doesn’t care about customer safety or feedback."" Unprofessional Standards ""PickMe as an organization needs to improve its quality control. Many drivers are rude or cancel rides, and there seems to be no strict action taken against them.""",1,2025-09-18 11:40:16,English,Negative,0.9997,NEGATIVE,"driver behavior, rude driver, unsafe driving, driver no show, safety issues",0.9454266428947448,Driver Behavior & Safety,high,369,zero-shot-bart-large-mnli,Driver Behavior & Safety,auto_high_confidence
"Extremely disappointed with PickMe. The app gave a wrong route, and the driver abandoned me on a deserted road after I had already paid by card. He was aggressive, rude, and behaved like a thug, leaving me unsafe and stranded. I had to withdraw cash, take another taxi, spend extra money, and missed my appointment. Be very careful using PickMe – the app is unreliable, drivers are dangerous, and your safety is at risk.",1,2025-09-17 22:03:08,English,Negative,0.9998,NEGATIVE,"driver behavior, rude driver, unsafe driving, driver no show, safety issues",0.9851193428039552,Driver Behavior & Safety,high,420,zero-shot-bart-large-mnli,Driver Behavior & Safety,auto_high_confidence
Worst drivers ever.,1,2025-09-17 08:35:21,English,Negative,0.9998,NEGATIVE,"driver behavior, rude driver, unsafe driving, driver no show, safety issues",0.8511230945587158,Driver Behavior & Safety,high,19,zero-shot-bart-large-mnli,Driver Behavior & Safety,auto_high_confidence
"Extremely Disappointed with PickMe I’ve had two deeply frustrating experiences with PickMe. First, I lost valuable items during a ride, and when I contacted customer service, they simply told me to report it to the police—no support or accountability. Second, the fare shown befo after a big conversation it ended up with sorry. from customer service.",1,2025-09-15 23:06:23,English,Negative,0.9998,NEGATIVE,"driver behavior, rude driver, unsafe driving, driver no show, safety issues",0.5049552321434021,Driver Behavior & Safety,medium,351,zero-shot-bart-large-mnli,Support & Refunds,keyword_rule
they charge hidden charges for serching. and very hard to complane agents service .,1,2025-09-13 19:05:42,English,Negative,0.9987,NEGATIVE,"customer support, refunds, complaint handling, unhelpful support",0.391857773065567,Support & Refunds,low,83,zero-shot-bart-large-mnli,Pricing & Bidding,keyword_rule
Not reliable. I ordered one food parcel but pick me deducted for 2 parcel and deluvered 2 parcels through different orders.App has not even notified the progress of second order.,1,2025-09-12 15:21:25,English,Negative,0.9996,NEGATIVE,"food delivery delays, late orders, missing items, wrong orders, cold food",0.3685280084609985,Delivery Issues,low,178,zero-shot-bart-large-mnli,Delivery Issues,keyword_rule
paid by card. but ask mony,1,2025-09-12 12:15:04,English,Negative,0.9914,NEGATIVE,"privacy, security, data, account safety",0.2783069908618927,Privacy & Security,low,26,zero-shot-bart-large-mnli,App Bugs,keyword_rule
getting late no driver is taking even its high price . poor sevice 😡😡,1,2025-09-12 06:47:10,English,Negative,0.9996,NEGATIVE,"driver behavior, rude driver, unsafe driving, driver no show, safety issues",0.88077312707901,Driver Behavior & Safety,high,69,zero-shot-bart-large-mnli,Driver Behavior & Safety,auto_high_confidence
"worst service ever do not use this application, customer Service always blames the merchant and the merchant blames Pick Me, so just to earn money not to provide any service,they have 0 concern and it's not a service oriented business honestly, I have made 4 orders to Celeste and all where automatically cancelled and when called both parties they blame each other,best part is they inform that all other customers orders are perfectly fetched but not mine so something for me to think of,",1,2025-09-11 00:32:53,English,Negative,0.9986,NEGATIVE,"customer support, refunds, complaint handling, unhelpful support",0.8309758901596069,Support & Refunds,high,490,zero-shot-bart-large-mnli,Support & Refunds,auto_high_confidence
all your three wheeler drivers are spitting during the journey.please advise them not to spitt while the costermer is I n the vehicle.for the wind the spitt ckmes to I ur faces,1,2025-09-10 18:55:34,English,Negative,0.9958,NEGATIVE,"driver behavior, rude driver, unsafe driving, driver no show, safety issues",0.5842800140380859,Driver Behavior & Safety,medium,176,zero-shot-bart-large-mnli,Driver Behavior & Safety,keyword_rule
app getting worst bcz all drivers ignored . uninstalled👎👎👎,1,2025-09-08 10:06:54,English,Negative,0.9991,NEGATIVE,"driver behavior, rude driver, unsafe driving, driver no show, safety issues",0.663195013999939,Driver Behavior & Safety,high,58,zero-shot-bart-large-mnli,Driver Behavior & Safety,auto_high_confidence
barely any drivers on the app,1,2025-09-06 20:00:53,English,Negative,0.9995,NEGATIVE,"privacy, security, data, account safety",0.3209518492221832,Privacy & Security,low,29,zero-shot-bart-large-mnli,Driver Behavior & Safety,keyword_rule
"Good, however, when using the option of card payment, it is a bit erratic as it appears not to register and having to pay by cash instead. This potentially can be awkward, problematical, and not to say embarrassing 😳",4,2025-09-05 06:06:08,English,Negative,0.9932,NEGATIVE,"app bugs, crashes, slow app, technical issues, map, GPS, login, payment failure",0.4886861443519592,App Bugs,medium,216,zero-shot-bart-large-mnli,App Bugs,keyword_rule
Driver never came,1,2025-09-04 18:16:45,English,Negative,0.9994,NEGATIVE,"driver behavior, rude driver, unsafe driving, driver no show, safety issues",0.6240860819816589,Driver Behavior & Safety,medium,17,zero-shot-bart-large-mnli,Driver Behavior & Safety,keyword_rule
"one of the most unprofessional apps as their drivers, and I'll never recommend this to anyone, especially for a foreigner, because they dont stick to the given price and then charge extra. always gotta ride with skeptical feelings whether will it change or not and more other issues.",1,2025-08-31 00:13:11,English,Negative,0.9364,NEGATIVE,"driver behavior, rude driver, unsafe driving, driver no show, safety issues",0.8306088447570801,Driver Behavior & Safety,high,283,zero-shot-bart-large-mnli,Driver Behavior & Safety,auto_high_confidence
This is not useful when you need it at all. It takes like half an hour to pair with you a driver,1,2025-08-30 19:06:50,English,Negative,0.9997,NEGATIVE,"customer support, refunds, complaint handling, unhelpful support",0.5856587290763855,Support & Refunds,medium,96,zero-shot-bart-large-mnli,Driver Behavior & Safety,keyword_rule
encountered too many cancellations from drivers recently after they confirm,1,2025-08-30 18:16:18,English,Negative,0.9994,NEGATIVE,"driver behavior, rude driver, unsafe driving, driver no show, safety issues",0.5831834077835083,Driver Behavior & Safety,medium,75,zero-shot-bart-large-mnli,Driver Behavior & Safety,keyword_rule
patta chater driverlage paththata kisi deyak nha un hambakara gannawa vitharai kalakanni ballo,1,2025-08-30 15:57:06,English,Negative,0.9894,NEGATIVE,"driver behavior, rude driver, unsafe driving, driver no show, safety issues",0.7249988913536072,Driver Behavior & Safety,high,94,zero-shot-bart-large-mnli,Driver Behavior & Safety,auto_high_confidence
cause hire are little late,4,2025-08-30 15:41:34,English,Negative,0.8075,NEGATIVE,"driver behavior, rude driver, unsafe driving, driver no show, safety issues",0.6419742107391357,Driver Behavior & Safety,medium,26,zero-shot-bart-large-mnli,Delivery Issues,keyword_rule
This is not for drivers and passengers.This is only running for company profit.,1,2025-08-30 14:48:29,English,Negative,0.9992,NEGATIVE,"driver behavior, rude driver, unsafe driving, driver no show, safety issues",0.4112303256988525,Driver Behavior & Safety,low,79,zero-shot-bart-large-mnli,Driver Behavior & Safety,keyword_rule
"Pickme Foods, what happened to you?Did your drivers go on strike?🤣🤣",1,2025-08-29 12:47:57,English,Negative,0.999,NEGATIVE,"driver behavior, rude driver, unsafe driving, driver no show, safety issues",0.7355515360832214,Driver Behavior & Safety,high,67,zero-shot-bart-large-mnli,Driver Behavior & Safety,auto_high_confidence
Most UNRELIABLE app ever. Half the time I am unable to get a tuk especially during an emergency and when it rains. Riders accept and cancel last minute. I have to cancel Classes because I have wasted my time and energy waiting for over an hour just to get a ride.. In the time that a driver takes to accept a ride if I had gone walking I would have reached my destination before they could accept.,1,2025-08-28 11:14:11,English,Negative,0.9997,NEGATIVE,"customer support, refunds, complaint handling, unhelpful support",0.3377955257892608,Support & Refunds,low,397,zero-shot-bart-large-mnli,Driver Behavior & Safety,keyword_rule
The bikers are not arriving when we want for an important ride otherwise the tuk-tuk drivers are working well,1,2025-08-27 19:55:12,English,Negative,0.7387,NEGATIVE,"driver behavior, rude driver, unsafe driving, driver no show, safety issues",0.2963211834430694,Driver Behavior & Safety,low,109,zero-shot-bart-large-mnli,Driver Behavior & Safety,keyword_rule
"I ordered a pizza hut buy one and get one offer and delivered only one. verify that the order has been delivered to pickme Guy.Contacted pickme hotline wait for Feedback, but they tried to convince me even without contacting the guy who delivered order. Asked for a resolution, no feedback or complaint details either.",1,2025-08-27 19:48:44,English,Negative,0.996,NEGATIVE,"customer support, refunds, complaint handling, unhelpful support",0.6585450172424316,Support & Refunds,high,318,zero-shot-bart-large-mnli,Support & Refunds,auto_high_confidence
It take so long to get a driver. If you're in a hurry you can't get one.,1,2025-08-27 13:33:54,English,Negative,0.9995,NEGATIVE,"food delivery delays, late orders, missing items, wrong orders, cold food",0.3149047493934631,Delivery Issues,low,72,zero-shot-bart-large-mnli,Driver Behavior & Safety,keyword_rule
few drivers demand cash. sometimes locations do not get picked up correctly and drivers end in wrong location. one driver refused to wait 5mts till rain ceased and asked to cancel the hire.,3,2025-08-27 12:32:05,English,Negative,0.9996,NEGATIVE,"driver behavior, rude driver, unsafe driving, driver no show, safety issues",0.8218178153038025,Driver Behavior & Safety,high,189,zero-shot-bart-large-mnli,Driver Behavior & Safety,auto_high_confidence
"Horrible experience with the riders.. they'll take forever to arrive and yet the cancelation fee for the ride has been taken from my account.. This happened to me several times. Also they make us wait until their whole work is over and come when they get a reminder, i guess",1,2025-08-26 20:32:51,English,Negative,0.9996,NEGATIVE,"customer support, refunds, complaint handling, unhelpful support",0.6765062808990479,Support & Refunds,high,274,zero-shot-bart-large-mnli,Support & Refunds,auto_high_confidence
i will never recommend this app for ever i place order at 4.30 am till 5.20 am now no delivery agent to pick my food order waste of time and money,1,2025-08-26 05:20:07,English,Negative,0.9934,NEGATIVE,"food delivery delays, late orders, missing items, wrong orders, cold food",0.3676331639289856,Delivery Issues,low,146,zero-shot-bart-large-mnli,Delivery Issues,keyword_rule
worst app ever invented drivers still don't pick up when it's a short distance.,1,2025-08-24 09:06:15,English,Negative,0.9998,NEGATIVE,"driver behavior, rude driver, unsafe driving, driver no show, safety issues",0.8135396242141724,Driver Behavior & Safety,high,79,zero-shot-bart-large-mnli,Driver Behavior & Safety,auto_high_confidence
Charged than the amount displayed at the beginning due to traffic jam at the railway crossing. This is unfair.,3,2025-08-23 04:02:59,English,Negative,0.9996,NEGATIVE,"driver behavior, rude driver, unsafe driving, driver no show, safety issues",0.3833268582820892,Driver Behavior & Safety,low,110,zero-shot-bart-large-mnli,Pricing & Bidding,keyword_rule
rickety vehicles accuracy of location,4,2025-08-21 14:13:45,English,Negative,0.9813,NEGATIVE,"driver behavior, rude driver, unsafe driving, driver no show, safety issues",0.324394941329956,Driver Behavior & Safety,low,37,zero-shot-bart-large-mnli,App Bugs,keyword_rule
Tuk tuk drivers suck. No rides during noon time.,1,2025-08-21 13:42:04,English,Negative,0.999,NEGATIVE,"driver behavior, rude driver, unsafe driving, driver no show, safety issues",0.8386195302009583,Driver Behavior & Safety,high,48,zero-shot-bart-large-mnli,Driver Behavior & Safety,auto_high_confidence
"driver kamal doesn't know how to treat customers, he is mentally low level",1,2025-08-20 20:33:20,English,Negative,0.9998,NEGATIVE,"driver behavior, rude driver, unsafe driving, driver no show, safety issues",0.7960354685783386,Driver Behavior & Safety,high,74,zero-shot-bart-large-mnli,Driver Behavior & Safety,auto_high_confidence
"This is FRAUD. When I contacted support about drivers cheating, they banned ME. So cheater driver got my money, that's all.",1,2025-08-20 19:57:02,English,Negative,0.9995,NEGATIVE,"driver behavior, rude driver, unsafe driving, driver no show, safety issues",0.5062845945358276,Driver Behavior & Safety,medium,123,zero-shot-bart-large-mnli,Driver Behavior & Safety,keyword_rule
"​The app shares our numbers with clients, which poses a significant security risk. Unlike Uber, it lacks an in-app calling feature, and the app itself isn't as well designed. While I want to support local apps, these design flaws and security issues led me to uninstall it immediately. The company needs to implement in-app calling as a priority.",1,2025-08-19 06:36:51,English,Negative,0.9997,NEGATIVE,"privacy, security, data, account safety",0.9525680541992188,Privacy & Security,high,346,zero-shot-bart-large-mnli,Privacy & Security,auto_high_confidence
What an unpleasant app...they are cancelling their rides and we should await if they cancel again and again...I ll never rate this as a good app,1,2025-08-18 18:01:35,English,Negative,0.9998,NEGATIVE,"driver behavior, rude driver, unsafe driving, driver no show, safety issues",0.5874517560005188,Driver Behavior & Safety,medium,144,zero-shot-bart-large-mnli,Pricing & Bidding,keyword_rule
late for the food order💔,1,2025-08-18 03:51:30,English,Negative,0.9991,NEGATIVE,"driver behavior, rude driver, unsafe driving, driver no show, safety issues",0.58226078748703,Driver Behavior & Safety,medium,24,zero-shot-bart-large-mnli,Delivery Issues,keyword_rule
horrible experience with money being taken from my account for orders and not being refunded after cancellations on the store or pick me side. everytime they make me wait a week and then say something is being done. still waiting on 3 seperate orders to be resolved and it's been 1 and a half months. do not recommend.,1,2025-08-17 15:29:30,English,Negative,0.9997,NEGATIVE,"customer support, refunds, complaint handling, unhelpful support",0.9058068990707396,Support & Refunds,high,318,zero-shot-bart-large-mnli,Support & Refunds,auto_high_confidence
"This morning at around 9 am, I called the customer care department of Pickme to get an answer to a certain problem. I was really disappointed at that moment. The Pickme employee who answered my call started singing after listening to my call. While I was on the call, she put the call aside and started talking to other employees. What I really felt at that moment was zero customer care. If you think your customer is a joke, remind your employees that the customer does not need your service.😡",1,2025-08-16 12:46:18,English,Negative,0.9996,NEGATIVE,"customer support, refunds, complaint handling, unhelpful support",0.5423009395599365,Support & Refunds,medium,495,zero-shot-bart-large-mnli,Support & Refunds,keyword_rule
"Very sad, No drivers accepting the hires. Even more drivers are around there. Need more attention to this. also can't even change payment method after ordering.",1,2025-08-15 13:20:09,English,Negative,0.999,NEGATIVE,"driver behavior, rude driver, unsafe driving, driver no show, safety issues",0.3218303024768829,Driver Behavior & Safety,low,160,zero-shot-bart-large-mnli,Driver Behavior & Safety,keyword_rule
I think you should include a text business option for PickMe foods. Sometimes I have the urge to ask them whether they're decorating my order with 24k gold since they've taken so long with order preparations.,3,2025-08-15 10:43:00,English,Negative,0.9982,NEGATIVE,"food delivery delays, late orders, missing items, wrong orders, cold food",0.2678838670253753,Delivery Issues,low,208,zero-shot-bart-large-mnli,Delivery Issues,keyword_rule
took me a detour,1,2025-08-13 16:05:34,English,Negative,0.9934,NEGATIVE,"driver behavior, rude driver, unsafe driving, driver no show, safety issues",0.6926800012588501,Driver Behavior & Safety,high,16,zero-shot-bart-large-mnli,Driver Behavior & Safety,auto_high_confidence
one driver found my number after the ride and now he's texting n bothering me this is so annoying other than that everything are fine,1,2025-08-11 21:12:26,English,Negative,0.9864,NEGATIVE,"driver behavior, rude driver, unsafe driving, driver no show, safety issues",0.6289775967597961,Driver Behavior & Safety,medium,133,zero-shot-bart-large-mnli,Driver Behavior & Safety,keyword_rule
after I download it is not working and loading... frustrated so much,1,2025-08-11 11:44:06,English,Negative,0.9993,NEGATIVE,"app bugs, crashes, slow app, technical issues, map, GPS, login, payment failure",0.4692399203777313,App Bugs,medium,68,zero-shot-bart-large-mnli,App Bugs,keyword_rule
"Driver never arrived, then he instantly ""finished"" the trip and took my money. PickMe customer support did not help and closed off the complaint, without any contact. The scam should have been obvious because the trip only lasted 1 minute and the driver never actually arrived at the pickup location. I would suggest using cash as primary source of payment to avoid scams in the future as PickMe will not help.",1,2025-08-10 23:11:56,English,Negative,0.9998,NEGATIVE,"driver behavior, rude driver, unsafe driving, driver no show, safety issues",0.6257416605949402,Driver Behavior & Safety,medium,410,zero-shot-bart-large-mnli,Support & Refunds,keyword_rule
"I'm currently facing issues with this app. For instance, when I booked one ride, it registered as two rides. Additionally, sometimes drivers call me even though I haven't booked a ride. Please address these problems.",2,2025-08-08 12:00:50,English,Negative,0.997,NEGATIVE,"app bugs, crashes, slow app, technical issues, map, GPS, login, payment failure",0.6177272796630859,App Bugs,medium,216,zero-shot-bart-large-mnli,Driver Behavior & Safety,keyword_rule
cannot even able to book a cab for a friend. gets crashed all the time.,1,2025-08-08 03:35:50,English,Negative,0.9995,NEGATIVE,"driver behavior, rude driver, unsafe driving, driver no show, safety issues",0.3998335003852844,Driver Behavior & Safety,low,71,zero-shot-bart-large-mnli,App Bugs,keyword_rule
"pathetic. no customer service, no service levels or standards, it's the wild west.",1,2025-08-07 10:57:44,English,Negative,0.9998,NEGATIVE,"customer support, refunds, complaint handling, unhelpful support",0.4079557061195373,Support & Refunds,low,82,zero-shot-bart-large-mnli,Support & Refunds,keyword_rule
The driver has dropped us on the road of our hospital because he has failed to take us into the hospital to get off.,1,2025-08-06 09:17:27,English,Negative,0.9991,NEGATIVE,"driver behavior, rude driver, unsafe driving, driver no show, safety issues",0.8259045481681824,Driver Behavior & Safety,high,116,zero-shot-bart-large-mnli,Driver Behavior & Safety,auto_high_confidence
Bad Taxi Service In Sri lanka,1,2025-08-05 09:04:00,English,Negative,0.9997,NEGATIVE,"driver behavior, rude driver, unsafe driving, driver no show, safety issues",0.6906675100326538,Driver Behavior & Safety,high,29,zero-shot-bart-large-mnli,Driver Behavior & Safety,auto_high_confidence
bike option is not showing.i hv the latest update also. but i cant book a bike ride due to this,2,2025-08-01 20:56:26,English,Negative,0.9686,NEGATIVE,"driver behavior, rude driver, unsafe driving, driver no show, safety issues",0.230298101902008,Driver Behavior & Safety,low,95,zero-shot-bart-large-mnli,App Bugs,keyword_rule
Food delivery service is a total nightmare! took more than 2hrs to deliver 4 portions of rice & curry. this is my first and last order on PickMe Food.,1,2025-07-31 15:04:45,English,Negative,0.9995,NEGATIVE,"food delivery delays, late orders, missing items, wrong orders, cold food",0.728702187538147,Delivery Issues,high,150,zero-shot-bart-large-mnli,Delivery Issues,auto_high_confidence
