review_text,rating,date,sentiment,suggested_category,category_confidence,confidence_band,corrected_category
this app is very good but locations are wrong,5,2025-11-24 17:54:53,Negative,Pricing & Bidding,0.19269561767578125,low,
"Drivers call you and interview you, if you don't pass the interview they will cancel.",1,2026-06-26 13:27:18,Negative,Pricing & Bidding,0.20751945674419403,low,
not bad but not so much good though,3,2025-11-27 01:32:13,Negative,Support & Refunds,0.21198414266109467,low,
some zip cars are not maintained well. the interior is so unclean and with bad odour. please look into this.,5,2026-06-26 21:30:27,Negative,App Bugs,0.21388258039951324,low,
worst app uber is the best app,1,2026-02-09 19:50:13,Negative,Privacy & Security,0.21565915644168854,low,
"in my last few pickme 3wil trips, 3 of them couldn't find the right locations and correct routes without me correcting them. some are entirely worng routes. some are very long routes compared to correct one. ( correct route is route i see in the app when i book the trip) so i had to pay extra 30% - 40% for the trip. please fix this routing issue quickly.",1,2026-05-17 12:04:31,Negative,Support & Refunds,0.2166251242160797,low,
"I have been with Pick Me for a very long time, but the Pick Me app has not improved . Directions to locations are without roads. To tell you the truth , improvement is not seen at all. Pick Me is lucky that they don't have proper competition.",3,2026-07-18 19:51:49,Negative,Support & Refunds,0.22242015600204468,low,
please introduce a dark theme in this app.its too useful to save battery life and protect our eyes in android 8 high performance devices,4,2026-08-06 19:02:48,Negative,App Bugs,0.22306667268276215,low,
bike option is not showing.i hv the latest update also. but i cant book a bike ride due to this,2,2025-08-01 20:56:26,Negative,Driver Behavior & Safety,0.23029810190200806,low,
There is always an issue with the precise location marking for picking up. Every time I try to mark a specific location and that location shows the driver somewhere else. Very frustrating!,2,2025-12-27 16:00:34,Negative,App Bugs,0.23096643388271332,low,
pick me is good then it's need more bickes,3,2026-01-09 11:09:26,Negative,Pricing & Bidding,0.23365460336208344,low,
When I order it mostly takes half an hour and sometimes it charges too much 🙃,1,2025-10-04 18:51:19,Negative,Privacy & Security,0.23798856139183044,low,
At the rain there are dont have any tuks,1,2025-12-11 09:18:16,Negative,Driver Behavior & Safety,0.23847447335720062,low,
can I sell the foods from my home?,2,2025-08-19 12:47:28,Negative,Driver Behavior & Safety,0.24069498479366302,low,
pick me has been a great app before but currently there are many bjgs in the system and false information provided,2,2026-06-06 11:32:09,Negative,Privacy & Security,0.24261753261089325,low,
why it takes ages to order something even if it's not further from my location fix it,1,2025-12-29 15:09:59,Negative,App Bugs,0.24319489300251007,low,
"I would like to request an app where only the ride, event, rental, delivery and truck function are available. The food and market options are too distracting and its very much unfair for the user.",1,2026-05-30 04:59:54,Negative,Driver Behavior & Safety,0.24367454648017883,low,
inefficient to use in an area like colombo Time wasting,3,2026-01-13 08:19:34,Negative,Support & Refunds,0.24425195157527924,low,
bad nod good wery bad,1,2025-09-22 22:49:45,Negative,Driver Behavior & Safety,0.24484895169734955,low,
keeps loading from long time,1,2025-12-19 14:22:39,Negative,Pricing & Bidding,0.2463558316230774,low,
I came from kaduwela bus stand to near Cinec campus. It estimated 4.6km and showed lkr 398. But when I got there it showed actual distance was 13.48km. Even if I come from the longest route it's 6.1km. why this app showed like this.,1,2026-05-27 09:19:10,Negative,Privacy & Security,0.2468794584274292,low,
Its difficulty use code,1,2025-08-19 08:52:58,Negative,Driver Behavior & Safety,0.24802741408348083,low,
Foods are no promotions,5,2026-08-06 10:31:50,Negative,Delivery Issues,0.2502305507659912,low,
some time charges will be change rather estimate price.,3,2025-12-20 18:01:37,Negative,Pricing & Bidding,0.25044339895248413,low,
it's not currently usable,1,2026-02-27 19:29:01,Negative,Support & Refunds,0.2504504323005676,low,
map location is very bad,3,2026-04-16 18:38:21,Negative,Driver Behavior & Safety,0.2506585717201233,low,
more help full app,5,2026-05-28 22:40:52,Negative,App Bugs,0.2548043727874756,low,
it'll be convenient to the customers if the company hires permanent pickme drivers who can work 24/7. Coz it's not easy to find a pickme after 11 pm and before 5 am.,3,2025-07-31 16:50:58,Negative,Delivery Issues,0.25500068068504333,low,
This app is a huge scam now. it intentionally selects an absurd longer route and even if you add stops along the way it makes it even more absurd. a 1km journey turns into a 3.5km one and they charge for the 3.5km even if we take the 1km route,1,2026-06-13 13:33:35,Negative,Driver Behavior & Safety,0.2555317282676697,low,
don't get this app 😒 hopeless wasting money and time,1,2026-02-14 22:45:32,Negative,App Bugs,0.25618740916252136,low,
"The response by your partner outlet to accept and confirm the order is ready took over 30 mins. They have also cheated by including a handling fee after the order is confirmed, which is added to the bill later. No other outlet does so. Keells should make this charge known upfront without hiding it so that customers can decide if they wish to buy from Keells.",3,2025-10-19 14:30:00,Negative,Delivery Issues,0.2564336955547333,low,
i think better ower rewews 💥🍄🆔,5,2026-07-03 18:53:45,Negative,Driver Behavior & Safety,0.2582252025604248,low,
very disappointed about bidding option and bidders,1,2026-01-12 11:11:58,Negative,Support & Refunds,0.25916996598243713,low,
not interested uber is better than pickme,1,2025-08-06 23:41:34,Negative,Pricing & Bidding,0.2594321072101593,low,
"1. pickme is not locating rides as fast as UBER, I only use pickme but on my stay in Colombo I tried 3s and no end to searching, but UBER response was fast, all 3 rides for UBER. 2. how can a customer directly contact?",1,2026-05-05 08:32:15,Negative,Privacy & Security,0.25953221321105957,low,
While the travel they blocked the app now. I need an update. but I don't have enough space. I faced severe problem,1,2025-11-11 16:02:09,Negative,App Bugs,0.26109978556632996,low,
very low charges yes yes,5,2026-04-17 07:47:28,Negative,App Bugs,0.2618216276168823,low,
cheap and quick,5,2026-08-11 12:13:10,Negative,Driver Behavior & Safety,0.26193729043006897,low,
frequently need to updates,5,2026-08-08 17:29:52,Negative,Driver Behavior & Safety,0.26260149478912354,low,
megoda dham mawata,5,2025-09-09 06:48:07,Negative,Driver Behavior & Safety,0.26290765404701233,low,
dress code no good,1,2025-09-30 08:36:55,Negative,Pricing & Bidding,0.2650187611579895,low,
double booking by App mistake. I was charged Rs30 cancellation fee.,1,2026-05-09 17:34:45,Negative,Driver Behavior & Safety,0.26659074425697327,low,
courier option is not working anymore,1,2025-09-23 19:50:03,Negative,Support & Refunds,0.2668197453022003,low,
there are no enough locations,1,2026-07-19 10:25:16,Negative,Support & Refunds,0.266848623752594,low,
"I don't understand how this is calculated, because I have to pay one amount when I get home from work in the evening and another amount in the morning. Because the road is narrower in the evening? There's no way the journey will be longer in the morning.",1,2025-09-26 08:46:58,Negative,Privacy & Security,0.2668990194797516,low,
My OTP Nambar is not taking what is the reason......,1,2026-01-20 06:42:42,Negative,Privacy & Security,0.2674780488014221,low,
low prices for hires.,5,2025-11-19 15:59:02,Negative,Driver Behavior & Safety,0.26764389872550964,low,
I think you should include a text business option for PickMe foods. Sometimes I have the urge to ask them whether they're decorating my order with 24k gold since they've taken so long with order preparations.,3,2025-08-15 10:43:00,Negative,Delivery Issues,0.26788386702537537,low,
Good but searching drives is very slow.,4,2025-08-27 10:00:52,Negative,App Bugs,0.2679755687713623,low,
Not working on huawei devices,1,2025-12-29 13:31:47,Negative,App Bugs,0.2680867314338684,low,
"set naa dannam,customerta okkoma charges gewanna wela dan...",1,2026-03-31 14:28:12,Negative,Pricing & Bidding,0.26830920577049255,low,
GPS system is very bad,1,2025-12-20 22:50:22,Negative,Support & Refunds,0.269148588180542,low,
good but need a system update.,5,2026-05-26 02:36:41,Negative,Privacy & Security,0.27017855644226074,low,
one of the scam platforms,1,2026-03-01 16:16:55,Negative,Pricing & Bidding,0.27026453614234924,low,
Super experience But service depends on driver,5,2026-01-04 14:32:13,Negative,Driver Behavior & Safety,0.27074116468429565,low,
"godak hodai, ee wunata mage tab eke meka loading wenne nehe",5,2026-01-25 10:18:27,Negative,App Bugs,0.2708962857723236,low,
thanikarama Hora kanawa,1,2025-09-02 20:44:45,Negative,Privacy & Security,0.27198469638824463,low,
"Drivers are allowed to carry more passengers than the seating cpacity allowes"" which is illeagal. Furthermore, the company must also educate its customers not to exceed the seating capacity.",1,2026-07-12 11:41:28,Negative,Pricing & Bidding,0.272152304649353,low,
you can lest the price in jaffna,5,2026-01-26 16:03:49,Negative,Pricing & Bidding,0.27244293689727783,low,
app eka hirawenawa aluth update eka.,1,2025-11-21 09:44:40,Negative,Privacy & Security,0.27262115478515625,low,
I'm using for long time,5,2025-11-23 21:00:25,Negative,Privacy & Security,0.2734836935997009,low,
"Prices are all okay, but most of the vehicles are not in good condition, and fares sometimes change from start to stop.",4,2025-12-31 13:35:52,Negative,Pricing & Bidding,0.27453720569610596,low,
A long time bug. Can't schedule a ride for future time. ex: now it is 10pm. I want to schedule a ride for tomorrow 6am. i can pick tomorrow but not 6am. but it is possible to pick 11pm like time (after 10pm). This is a bug.,4,2026-06-29 22:18:01,Negative,Privacy & Security,0.2752542495727539,low,
"This app is best sends good drivers, but its taking too long to find a driver nearby when there are drivers",3,2025-08-10 09:04:01,Negative,Support & Refunds,0.2754417657852173,low,
bad customers care,1,2025-08-10 07:27:02,Negative,Support & Refunds,0.27576693892478943,low,
𝑒𝑎𝑠𝑦 𝑡𝑜 ℎ𝑖𝑟𝑒 𝑣𝑒ℎ𝑖𝑐𝑙𝑒 𝑤ℎ𝑒𝑛 𝑤𝑒 𝑎𝑟𝑒 𝑖𝑛 𝑎 𝑒𝑚𝑒𝑟𝑔𝑒𝑛𝑐𝑦 𝑠𝑖𝑡𝑢𝑎𝑡𝑖𝑜𝑛,5,2026-07-25 18:13:24,Negative,App Bugs,0.277791827917099,low,
worst app for food deliveries.,1,2026-03-10 22:41:14,Negative,App Bugs,0.27784988284111023,low,
please change the update to the old version new version is very difficult for drivers ....thanks,5,2025-08-31 12:55:44,Negative,Driver Behavior & Safety,0.2778877019882202,low,
"Dear PickMe Support Team, I am very disappointed with a problem I face regularly when using PickMe. After booking a ride, some drivers ask whether I will pay by card or cash. When I say that I will pay by card, the drivers cancel my booking. This has happened several times and causes a lot of inconvenience. I kindly request you to look into this matter and take necessary action to ensure that drivers accept all available payment methods on the app. Thank you for your attention to this issue.",1,2025-09-15 19:28:32,Negative,App Bugs,0.27810460329055786,low,
paid by card. but ask mony,1,2025-09-12 12:15:04,Negative,Privacy & Security,0.2783069908618927,low,
godak hodayi ❤️❤️,5,2025-10-09 16:41:58,Negative,Pricing & Bidding,0.27831602096557617,low,
want to android 7,1,2025-10-05 20:25:35,Negative,Privacy & Security,0.27866291999816895,low,
"worst application, they take too long time for a vehicle, this app is waste of time.",1,2025-11-27 09:43:15,Negative,App Bugs,0.2789749503135681,low,
awful. simply awful.,1,2025-12-18 22:15:45,Negative,Driver Behavior & Safety,0.28104373812675476,low,
Pickme is charging Rs.100 late night fee. Uber doesn't do that. Time to switch until Pickme removes this. We will pay our tips to the driver for late night deliveries. Not a cent for you guys because you're virtual machines that run your web app doesn't get sleep deprivation.,1,2025-09-19 23:11:43,Negative,Privacy & Security,0.28291189670562744,low,
very very bad app pick me,1,2025-12-12 14:08:27,Negative,App Bugs,0.2839053273200989,low,
not good compared to Uber only works in commercial areas,1,2025-10-15 20:32:14,Negative,Driver Behavior & Safety,0.2844274044036865,low,
Customer Rides Record and Made Scam by adding high cost when return,1,2026-02-04 22:22:33,Negative,Support & Refunds,0.28453221917152405,low,
𝗼𝗻 𝘁𝗶𝗺𝗲 𝗮𝗻𝗱 𝗽𝗼𝗹𝗶𝘁𝗲 𝘀𝗲𝗿𝘃𝗶𝗰𝗲,5,2026-03-11 10:03:06,Negative,Pricing & Bidding,0.2853533625602722,low,
i cant login after entering the otp ..i have tried multiple times,1,2026-07-12 13:02:08,Negative,Privacy & Security,0.28541553020477295,low,
Can't clear history of travels. We use this to follow husband too.,1,2025-11-24 18:19:23,Negative,Privacy & Security,0.2861708700656891,low,
this app very bad because only for one week they get 80 rupees for my very small distance trip. but after one week they asked 200 rupees. this is really not fair. very bad. please don't download this app guys,1,2026-02-07 16:06:45,Negative,Pricing & Bidding,0.2863968014717102,low,
"Please have an auto cancellation after 1 hour if a delivery partner has not picked the order so we can order from elsewhere. Some times the merchant does not answer. Also, there is still quite a bad delay in the map sometimes. Please fix this.",3,2026-04-14 21:46:27,Negative,App Bugs,0.28689679503440857,low,
mun hithena hithena welawata ganan wadi karanawane..kalin 340 yana aka ada 535 .henama boka app akak..hoda welqata dan hela go thiyenne,1,2026-02-15 12:47:56,Negative,App Bugs,0.28807851672172546,low,
after update also not fix the issues validation error,1,2025-10-25 12:29:44,Negative,Support & Refunds,0.28885504603385925,low,
Pickme taxi drivers are super...but pickme food drivers are very slowly,3,2026-02-06 13:22:51,Negative,Delivery Issues,0.29035598039627075,low,
"provide a way to cancel pick me food and market orders after they are accepted by seller , sometimes there's no riders available and the seller asks buyer to cancel and have to go through the whole process of cancelling via calling pick me customer support it's inefficient",2,2025-11-07 09:55:23,Negative,Support & Refunds,0.29122981429100037,low,
new update sucks,1,2025-12-11 09:11:53,Negative,Support & Refunds,0.29210546612739563,low,
this is very bad app,1,2025-10-24 20:30:56,Negative,App Bugs,0.2924466133117676,low,
Ponna app ekk update witri no hire pickups vehicles laga thibilath gana wadi wenkn innw,1,2025-11-17 16:52:32,Negative,Driver Behavior & Safety,0.2940434515476227,low,
"very bad experience and expensive, increase price after booking also, very bad 👎",1,2026-07-24 09:56:19,Negative,Driver Behavior & Safety,0.2942814230918884,low,
Not good. Not bad. But service is very ugly,1,2026-06-28 10:02:36,Negative,Support & Refunds,0.2949058413505554,low,
The bikers are not arriving when we want for an important ride otherwise the tuk-tuk drivers are working well,1,2025-08-27 19:55:12,Negative,Driver Behavior & Safety,0.29632118344306946,low,
magaginuma aktiya kara atha,5,2026-03-18 11:57:20,Negative,Driver Behavior & Safety,0.2965083420276642,low,
do not download this stupid app 😡,1,2025-11-07 08:44:38,Negative,Driver Behavior & Safety,0.2968630790710449,low,
"After a trip or delivery in the final bill why is the ""total trip fare"" is bolder than the ""paid amount"" which is after a discount? Isn't that the amount we are suppose pay and shouldn't it be in bold so that it's easier to see. Even though i get the discount, most of the time when i send any thing for delivery, the person who is carrying is charging the undiscounted amount? Is that an issue in your pickme drivers app? Please look into it.",3,2026-02-03 13:09:15,Negative,Privacy & Security,0.2969121038913727,low,
I always have problems with pick up location,5,2025-10-27 06:43:47,Negative,Driver Behavior & Safety,0.29838481545448303,low,
worst experience,1,2026-03-30 14:05:40,Negative,Support & Refunds,0.2998106777667999,low,
I never received this order.when I went to pickup I was told a pick me rider collected it.very disappointed.shall not use card payment method again with you.,1,2026-07-28 00:37:59,Negative,Delivery Issues,0.3005979359149933,low,
very bad app. don't deliver on time. very bad customer service.,1,2025-10-25 10:05:21,Negative,Delivery Issues,0.3006676435470581,low,
sathapahata vedak ne,1,2026-06-18 09:32:53,Negative,Driver Behavior & Safety,0.3017030656337738,low,
its not picking our phone numbers. its not a good app,1,2026-06-02 18:14:42,Negative,Support & Refunds,0.30229637026786804,low,
Please add double charge (or similar) option for non-residence foreigners.,5,2025-12-30 11:29:41,Negative,Pricing & Bidding,0.30230650305747986,low,
absolutely the worst service ever.uber better than this,1,2026-04-18 01:00:07,Negative,Driver Behavior & Safety,0.30299869179725647,low,
The limit of 1000 for ordering from the market by cash is too little and it doesn't accept my debit card for some weird reason. I cannot order anything above 1000 because of this. it's very inconvenient.,2,2026-02-16 19:20:41,Negative,Privacy & Security,0.30302196741104126,low,
Pick me is real failing to meet its customers' needs. You can't get a ride even if someone is dying. Really disappointing. I won't recommend pick me to anyone. I wouldn't give it any stars if it is possible.,1,2025-10-17 18:08:13,Negative,Driver Behavior & Safety,0.30379658937454224,low,
very fast delyvery /mnimam proce,5,2026-03-05 12:04:00,Negative,Driver Behavior & Safety,0.304424911737442,low,
worst app ever i used,1,2026-03-26 06:34:47,Negative,App Bugs,0.3053978681564331,low,
Meya minissunta baninawa. ktha kranna dan ne.,1,2025-10-10 13:19:05,Negative,Driver Behavior & Safety,0.30569982528686523,low,
Some times the riders are taking more from the clients,5,2026-06-13 17:24:36,Negative,Pricing & Bidding,0.3065677881240845,low,
the rob us. rates are too much..,1,2026-03-17 15:15:29,Negative,Pricing & Bidding,0.30724358558654785,low,
App eka hodai habai mehemai hadissiykt yanna plane ekakui ganwathurata yanna bottuwakui thibba nm maru salli thibbata karanna deyak na apita meke ehema una nm taru 5m denawa,4,2026-07-14 14:25:02,Negative,App Bugs,0.30778998136520386,low,
some drivers are very friendly and kind but some aren't,4,2025-09-18 16:35:13,Negative,Driver Behavior & Safety,0.30913442373275757,low,
WHERE IS THE DARK MODE IN THIS APP MY EYES ARE LOSE 30% OF ITS LIFE SPAN JUST BY USING THE APP,2,2025-12-20 21:15:40,Negative,App Bugs,0.30920660495758057,low,
no tuks. despite being a platinum user i cant get a tuk at all. useless waste of space on my phone,1,2025-09-27 19:06:57,Negative,Support & Refunds,0.30934691429138184,low,
worst app..it wasted drivers and passengers time and money,1,2026-04-07 10:06:41,Negative,App Bugs,0.3105276823043823,low,
"I can't download the Driver App 😢 ""This app is not available in your country"" but I have set all in Sri Lanka",1,2025-10-31 06:25:11,Negative,App Bugs,0.31080129742622375,low,
poor vehicle availability,2,2025-08-07 18:39:10,Negative,Driver Behavior & Safety,0.3108955919742584,low,
i have use this app regularly. however now the app doesn't even open. it is not supportive to my phone now.,3,2026-02-19 22:59:43,Negative,App Bugs,0.3125878870487213,low,
Paid Rs. 549 for the pickme pass subscription. This damn app is still charging delivery fees even after purchasing the pickme Pass. Pathetic. Pickme is loosing customer's trust.,1,2025-08-26 13:04:12,Negative,Support & Refunds,0.3128282129764557,low,
Update eka enne naaa,1,2025-09-28 14:14:57,Negative,Driver Behavior & Safety,0.31370824575424194,low,
I'm not satisfied about pick me service.One day I went colombo 07 to Ambalangoda using by pick me.estimated 100km & I paid 10700 for ride.last the ride in company call me and the cancel through app.It is official ride and I need to give bill through email.finally I loss my money because the email not come and again I never using Pick me and any official work I'm not recommended pick me ride.because they not provide email correctly.,1,2025-10-28 13:00:19,Negative,Support & Refunds,0.3139822483062744,low,
"Very hard to get any vehicle at times, even during non peak hours. Uber is way better and easier. Some nonsense new bidding system for drivers to keep asking for more money ruins this app even more. The self pick up (pickme food) section needs major fixes. Deleting this app. Absolutely no use to me anymore.",2,2025-10-13 12:06:52,Negative,Driver Behavior & Safety,0.31401559710502625,low,
useless update. Just a copy of the Uber driver app. There's no point in being so struck.,1,2025-11-25 19:54:54,Negative,Support & Refunds,0.314352810382843,low,
It take so long to get a driver. If you're in a hurry you can't get one.,1,2025-08-27 13:33:54,Negative,Delivery Issues,0.31490474939346313,low,
During last few rides actual fee was way higher than estimated fee. It was on top of me seeing driver (location) somewhere else and driving seeing me somewhere else. Idk whether these location errors led to the price hikes.,3,2026-01-24 13:17:40,Negative,Pricing & Bidding,0.31534573435783386,low,
EDIT - 22nd Of February 2026 Really Disappointed With PickMe Service. Still It Shows Different Charges To Same Location. Every Few Minutes It Shows Different Fare. SCAM 🛑 Old Review - Rates Are Changing With In Minutes For Same Location. 181.90 -> 191.90 -> 200.00 Is This SCAM?,1,2026-02-22 10:23:17,Negative,Pricing & Bidding,0.31552064418792725,low,
"rain time cannot find any PickMe drivers, they don't pick up PickMe rides and do private rides for overpriced fare",1,2025-12-05 17:32:56,Negative,Driver Behavior & Safety,0.31574952602386475,low,
no use of this new version app not supporting to my android phone any more im not using pick me now I have informed to the pick me Customer support service one of the agent spoke to me she has no any idea about this new version,1,2025-10-07 18:02:07,Negative,Privacy & Security,0.31615176796913147,low,
Doesn't work in Weligama. No driver accept. Sometimes they drivers accept the ride but do not come and the app charges you for cancelling,1,2026-02-02 16:27:32,Negative,Driver Behavior & Safety,0.31791746616363525,low,
Most of the time Vecles reached in schedule time but certain incidents expearienced negative Didnt reach at Scheduled time.,4,2026-04-15 06:34:57,Negative,Driver Behavior & Safety,0.3185190260410309,low,
very unstable 😕 😐 😑 it can't place my oder right,1,2026-07-12 21:48:38,Negative,Driver Behavior & Safety,0.3195936679840088,low,
Very poor Network & apps,1,2025-11-28 03:09:49,Negative,App Bugs,0.3196653723716736,low,
location not working,1,2026-07-03 08:08:46,Negative,App Bugs,0.319728285074234,low,
Can't even update it,1,2025-11-07 14:03:01,Negative,App Bugs,0.3204725384712219,low,
barely any drivers on the app,1,2025-09-06 20:00:53,Negative,Privacy & Security,0.3209518492221832,low,
the loyalty programme is totally fake,1,2025-09-26 13:57:02,Negative,Support & Refunds,0.3214365839958191,low,
I paid Rs 100 for the rider but again 100 deducted from my bank account why,1,2025-12-02 14:00:42,Negative,App Bugs,0.32164403796195984,low,
"Very sad, No drivers accepting the hires. Even more drivers are around there. Need more attention to this. also can't even change payment method after ordering.",1,2025-08-15 13:20:09,Negative,Driver Behavior & Safety,0.32183030247688293,low,
this stupid app allows drivers to do whatever they want. they don't accept when the rate is low. don't use this app,1,2025-10-31 07:23:57,Negative,Driver Behavior & Safety,0.3223862946033478,low,
pickme is good but pickme map is very bad don't use pickme map,1,2026-01-12 11:07:32,Negative,Support & Refunds,0.32374027371406555,low,
rickety vehicles accuracy of location,4,2025-08-21 14:13:45,Negative,Driver Behavior & Safety,0.32439494132995605,low,
Didn't work for me. Couldn't even open the damn app and it's constantly loading and nothing else. Completely useless.,1,2025-10-30 00:43:24,Negative,Support & Refunds,0.32472681999206543,low,
please add dark mode,4,2026-07-16 14:46:59,Negative,Privacy & Security,0.32634034752845764,low,
can't get my email adjusted,1,2026-01-08 18:45:26,Negative,Privacy & Security,0.3284907341003418,low,
"This app used to work perfectly, but now it is almost impossible to get a ride esp in Colombo. The app searches indefinitely without ever allocating a driver. I can no longer rely on this service.",1,2025-12-16 22:42:45,Negative,Privacy & Security,0.3293739855289459,low,
most times have to wait so long time to get vehicle. time waste. 😑,1,2025-08-19 08:54:16,Negative,Driver Behavior & Safety,0.329475075006485,low,
worst app dont download this app,1,2025-10-10 21:26:13,Negative,App Bugs,0.3302091956138611,low,
over commission,1,2026-03-26 07:28:47,Negative,Driver Behavior & Safety,0.3321128785610199,low,
very easy but some drivers don't like card payments,4,2026-04-03 17:48:57,Negative,Privacy & Security,0.33276718854904175,low,
so good❤❤❤❤❤❤❤❤❤❤❤❤❤❤❤❤❤❤❤❤❤❤❤❤❤❤❤❤❤❤❤❤❤❤❤❤❤❤❤❤❤❤,5,2026-04-12 19:08:13,Negative,Pricing & Bidding,0.3331202268600464,low,
This app is taking too much money from people...and ripping off drivers.,1,2026-03-26 04:13:10,Negative,Pricing & Bidding,0.3338640630245209,low,
"No riders to pickup the orders ,Too late , Fully Dissapointed",1,2026-07-05 23:29:03,Negative,Driver Behavior & Safety,0.33386531472206116,low,
me app eka Hoday eth Meka Jara app ekak karanne wada karana minissu hoyala balala e wage minissu Ayn kala nam hoday,1,2025-10-19 06:58:12,Negative,Privacy & Security,0.33404022455215454,low,
vehicals are not taking on time. have to seek too much time.,1,2025-08-04 11:52:58,Negative,Driver Behavior & Safety,0.3344839811325073,low,
"don't use this app .This app founders doesn't think about their customers.They only think about profit...I once requested a ride none accepted then when I tried again,It increased the fare by 200 rupees...(Was 400 and increased upto 600)What a mess this app is..",1,2026-02-13 15:14:59,Negative,Pricing & Bidding,0.33459100127220154,low,
"I have a oppo a5s and I gave like android 8 ,but the app doesn't work for me",1,2026-05-21 16:56:47,Negative,App Bugs,0.3346034586429596,low,
"i've used pickme for years, but the new version doesnt work work on my phone. Im wondering why there isnt backward-compatible version for older phones.",1,2026-01-09 10:53:35,Negative,Privacy & Security,0.33529970049858093,low,
simply waste this app I'm gonna uninstall it,1,2025-08-17 17:43:16,Negative,Driver Behavior & Safety,0.335918664932251,low,
Dissapointing. Takes more than usual time to pickup orders.,1,2026-07-23 21:06:55,Negative,Driver Behavior & Safety,0.3360981345176697,low,
update ekk diyan pissu kelinw,5,2026-04-25 09:51:42,Negative,Driver Behavior & Safety,0.3361254632472992,low,
"A very poor app. It's not like they are posting pick me to go from Dehiwala to Colombo, they are setting up rides.. They showed 5/6 three-wheelers on the map. No matter how much we paid, they are going...why can't they set up. A very poor app. Uber is better than pick me",5,2025-10-25 05:37:52,Negative,App Bugs,0.3376697599887848,low,
Recently i tried to book a ride and i accidentally clicked the book a ride button two times and i got two rides for same location. it shouldn't do multiple requests when a already request is send. this is a critical bug since drivers will put in inconvenience because apps fault.,3,2025-12-12 20:16:32,Negative,App Bugs,0.33770912885665894,low,
Most UNRELIABLE app ever. Half the time I am unable to get a tuk especially during an emergency and when it rains. Riders accept and cancel last minute. I have to cancel Classes because I have wasted my time and energy waiting for over an hour just to get a ride.. In the time that a driver takes to accept a ride if I had gone walking I would have reached my destination before they could accept.,1,2025-08-28 11:14:11,Negative,Support & Refunds,0.33779552578926086,low,
ko meke bike hayer genna ganne kohamada,5,2025-08-08 09:40:10,Negative,Driver Behavior & Safety,0.33846089243888855,low,
this app is not open in my phone why?what's the issue.my phone is vivo y93 please check this issue,1,2026-07-02 15:41:31,Negative,App Bugs,0.339452862739563,low,
re editing my 2 star review to make it 1 star. the pick me food additional charges are so obviously fake and just painful cash grabs. Uber is starting to be much more appealing,1,2026-05-06 15:58:08,Negative,Delivery Issues,0.3397878110408783,low,
welawakata app eaka mara slow,5,2026-03-12 20:22:56,Negative,App Bugs,0.3400430679321289,low,
logging problem,5,2025-12-12 07:54:45,Negative,App Bugs,0.3401186168193817,low,
he started the trip before picking me from Armer street.,1,2025-08-19 05:04:55,Negative,Driver Behavior & Safety,0.3408568203449249,low,
"this app is not good,😡😡🤮",1,2026-03-26 00:14:30,Negative,App Bugs,0.340962290763855,low,
I can't download it,1,2025-09-30 13:24:09,Negative,Privacy & Security,0.3412635624408722,low,
Too bad. It has been more than an hour. but no one is assigned to pick the parcel to deliver. The hotline is busy.,1,2026-05-28 13:34:50,Negative,Support & Refunds,0.34150901436805725,low,
very bad useless app😡🤬🤬,1,2025-10-20 22:09:56,Negative,App Bugs,0.34245699644088745,low,
"I forgot my wallet at home and tried to add my bank card to the app. I think I got it wrong twice because I entered the info from memory. my number got blocked by the app. when I call the hotline support, they ask to complain in the app, but I can't get in to the app because my number is blocked. There is no hotline to talk to a real person which is really horrible. Edit. I have been using the app for more than 7 years",1,2026-02-07 11:13:02,Negative,Privacy & Security,0.34248122572898865,low,
not good service providing,1,2026-03-12 19:39:20,Negative,Support & Refunds,0.3425721228122711,low,
"Never use the PickMe courier service, it’s extremely disappointing. The deliveries are actually handled by CityPack, and their service quality is very poor. You can check the reviews yourself. When I used this service, it took 5 to 7 days for my parcel to be delivered. I’m very disappointed with the PickMe app.",1,2026-02-26 10:36:38,Negative,Privacy & Security,0.34260448813438416,low,
patta padiuii wedak ne bug wediii Moda App ekke huttha,1,2025-12-20 20:10:11,Negative,App Bugs,0.3431055247783661,low,
anytime the rider cancel bad app,1,2026-05-26 07:11:32,Negative,App Bugs,0.3440488576889038,low,
Hello Sir! Can't add our number please fix this issue,2,2026-04-18 16:17:27,Negative,Privacy & Security,0.3446120023727417,low,
This app shows rhe driver a much longer path for my destination and too much for that route...,1,2025-12-01 19:34:31,Negative,Driver Behavior & Safety,0.34486836194992065,low,
they don't pay their drivers well.,1,2026-05-18 12:18:08,Negative,App Bugs,0.34557226300239563,low,
Good app for transport. But some times couldn't find drivers and delivery partners .But this app is cheap . An also app software is problem.Thank you Pick me,3,2026-01-09 15:49:47,Negative,App Bugs,0.34641367197036743,low,
"I am disappointed with how my account was handled. Sometimes rides get canceled because I accept requests from both Uber and PickMe, and I keep the one that arrives first. I understand that frequent cancellations are not ideal, but permanently blocking an account for this seems too harsh. Why is a permanent block used instead of a warning, temporary suspension, or another fair solution? I would appreciate it if you could review the account and consider a more reasonable resolution. Thank you.",2,2026-06-25 11:30:25,Negative,Support & Refunds,0.34659910202026367,low,
There's a mistake I'm a gentleman and why are you sending msgs as' Upali nona',5,2026-01-01 21:08:18,Negative,Privacy & Security,0.34697285294532776,low,
not ux friendly at all and full of bugs,1,2026-07-16 20:23:28,Negative,Support & Refunds,0.34794533252716064,low,
stupid freaking app to disconnect customer after few months.,1,2025-08-28 07:50:35,Negative,Support & Refunds,0.3481844663619995,low,
the actual fare at the end of the ride Is more than the starting fare. trash app ngl,1,2026-05-16 09:40:19,Negative,App Bugs,0.34837549924850464,low,
Rare seat is uncomfotable.,4,2026-06-06 15:36:27,Negative,Driver Behavior & Safety,0.34893798828125,low,
learn something from uber. i hate this app,1,2025-12-05 13:25:34,Negative,App Bugs,0.34904929995536804,low,
the worst app to travel. i faced a worst experience through this. i have waited more than 1hour. nobody accept my ride if i can banned something I'll definitely do to this,1,2025-12-12 19:56:45,Negative,Driver Behavior & Safety,0.34945666790008545,low,
problem. After I got in a trip.its connects with another drivers,1,2026-07-25 15:10:45,Negative,Driver Behavior & Safety,0.35003161430358887,low,
Need rating options for cancellations. Many drivers request (even beg) to cancel and go because they say PickMe has taken their money.,1,2025-12-04 17:39:41,Negative,Privacy & Security,0.3510887324810028,low,
no good relationship,1,2026-03-10 08:44:17,Negative,Driver Behavior & Safety,0.3512038290500641,low,
"Interest in using this app is decreasing. It would be much better to conduct a face-to-face interview before selecting drivers, or at least allow only people within a suitable age limit to join. Many drivers still do not know how to navigate properly, even when guides are provided. Dealing with such situations becomes a difficult struggle for users, and this negatively affects the overall experience and interest in the app.Please consider allowing only drivers who have at least basic knowledge.",1,2026-05-28 17:53:23,Negative,Driver Behavior & Safety,0.35122787952423096,low,
Riddled with multiple bugs and QC issues. The fact that drivers can call you after the hire or after cancellation is unacceptable. The Map is horrible and often doesn't show where the driver is.,2,2026-01-03 11:39:04,Negative,Support & Refunds,0.3524821400642395,low,
this app banned me for no reson,1,2026-06-01 14:03:36,Negative,Driver Behavior & Safety,0.3531208336353302,low,
Very bad my user were block permanently I even didn't do anything. I use this app more than 4+ years.,1,2026-02-25 19:32:55,Negative,Privacy & Security,0.35391727089881897,low,
"Worst experience with the PickMe app. I placed an order at 6:00 PM, expecting a timely delivery, but it wasn't delivered until 10:30 PM. That's a delay of more than 4 hours, which is completely unacceptable. I repeatedly explained to the PickMe driver that the order was urgent, but the delivery was still made very late. This is not fair to customers who rely on your service. Very disappointed with this experience. I hope PickMe improves its delivery service and customer support",1,2026-07-04 22:43:09,Negative,Driver Behavior & Safety,0.3541855812072754,low,
When will the temporary fuel surcharge be removed?,4,2026-07-22 18:08:05,Negative,Driver Behavior & Safety,0.35449954867362976,low,
not working error message sorry! we could not verify your number (First installed ),1,2026-06-16 14:51:00,Negative,Privacy & Security,0.35463711619377136,low,
in 2025 pickme prices are reasonable ..but now it's not..prices are high..n not affordable..😐,1,2026-01-03 08:35:29,Negative,Pricing & Bidding,0.3548267185688019,low,
verry verry bad app,1,2026-06-03 17:20:23,Negative,App Bugs,0.3551177680492401,low,
one of the wrost taxi hailing app in sri lanka . anyone don't use this app.,1,2026-03-30 14:14:17,Negative,Privacy & Security,0.35555052757263184,low,
"No support, riders are constantly begging for cash. Pick me doesnt work in the rain either. Trash. Everything made in Sri Lanka is either a scam or a rip off or simply doesn't work. Absolute garbage.",1,2025-11-17 20:08:53,Negative,Support & Refunds,0.3557252883911133,low,
useless app can't find a driver on time,1,2025-10-19 15:05:04,Negative,App Bugs,0.3559414744377136,low,
"The quality of this service has gone down. I ordered food and the driver arrives with the wrong order from a different shop. When I mentioned this wasn't the order, he told me to wait and that he will come back in 5 minutes. I can see he goes back to the shop and starts coming back towards my location again. By this time it's 2 hours since I ordered. Halfway through the return trip he marks the order as complete and the payment goes through. 2 weeks after complaining still waiting for a response",1,2025-12-24 14:00:53,Negative,Driver Behavior & Safety,0.35757026076316833,low,
❤️❤️❤️❤️❤️❤️❤️❤️,5,2026-05-20 09:18:45,Negative,Privacy & Security,0.3577687740325928,low,
"Back in September 2025, I purchased 120k worth of tickets via the Pick Me app for an event. The event eventually got cancelled. It's March 2026 and I'm still waiting on the refund.",1,2026-03-28 09:52:59,Negative,Support & Refunds,0.3583652675151825,low,
goooooooooooooood,5,2026-08-06 02:34:25,Negative,Privacy & Security,0.3590870797634125,low,
Good luck trying to cancel. The app itself works fine to order rides. But I discovered that it was charging some monthly fees with auto renewal. There was no option to cancel it even if it is supposed to be possible online. I had to write to support who never answered me but it seems that they cancelled my subscription. Same thing happened when I tried to delete my account. I did the online steps and ended with an error message. I don't recommend that app.,2,2026-01-03 08:26:05,Negative,Support & Refunds,0.3598015308380127,low,
"My trip fare was Rs.767.00 , but the driver charged Rs.1000.00 in cash. Please check this trip and assist with the overcharge. ( AAV0195 tuk -Dinesh )",1,2026-05-18 10:47:40,Negative,Driver Behavior & Safety,0.36056962609291077,low,
pl'come & colet your helment.,5,2026-03-04 12:53:50,Negative,Privacy & Security,0.3611373007297516,low,
"Horrible Experience. I have been using since it launch in late 2015. I find PickMe is going bad to worse day by day. I use PickMe Flash for business purposes and personal services. Each and every time I book PickMe Flash it automatically books / sends multiple vehicles (similar Vehicle if I book bike, then multiple bikes, if I request for Tuk Tuk, then multiple tuk tuks) and sends to requested location. This has been happening for last six months. Customer care service? Horrible service.",2,2026-05-27 13:59:11,Negative,Support & Refunds,0.36127209663391113,low,
this is ok but this app needs extra data more than our monthly data package 😐,3,2025-08-02 22:27:23,Negative,Privacy & Security,0.3615705072879791,low,
"Almost good. But i cant activate pick me pass, there is an error...",2,2025-10-05 14:59:32,Negative,Privacy & Security,0.36186373233795166,low,
"hi, please could you tell me why the app say's (user blocked permanent) can you unblock me from the app.",1,2025-09-06 16:53:08,Negative,Privacy & Security,0.3621059060096741,low,
Can't Install this App. It always try to get into driver app. So inconvinient and irritating. This happens from time to time.,5,2026-05-09 06:36:28,Negative,App Bugs,0.36440509557724,low,
location is scrambled. it shows that don't exist,1,2026-06-17 08:02:47,Negative,Privacy & Security,0.36455094814300537,low,
please wait loading...... long days reset and uninstall and reinstalled no working,1,2025-11-01 17:33:33,Negative,Support & Refunds,0.3649452328681946,low,
verry bad company,1,2026-03-30 13:44:44,Negative,Driver Behavior & Safety,0.365374892950058,low,
"We ordered food at 8:00pm, ready by 8:30pm, but these bloody idiots kept my family hungry for almost 2 hours with no help line and no response from these filthy dogs. In the end we had to go to the restaurant ourselves. PickMe is the worst Sri Lankan made app, simply good for nothing.",1,2025-08-31 23:44:47,Negative,Delivery Issues,0.36580485105514526,low,
I'm really unhappy pick me service. some rides take to much charge. before show amount.,1,2025-12-14 18:04:11,Negative,Driver Behavior & Safety,0.3660927712917328,low,
"Today I had a very disappointing experience with your service. I have been using this app for the past 8 years, and I have never faced an incident like this before.Today, I booked a ride from Nugegoda to Bodhirukkarama Road. The usual distance is around 2.5 km. When I arranged the PickMe ride, the displayed fare was 265 LKR. Based on that amount, I confirmed the booking. However, at the end of the trip, I was charged 465 LKR. Normally, for this route, even a road taxi charges only around 230 LKR",1,2026-03-02 22:12:45,Negative,Pricing & Bidding,0.36722537875175476,low,
i will never recommend this app for ever i place order at 4.30 am till 5.20 am now no delivery agent to pick my food order waste of time and money,1,2025-08-26 05:20:07,Negative,Delivery Issues,0.3676331639289856,low,
Not reliable. I ordered one food parcel but pick me deducted for 2 parcel and deluvered 2 parcels through different orders.App has not even notified the progress of second order.,1,2025-09-12 15:21:25,Negative,Delivery Issues,0.36852800846099854,low,
why i cant download pickme in huwawei phone we need it,1,2025-09-15 11:28:28,Negative,App Bugs,0.368859201669693,low,
over charge now 2026/05/19,1,2026-05-19 19:39:59,Negative,Driver Behavior & Safety,0.3696294128894806,low,
when trip ends the charges are very higher than it showed when booking,1,2026-02-27 16:04:21,Negative,Pricing & Bidding,0.3700755834579468,low,
"Do not use this app, useless app, there is no customer support, When driver cancel trip we have to pay additional amount. Please use UBER instead.",1,2026-02-02 18:59:21,Negative,Driver Behavior & Safety,0.37011203169822693,low,
trip close time and payment slow,5,2026-05-25 22:58:29,Negative,Driver Behavior & Safety,0.3706652522087097,low,
I've been using the pickme app for many years now and since the app has been updated the pickme search bar is horrible both on food and market. I have tried your help and support but it hasn't been useful. because of your search bar doesn't support much i have really taken a disliking towards the app & now frequently I am using the uber app which is very convenient to search for whatever item I require & provides many options and dealers. very disappointed with pick me search bar.,2,2025-11-08 02:16:06,Negative,Support & Refunds,0.37178975343704224,low,
very bad app for riders,1,2025-09-20 13:30:07,Negative,App Bugs,0.3724496364593506,low,
"when booking shows one amount, when price finish amount increased with surcharges ,",1,2026-05-02 14:12:07,Negative,Pricing & Bidding,0.3737933337688446,low,
there drivers are didn't pay correctly.when the charge is 192 rupees and when we gave 200 The rest of the money will not be given by them.,1,2025-09-29 18:43:47,Negative,Driver Behavior & Safety,0.3740149438381195,low,
"worst traveling experience. You need to pay additionally like 150 rupees than other apps like uber or other apps. But still u travel the same location. Eventhough how much early you get ready, How much you pay more,This app doesn't care your time Riders cancel trips mostly when it's card payment . I would give 0 stars for this review if it is possible. I'm switching to uber asap. Don't use this app if you are looking for a budget friendly ride",1,2025-11-11 08:09:16,Negative,Driver Behavior & Safety,0.3745003342628479,low,
Uber better to is good app pick me very very bad guys 😠😠😠😠😠😠,1,2025-09-22 02:16:47,Negative,Driver Behavior & Safety,0.37479084730148315,low,
"again Horrible Experiences as I always find myself late to certain places, because app has issues finding drivers and prices for rides are crazy",1,2026-01-23 09:01:20,Negative,App Bugs,0.37494099140167236,low,
I was prompted to update the PickMe app in my phone and I tried to download the updated app and still I'm without the app obtain your service,1,2025-10-04 13:15:00,Negative,Support & Refunds,0.37591302394866943,low,
it gets long time to update the location,1,2026-03-05 18:01:30,Negative,App Bugs,0.3760530948638916,low,
Ordered Food and stayed 1 hour but no riders there. so i picked the food that the Merchant prepared by my self and merchant got a complaint. Worst app and Worst Service ever. don't order food via Pickme,1,2025-12-26 22:53:18,Negative,Support & Refunds,0.37649381160736084,low,
"Used PickMe for a short ride from Shangri-La Colombo to Gini. Estimated fare was ~LKR 578 (21 mins, no traffic). We arrived and were already seated for dinner by 7:30 PM, yet the app charged LKR 2,497 and shows a trip duration of 1 hour 37 minutes — which is impossible. Support claimed I “requested a longer route,” but that does not explain a fabricated duration after drop-off. This is an obvious billing error and extremely concerning. Use with caution or avoid totally! scammers",1,2026-03-19 10:32:03,Negative,Privacy & Security,0.37770745158195496,low,
The app was very good and usefull at the beginning but nowadays it's always showing the location wrong whenever we put a pick me the cab goes somewhere else.Even the location of the destination changes.,1,2026-04-21 07:32:32,Negative,App Bugs,0.37817996740341187,low,
pick me flash receiver location is incorrect and not updating. very poor location tracking,1,2026-07-31 17:34:25,Negative,Privacy & Security,0.37854498624801636,low,
Complaining about pick me. No customer relation experiene. Old vehicle.,1,2025-08-24 09:01:04,Negative,Driver Behavior & Safety,0.37856289744377136,low,
Not working for gbox app,1,2025-10-16 02:32:19,Negative,App Bugs,0.378605455160141,low,
this app is veri help fool to me worak,5,2025-11-14 21:28:09,Negative,Privacy & Security,0.37865251302719116,low,
I'm giving it 5 stars and also I would suggest you to add up a timing system like a 20 min thing in which if the restaurant or the driver after picking it up failed to make it up on time the customer gets an off of some amount just like the (Hunger station) in Saudi Arabia I know it's a lot to ask but giving an option like that would make many people to buy and also the restaurant and the driver will have a priority to deliver the food within time.,5,2026-06-22 01:05:08,Negative,Delivery Issues,0.3820249140262604,low,
Charged than the amount displayed at the beginning due to traffic jam at the railway crossing. This is unfair.,3,2025-08-23 04:02:59,Negative,Driver Behavior & Safety,0.38332685828208923,low,
"buggy App. Still looking for a driver hours after I canceled. tried it 10 times but just won't cancel. No possibility to report canceled rides. many come, then cancel and say you just pay me cash without the app.",2,2026-01-08 08:49:19,Negative,Support & Refunds,0.38380977511405945,low,
Your app is not up to date. location is not shown properly to the drivers & riders,3,2026-05-07 21:24:22,Negative,App Bugs,0.38546574115753174,low,
I'm booked for emergency purposes but pikme app 1st 2 attamt not not booked but the 3rd attempt that app show very high prices just 40rs different bike to tulk at tha seam destination bad very bad bicus sometimes price are unstable very high prices show in display I'm,1,2026-01-05 07:57:19,Negative,Pricing & Bidding,0.38619133830070496,low,
"Compared to Uber, the route selections after we chose where we wanna go, always got long routes which includes higher traffic and price. it was so embarrassed me causing so much time consumed to the get on time in the location. you better prepare this inefficient ways in the app.",1,2026-06-26 17:28:34,Negative,Driver Behavior & Safety,0.3881849944591522,low,
"pickme you are poor. My Android version is 11go edition. your app is not supported to me. my account , reward point and membership is i cant use . please give update to us.",1,2025-12-19 16:25:49,Negative,Privacy & Security,0.38912704586982727,low,
A robbery organization,1,2026-03-26 06:50:24,Negative,Pricing & Bidding,0.3906835615634918,low,
they charge hidden charges for serching. and very hard to complane agents service .,1,2025-09-13 19:05:42,Negative,Support & Refunds,0.391857773065567,low,
"Even though it's a rainy day today, riders are canceling bookings. I don't want to give a good review for such bad service. Disapointed. I will be uninstall this app",1,2025-10-21 18:05:05,Negative,Support & Refunds,0.3938043713569641,low,
The new surcharge is totally unfair,1,2026-07-07 07:31:16,Negative,Pricing & Bidding,0.3948918879032135,low,
sorry not a good service this time 😭,1,2025-11-24 11:53:43,Negative,Driver Behavior & Safety,0.3955042362213135,low,
some time my option is pick me,3,2026-04-06 09:23:42,Negative,Driver Behavior & Safety,0.39577534794807434,low,
"Now, most of the drivers reject to accept card payments, saying they don't get money on time. Therefore, need to use cash which is annoying.",2,2025-08-02 22:29:11,Negative,Driver Behavior & Safety,0.3958359360694885,low,
right after the update which yall gave the bitting option they won't pick n waits till the bitting is open. so please remove this option,3,2025-12-07 10:50:11,Negative,Driver Behavior & Safety,0.39675548672676086,low,
This is an app from a shady company that steals people's money. No one should download this.,1,2026-03-27 08:48:46,Negative,Privacy & Security,0.3967737853527069,low,
"The previous Pick Me app was good. But, after giving a new update for the Pick Me app, it makes so many problems. Rude app. please update your systems properly as Uber.",1,2025-12-17 14:03:09,Negative,Driver Behavior & Safety,0.3974657356739044,low,
"Rating: 0 if I could ""PickMe has stopped being a delivery app and has become a digital pickpocket. How do you justify charging LKR 265 in fees for a LKR 380 order? That is a 70% markup for a 2-minute drive. Small order fee, convenience fee, fuel fee, bag fee—what’s next? A 'wear and tear on the rider's tires' fee? You’re triple-dipping on every order. I’m not paying for a meal; I’m paying for your board members' bonuses. Uninstalling and going to Uber Eats. Absolute joke.""",1,2026-05-01 09:05:51,Negative,Pricing & Bidding,0.39891451597213745,low,
I downloaded this app but somehow this doesn't work well via still loading for a an hour. guys lemme know is this app had any issue..,1,2026-07-28 20:36:36,Negative,App Bugs,0.3989361524581909,low,
treble programming ui ux sucks orders are never on time and the app is poorly programmed,1,2025-11-04 15:43:46,Negative,Delivery Issues,0.39905256032943726,low,
"For activation, they send codes to Whatsapp which I refuse to use.",1,2026-05-01 17:13:24,Negative,Privacy & Security,0.3991963267326355,low,
"This all is a scam, don't use it !",1,2026-03-22 13:46:59,Negative,Support & Refunds,0.3995122015476227,low,
"Drivers pick rides when they on another, we have to wait until they finish that trip and come to pick up. Please update the app such that the drivers wouldn't be able to pick rides while they on a trip",5,2026-08-09 15:52:47,Negative,Privacy & Security,0.39956972002983093,low,
cannot even able to book a cab for a friend. gets crashed all the time.,1,2025-08-08 03:35:50,Negative,Driver Behavior & Safety,0.3998335003852844,low,
Ammata uhkpan tmdia,1,2025-11-03 21:53:37,Negative,Driver Behavior & Safety,0.4001123607158661,low,
good biver but bad map,5,2026-01-30 11:30:09,Negative,App Bugs,0.4001217484474182,low,
the best riding app but too much ads that's frustrating 😕,5,2026-08-02 13:43:23,Negative,Pricing & Bidding,0.40058162808418274,low,
"Really good experience, it is faster to get vehicles compared to other apps but the only thing that I would like to add is the Dead Reconning System for a smoother tracking",4,2026-08-06 10:46:09,Negative,Privacy & Security,0.40063247084617615,low,
ammage redde app ekak meka ubala thanikara minissu amaruwe dana wada karanne,1,2026-02-12 15:33:50,Negative,Driver Behavior & Safety,0.4009642004966736,low,
"everything using this app but, after the update its asking for a mobile number and app not working.",2,2025-11-09 07:56:47,Negative,App Bugs,0.4010064899921417,low,
worst service ever had,1,2025-09-05 15:24:00,Negative,Support & Refunds,0.4015771746635437,low,
some times drivers ask for double payment,4,2025-12-22 21:08:35,Negative,Driver Behavior & Safety,0.4019433259963989,low,
Very bad app... always taff change,1,2026-04-22 23:17:57,Negative,App Bugs,0.40336090326309204,low,
very slow in app now before good,2,2025-10-01 16:23:34,Negative,Driver Behavior & Safety,0.4033728539943695,low,
"Very disappointed with this app. My food was marked as “Ready” for an hour, but no driver was assigned during that time. The food was just sitting at the restaurant, I had to call support myself. This is unacceptable service, especially when customers are paying delivery fees.",1,2026-01-08 20:56:02,Negative,Delivery Issues,0.40399521589279175,low,
Ordered a cake from sponge kollupitiya. waited more than 1 hour. no drivers to pick the cake. no option for me or for the shop to cancel the order. I went out and bought a cake. celebrated. Still no one is picking the order and I cant cancel the order. I dont need a cake now. this is like a punishment for using pick me app,1,2026-03-13 13:07:27,Negative,Delivery Issues,0.40404143929481506,low,
worst app I have ever used the the estimated time is just a scam it increased 1 and half hour,1,2026-06-04 19:55:58,Negative,Support & Refunds,0.404390811920166,low,
Ela bn patta wasi yak karana appa ekak 🥲😍,5,2025-12-02 14:21:45,Negative,Driver Behavior & Safety,0.4048745036125183,low,
ANYONE CAN SIGN UP WITH THIS APP. THEY DO NOT TRAIN THEIR DRIVERS. HALF THE TIME THEY DON'T KNOW WHAT THEY'RE DOING OR WHERE THEY'RE GOING. THE DRIVERS ASK ME WHERE TO GO AND IF MY LOCATION IS CORRECT. DON'T ASK ME TO DO YOUR JOB. PICK ME SHOULD BE PAYING ME.,1,2025-09-18 12:42:45,Negative,Driver Behavior & Safety,0.4057449400424957,low,
better to get a Uber at this point,1,2025-08-27 15:29:52,Negative,Driver Behavior & Safety,0.4062774181365967,low,
"very disappointed app. once I am above to achieve platinum loyalty customer from gold they did such a rubbish and unexpected procedure that they suddenly dropped into silver customer. when I complained, they said that i registered recently. Literally, i have been used this app for more than 1 year.these guys are cheating",1,2026-06-29 13:39:34,Negative,Support & Refunds,0.40772873163223267,low,
"pathetic. no customer service, no service levels or standards, it's the wild west.",1,2025-08-07 10:57:44,Negative,Support & Refunds,0.40795570611953735,low,
bad app not safe,1,2026-03-30 16:49:02,Negative,App Bugs,0.40845417976379395,low,
bad application 🤬🤬,1,2025-09-02 13:36:38,Negative,App Bugs,0.40857023000717163,low,
useless application..just only small rain no vehicle to find 🤦,1,2025-10-19 19:29:04,Negative,Support & Refunds,0.4094739854335785,low,
This is not for drivers and passengers.This is only running for company profit.,1,2025-08-30 14:48:29,Negative,Driver Behavior & Safety,0.41123032569885254,low,
Too many promotional notifications,2,2026-07-24 15:09:38,Negative,Pricing & Bidding,0.41136592626571655,low,
not user friendly,1,2026-07-07 12:29:51,Negative,Driver Behavior & Safety,0.4125160872936249,low,
"The tuks are constantly roaming around, and they are not accepting the hire when we try to book. Totally disappointed.",1,2026-01-19 07:59:53,Negative,Driver Behavior & Safety,0.41290706396102905,low,
milk pkt damaged. this is the third time. nobody is taking notice when I complain. ⁶,1,2025-08-01 14:44:03,Negative,Driver Behavior & Safety,0.41347551345825195,low,
Night time very d difficult to book an hire. purposely done by company in order to again more money through Bid,1,2025-11-25 23:42:54,Negative,Pricing & Bidding,0.4138438105583191,low,
this app doesn't work on my phone and honestly i don't know what's the issue. I've updated software patch and I'm using Android 15 version with Redmi A5 mobile. couple months ago i've been using pick me app with no problem or anything but lately nowadays when I trying to log on my account app saying please wait interface only. please fix this issue dear company. thanks.,2,2026-07-24 16:51:22,Negative,Privacy & Security,0.4157482087612152,low,
"They are charging for cancelling trips before it start, even with valid reason.",1,2026-05-01 01:42:09,Negative,Driver Behavior & Safety,0.4159727990627289,low,
my phone not sport your update,1,2025-10-20 14:00:18,Negative,Privacy & Security,0.41608935594558716,low,
"Hotline says my account is active, but I cannot login, says User Banned Permanently. I've sent 3 emails, but got no response. Don't ask me to contact the hotline as I'm not getting a helpful answer. Directly give me a contact if you want to help me. How can I support Sri Lankan companies when I'm getting this level of support?",1,2026-04-09 20:26:35,Negative,Support & Refunds,0.416381299495697,low,
Very bad delivery service and the communication was poor never ordering again. please have a cancellation option.,1,2026-05-22 15:30:44,Negative,Delivery Issues,0.4171513020992279,low,
app didnt even open goddamn,1,2026-06-06 08:11:47,Negative,Driver Behavior & Safety,0.41834041476249695,low,
You have to wait for hours to order food. The prices are very high now. You have to wait for about two hours to get the food. It's a useless app.,1,2026-02-13 14:43:30,Negative,Delivery Issues,0.4191919267177582,low,
this app is a not trust that is laying 50% discunt frist ride. not it offer working,1,2026-08-11 17:12:48,Negative,Driver Behavior & Safety,0.41947394609451294,low,
Star points doesn't get updated. Driver call & they cancel the ride. During heavy rain App doesn't work. Worst App ever. Before starting the ride shows one amount when you get down shows double the amount.,1,2026-01-02 09:32:35,Negative,App Bugs,0.41954126954078674,low,
This app is very usefull❤️,5,2026-03-29 14:19:25,Negative,Privacy & Security,0.4196421802043915,low,
"horrible, no vehicles",1,2026-02-03 14:48:12,Negative,Driver Behavior & Safety,0.4197080433368683,low,
I am a flash rider. my app is temporary block I have been to your office 10 days since then they have not reactivated please reactivate ASAP,5,2026-01-03 10:43:00,Negative,Driver Behavior & Safety,0.4203219711780548,low,
we downloaded the app but the WhatsApp code never comes even if we tried different numbers several times!,3,2026-02-13 08:02:20,Negative,Support & Refunds,0.42170441150665283,low,
don't use it.it is not safety and high price some times.,1,2026-03-27 06:48:07,Negative,Driver Behavior & Safety,0.4229147434234619,low,
PickMe asked me to cancel the order even after it was ready for pickup from Hurry Up Homagama. Happened more than once. PickMe app seems to be glitching.,1,2026-04-17 11:23:36,Negative,App Bugs,0.42365458607673645,low,
"Previously the service was good, the recent change to bids for rides is not good and I would not recommend at all. I booked a cab in advance by 1.5 hrs to be told 40 mins before there were no cabs close by so I needed to pay Rs 600 more. Why when I booked it 90 mins early.....then after canceling 30 seconds later another call asking how many passengers and how much luggage......not impressed",2,2025-09-03 21:58:27,Negative,Support & Refunds,0.42480233311653137,low,
"If a driver is on a order or ride, don't recommend another ride or delivery, because it delays our time",2,2026-07-01 07:41:26,Negative,Driver Behavior & Safety,0.4257594645023346,low,
"how many fees are you going to get ? handling fee,surge fee,handling fee, small package fee, late night fee taxes for famous outlets ... seriously? So is this your objective when starting this business? I remember that you are going to do srilankanized one lol 😆",1,2026-06-25 18:57:43,Negative,Pricing & Bidding,0.4263646900653839,low,
gives automated discounts. when appealed after the trip. they ask for screenshots. bad service.,1,2026-05-31 16:26:25,Negative,Support & Refunds,0.42839425802230835,low,
really disgusting app. unacceptable reliability. The company has told a driver that a Wagon R can take only 3 people which is absurd. Wonder what their reason behind it. Such a stupid company.,1,2026-04-14 22:48:22,Negative,Driver Behavior & Safety,0.43004781007766724,low,
Placed two food orders and they couldn't find a rider for the delivery. had to self pickup. worst app,1,2026-04-17 10:03:28,Negative,Delivery Issues,0.43028485774993896,low,
map is not working 😐,1,2025-12-19 18:51:55,Negative,App Bugs,0.4308519661426544,low,
4n eke udin ena notification masg app eka athule thiyana notification wala pennanne na.,1,2026-06-06 13:16:03,Negative,Privacy & Security,0.43149489164352417,low,
"driver didn't declare ride as complete, so I was charged for 1.5hrs of driving! then I couldn't even complain via the app because it stopped loading, and gave error messages, still 24hours later. I stopped using it now. How can it be possible to show the trip price, then the driver doesn't 'end ' the trip, so I pay 5x too much???",1,2025-12-09 04:46:12,Negative,App Bugs,0.4319583475589752,low,
"very bad customer service, They don't have the responsibility and accountability for what they are doing. They don't have any solutions for customer grievences.",1,2026-07-28 23:59:01,Negative,Support & Refunds,0.43337640166282654,low,
"after taking 4 hours, they cancelled my food order reason- drivers are available to pick up that order 🤣",1,2026-08-09 23:16:05,Negative,Support & Refunds,0.43427619338035583,low,
app icon is not appearing on my desktop,5,2025-08-19 16:29:20,Negative,App Bugs,0.4347805976867676,low,
"Sadly, this app has been getting worse day by day, both in performance and service quality, just waiting for a good alternative to switch.",1,2026-07-04 13:05:01,Negative,App Bugs,0.43603843450546265,low,
Hire ekak dammama ganna bari kaalakanniwa thiyagenne harakda picme eke inne ?,1,2025-08-01 08:39:51,Negative,Driver Behavior & Safety,0.4383341073989868,low,
very bad service 🤮🤮🤮🤮🤢🤢,1,2025-08-30 14:37:55,Negative,Support & Refunds,0.43862175941467285,low,
Very poor app and service. The app rarely works and constantly struggles to load. I eventally pre booked cars 24 hours in advance but was phoned from Pickme to say that only a small car was available and was a long way away so they would charge me extra to get the car to me. Also the car would not be on time. Waste of time.,1,2025-10-20 20:10:50,Negative,App Bugs,0.43870770931243896,low,
I was using this app for many years had good experiences but today I was waiting more than 1 hour for a vehicle I could see so many drivers around the location but none pick my hire so instantly uninstalled and download another app got a vehicle within 5min,1,2025-09-16 08:13:12,Negative,Driver Behavior & Safety,0.43877673149108887,low,
"When I book a ride, sometimes I get two vehicles, I can only see one ride, both of them are connected, I always get confused and have to ask one of the drivers to cancel.",1,2025-11-29 09:04:25,Negative,Driver Behavior & Safety,0.4388803541660309,low,
trip was abondend at Midway poor service,1,2026-07-05 06:34:01,Negative,Support & Refunds,0.43977591395378113,low,
i was waiting nearly a hour for a any vehicle i still couldnt get in touch with a vehicle worst,1,2025-09-08 08:36:20,Negative,Driver Behavior & Safety,0.4401002824306488,low,
Areally good taxi app but rarely have som little bugs and lags how ever a good app,5,2025-12-09 02:10:44,Negative,App Bugs,0.44059401750564575,low,
not efficient facility,1,2026-06-27 18:50:46,Negative,Support & Refunds,0.44157594442367554,low,
I ordered some food items in pick me app . and shop said Oder is ready but driver is not connected. I ordered in 12.40 pm now time 16.08 pm still not delivered yet. succha waste app . still I'm in Hungary 😡🤬 and also I called do hot line they're not responding. cutting my call,1,2026-04-01 16:16:26,Negative,Delivery Issues,0.4416291415691376,low,
irritating location issues plz make it correct I just waste my time 1hr,1,2026-06-23 16:38:42,Negative,Support & Refunds,0.44229090213775635,low,
orders getting soooooo delay,2,2026-05-21 18:55:06,Negative,Driver Behavior & Safety,0.4425475001335144,low,
Ponna driverla inna ponna app ekak.,1,2025-12-14 06:45:22,Negative,Driver Behavior & Safety,0.4427444040775299,low,
won't let me delete my account after leaving the country. at the very last step it just doesn't work. help/support doesn't exist for the app. also had issue with driver fraud and there was no way to contact the company. they list a number but no one answers. theres no email to contact. it's kind of your only viable option in most of the country outside of Colombo. But expect the drivers to call you and demand cash payment. pick me offers none of the limited security features Uber offers.,1,2026-01-08 01:05:42,Negative,Privacy & Security,0.4435674250125885,low,
Cant download the app to Huawei 7c ... due to google restrictions ages ago..bt still the app is nt downloading.......,1,2025-11-05 12:51:39,Negative,App Bugs,0.4452868700027466,low,
Alarming lack of support option for the customer and safety,2,2025-11-12 18:22:19,Negative,Support & Refunds,0.4460100531578064,low,
"This is one of the most annoying apps for booking rides. The ride get cancelld many times, or the price go higer than regular taxi ride and the booking takes so much time. Rides are very costly and the location get messed up often too. Neither fast service , nor accurate locating or nor rides on convenience price.",1,2026-06-13 12:40:26,Negative,App Bugs,0.44815218448638916,low,
very poor service 😡,1,2026-04-16 14:10:33,Negative,Support & Refunds,0.4481995701789856,low,
upgrade but 0 performance sometimes stuckingggg,1,2026-01-10 18:18:08,Negative,App Bugs,0.4493408501148224,low,
fake app driver fraud order not rcvd and completed by driver after 2 days I'm editing this review that still not received my refund pickme agent said you will get your refund within 24 hours,1,2025-10-17 17:35:53,Negative,Driver Behavior & Safety,0.4505959749221802,medium,
"I have been very dissatisfied with the pickMe app lately. When ordering pickMe food, the app showed that the order had been accepted, but the restaurant got the order 15 minutes late. After the driver picks up the order, the map doesn't show clearly where he is and the order is 45 minutes late.",3,2026-03-02 08:59:32,Negative,Delivery Issues,0.4509190618991852,medium,
at this moment the app is not working properly,1,2026-07-12 09:40:07,Negative,App Bugs,0.45122164487838745,medium,
no option to disable marketing notifications,1,2026-05-12 10:31:58,Negative,Privacy & Security,0.45200642943382263,medium,
"Your Map is not lively updating while on a trip. Sometimes it shows the ride is standby while we are on the move, sometimes until we end the trip the map does not update in real time. Fix this issue soon as it has been going on for a while.",1,2025-11-21 08:40:26,Negative,App Bugs,0.4528738856315613,medium,
"oops ,poor service",1,2025-10-22 08:52:03,Negative,Support & Refunds,0.45789605379104614,medium,
now we rather use meter taxi. poor service,1,2026-05-26 17:07:26,Negative,Driver Behavior & Safety,0.45991945266723633,medium,
refuse to load up to 700kg,1,2025-08-11 11:13:54,Negative,Driver Behavior & Safety,0.4599340260028839,medium,
not even getting a ride faster there was don't even they accept our ride if it gives low very bad,1,2026-01-10 08:24:38,Negative,Driver Behavior & Safety,0.46094033122062683,medium,
trash app.when I went some where it showed 4.7km and 10m but the drivers know a trick that when they go slower even though there is no traffic so the app shows 20m and it charges more + I get late. I would highly appreciate it if you could fix this. (some drivers also trick us by changing the gear so we think we are going normal speed even though we are going like 10kmph),1,2026-06-11 14:26:39,Negative,Driver Behavior & Safety,0.46113595366477966,medium,
"application is full of bugs that drivers use to exploit riders, to name one; app allows drivers to start and end rides wherever they please regardless of if it is the correct location which drivers exploit by traveling long random distances which automatically gets billed to the riders card with no power from the rider reply if the trip was completed or not, this is just one issue out of a few, absolutely disgusting app, Uber and helago are miles better with mechanisms to prevent drivers exploit",1,2026-02-03 17:19:55,Negative,Driver Behavior & Safety,0.46159571409225464,medium,
cheating company,1,2026-03-12 23:36:12,Negative,Pricing & Bidding,0.46573546528816223,medium,
Account blok wats hapand,5,2026-03-21 21:59:19,Negative,Privacy & Security,0.4671270251274109,medium,
No transparency 👎,1,2026-03-30 14:04:51,Negative,Driver Behavior & Safety,0.46739163994789124,medium,
worst taxi service,1,2026-03-20 10:04:01,Negative,Driver Behavior & Safety,0.46740439534187317,medium,
Huawei mobile is not support pick me pls chek,5,2026-07-31 20:35:05,Negative,Support & Refunds,0.4674200117588043,medium,
"The PickMe app is generally good and useful for daily travel. Booking rides is easy and convenient. However, there is a major issue with location accuracy. Even when I enter the correct location with a proper landmark (the same place shown correctly on Google Maps), the app does not seem to show my exact location to the rider. Because of this, drivers often call 4–5 times asking where I am. This creates unnecessary confusion and delays. I kindly request the PickMe team to improve the location",4,2026-04-11 15:09:14,Negative,Privacy & Security,0.467705100774765,medium,
I ordered a yellow rice from kotahena keells today..not enough even for a single person and the rice is too salty. very bad..,1,2026-06-11 12:40:37,Negative,Delivery Issues,0.4683894217014313,medium,
"This app makes money in a very bad way. It used to be a good app, but now it works very badly. Whenever I try to go on a trip, the price for that destination increases to even more money. It's not really worth it, now it's an app that has become a nuisance, I don't even bother using it, the distance is short but the price is twice as high.",1,2026-04-18 04:39:23,Negative,Pricing & Bidding,0.4686192572116852,medium,
after I download it is not working and loading... frustrated so much,1,2025-08-11 11:44:06,Negative,App Bugs,0.4692399203777313,medium,
very bad service,1,2026-03-30 22:09:45,Negative,Support & Refunds,0.46985748410224915,medium,
this app microstutters alot when loading restaurants to loading menus.,1,2026-06-12 10:25:24,Negative,App Bugs,0.4706694185733795,medium,
very bad service for driver and custemer,1,2026-07-21 08:27:27,Negative,Driver Behavior & Safety,0.47080373764038086,medium,
New app update doesn't work on some mobiles...!,1,2026-06-13 20:57:06,Negative,App Bugs,0.4714145362377167,medium,
after the recent update the app is crashing every time. and each time needs to clear data and cashes or uninstall to use it.,1,2026-07-29 20:47:30,Negative,App Bugs,0.4720580577850342,medium,
"I've had a good experience with PickMe. Unfortunately, today the app detected my location incorrectly, which was 2 km away from my actual location. I am very concerned about this inconvenience for both me and the driver.",2,2025-10-18 14:47:04,Negative,Privacy & Security,0.47276121377944946,medium,
worst courier service ever... took more than 3 days and my parcel hasn't reach the location... so very disappointed,1,2025-12-21 18:54:03,Negative,Driver Behavior & Safety,0.4739571511745453,medium,
All good but the membership status is ridiculous and pointless.. it offers almost same offers for platinum members as silver members..,2,2026-05-05 22:39:36,Negative,Support & Refunds,0.47489774227142334,medium,
Amma oka pick me bang meke,1,2025-09-13 11:40:13,Negative,Driver Behavior & Safety,0.4781527519226074,medium,
*Very bad* service.Don't use this app at all time.Specialy In rainny whether condition & some times normal whether condition drivers are didn't get our trip.,1,2025-11-18 16:12:23,Negative,Driver Behavior & Safety,0.47816336154937744,medium,
bidding system is unfair . less and less drivers aswell,1,2025-10-23 15:47:42,Negative,Pricing & Bidding,0.47901755571365356,medium,
very bad service in srilanka because my hire is cancelled so I can't get any vehicle to go my trip,1,2026-01-02 10:03:42,Negative,Driver Behavior & Safety,0.4791710078716278,medium,
Useless spam notifications. Late night fee despite being a premium member. Exorbitant price hikes during rush hour. App lags in older phone models which is a problem for almost all tuk drivers and gives the longest possible route in certain journeys. my daily commute to work and back is ALWAYS a longer route despite multiple other shorter routes being available. Services provided are good and seems like top brass has a good strategy but technical and user marketing sense is trash.,1,2025-10-03 23:29:53,Negative,App Bugs,0.4805050194263458,medium,
app add pc pickme,5,2026-04-11 14:06:19,Negative,Privacy & Security,0.4807344675064087,medium,
dude can't even schedule rides. Unable to set time in android 🤦‍♀️ seriously annoying,1,2026-08-02 22:32:26,Negative,Driver Behavior & Safety,0.4842599332332611,medium,
Try to update mobile number in my account but app crashed Please fix that issue. Gives 4 star service was amazing and easy for busy lifestyle But later bookings was not perfect and cannot find sometime vehicle I already faced that issue ones,4,2025-10-22 16:04:40,Negative,App Bugs,0.48459795117378235,medium,
Good app.. but some bugs here and there. I cannot text the riders using the inbuilt messaging app. Gives me something went wrong. and the notification icons on the notification bar shows a white empty ball .. not configured properly. Im in a pixel 9 pro,3,2026-04-21 09:09:39,Negative,App Bugs,0.4850769639015198,medium,
"PickMe Srilanka is the most useless, fake app that exists. If you want to be overcharged, scammed, and get actual bills that are twice the estimated bills given, go for it. Good luck with meeting a lot of stupid scammers for drivers and good luck with the PickMe app that doesn't have any algorithms for basic math and gives totally different trip fares before and after you get onto your ride.",1,2026-03-08 17:17:31,Negative,Pricing & Bidding,0.48550480604171753,medium,
"Very disappointed with PickMe. This new bid +100 system is unfair to passengers. Even for normal rides, we are forced to pay extra to get a driver. If we don’t add a bid, rides don’t get accepted. This is not customer-friendly at all. I uninstalled PickMe and switched to Uber. Please rethink this system.😕🤷‍♀️",1,2026-01-13 17:06:39,Negative,Pricing & Bidding,0.48649245500564575,medium,
Api pick me eken kama ekak dana dawasata hamadama paya ganak badaginne weleenna una Service eka mama anthimai,1,2026-06-14 03:06:37,Negative,Driver Behavior & Safety,0.4875248670578003,medium,
"Good, however, when using the option of card payment, it is a bit erratic as it appears not to register and having to pay by cash instead. This potentially can be awkward, problematical, and not to say embarrassing 😳",4,2025-09-05 06:06:08,Negative,App Bugs,0.48868614435195923,medium,
I'll always use this app to transport..but now a days it's showing another price during booking .and after that it's showing plus 200rs like during drop location..how is it possible ..when the driver don't know the road or shortcuts means it's their mistake right.so u can't take money from us ..so I'm very disappointed with pick me now a days..if they don't know the road they will return and return to same road . but for that getting money from us bcz of the duration means very worst,1,2026-05-06 12:23:16,Negative,Pricing & Bidding,0.489132821559906,medium,
App is very slow.bad service.,1,2026-03-13 16:00:41,Negative,App Bugs,0.4893134534358978,medium,
They charge more money.. They charge more than 8%...,1,2026-03-26 15:11:54,Negative,Pricing & Bidding,0.48968949913978577,medium,
this is so bad we ordered some food and they said they can bring it within 30 minutes but we waited for 120 minutes but still didn't get it and there is no way to contact help center. so bad app.,1,2026-05-09 23:33:37,Negative,Delivery Issues,0.49123644828796387,medium,
"Problem with payments. I don't remember getting a subscription but still they debited 549 from my debit card 3 times. I contacted their customer and nothing has been done yet. The problem is even after deleting my card data from the app, they still debited it. Illegal practice.",1,2025-11-28 08:46:09,Negative,Privacy & Security,0.49146613478660583,medium,
"one of the worst apps you can come across. the coustmer support does not talk , they won't respond. wrist experience of srilanka.. pathetic. use some other app for bookings",1,2026-01-16 16:00:34,Negative,Support & Refunds,0.49468088150024414,medium,
"I am very disappointed with the PickMe app. My account was reset twice without any reason, and my Silver membership and ride history were erased. This is unacceptable for a regular user. Also, when I select a car with the highway option, the app shows an actual cost. However, even though the actual kilometers shown in the app do not change, but we went to the location in correct way the final fare becomes higher. This is misleading. I request a clear explanation and a permanent solution.",1,2026-02-11 00:08:24,Negative,Privacy & Security,0.49800822138786316,medium,
"I switched from Uber Eats to PickMe to support a Sri Lankan platform, and it was a huge mistake. This is the 5th time I’ve had issues. Food gets prepared in minutes, but PickMe takes hours just to find a driver. Today I ordered at 7 PM, and by 10:14 PM there was still no rider, no updates, nothing. I even waited over 2 hours on their support line with no answer. PickMe clearly doesn’t value customers. I seriously regret choosing them.",1,2025-12-07 22:19:06,Negative,Delivery Issues,0.49837324023246765,medium,
"absolute worst service ever. Had made an order at 18.30 the cuatomer service team kept lying about arrival time... BTW so did the app... order finally arrived at 2037.. I refused the food as it was soggy. Customer service refused to refund the bill.. Absolutely unethical company, and the people who run it should be ashamed. I am uninstalling the app. Anyone thinking of installing it pls be aware... and a special mention to the operator Masoor (not aure if thats his real name)... Piece of work",1,2026-03-05 20:47:01,Negative,Delivery Issues,0.5040773153305054,medium,
"Extremely Disappointed with PickMe I’ve had two deeply frustrating experiences with PickMe. First, I lost valuable items during a ride, and when I contacted customer service, they simply told me to report it to the police—no support or accountability. Second, the fare shown befo after a big conversation it ended up with sorry. from customer service.",1,2025-09-15 23:06:23,Negative,Driver Behavior & Safety,0.5049552321434021,medium,
app no work my phone,1,2026-06-13 09:11:32,Negative,App Bugs,0.5059953331947327,medium,
"This is FRAUD. When I contacted support about drivers cheating, they banned ME. So cheater driver got my money, that's all.",1,2025-08-20 19:57:02,Negative,Driver Behavior & Safety,0.5062845945358276,medium,
i don recomend this app some drivers dont accept rides,1,2026-03-28 17:32:13,Negative,Driver Behavior & Safety,0.5084289908409119,medium,
The surge cost added as additional charge. It exceeded the normal taxi fare. This was happened to me many times from pick me app. So bad,1,2026-01-29 17:03:27,Negative,Pricing & Bidding,0.5090761780738831,medium,
The map doesnt work at all. when you pinpoint a location for a food order different one get placed. some random person would receive the order.,1,2025-12-20 11:46:02,Negative,App Bugs,0.5094303488731384,medium,
"Pickme food is terrible now, got the order cancelled 2 times after waiting for 3 hours in both tines. one time I placed the order at 7.00 pm there were no rider till 10.00 so we called the hotline and waited another 30 mins until someone picked up. They said a driver just picked up but it didn't get updated in my app, but we waited another 45 min, nothing happened so we called again and they said the same ""Driver just got assigned"". Just use uber eats, way better experience",1,2026-01-04 22:33:31,Negative,Delivery Issues,0.509782075881958,medium,
this app is very useful but at night time when we order food they are not picking so u should change that,2,2025-11-07 13:53:24,Negative,Delivery Issues,0.5104684233665466,medium,
fix your damn map bro,1,2026-07-14 10:24:34,Negative,Driver Behavior & Safety,0.5110422968864441,medium,
Drivers can see your personal number. Drivers use different vehicles instead of the registered number. Some of the Vehicles don't have AC.,1,2026-04-18 18:17:27,Negative,Privacy & Security,0.5117630958557129,medium,
i have gold member and daily use the app for go to office and home - price show 220LKR and when end the trip show price 400LKR.,1,2025-09-30 18:02:16,Negative,Pricing & Bidding,0.5119950771331787,medium,
Bidding is not available at the start of a search. Here in Weligama rates are too low and no one answers.,3,2025-11-18 21:06:33,Negative,Support & Refunds,0.5120924711227417,medium,
"⚠️Please think twice before downloading this app if you value your privacy and safety. I had a very bad experience. There is no proper customer support, and some drivers behave very unprofessionally. Abuse has been reported, and some drivers even call and scold or try to blackmail customers for leaving negative reviews. This is especially concerning for women’s safety. I strongly suggest using alternatives like Uber instead. Please be careful and stay safe.",1,2026-02-25 23:28:12,Negative,Privacy & Security,0.5128461122512817,medium,
Worst app ever provided by a service provider.Customer care is very bad,1,2026-04-30 22:51:20,Negative,Support & Refunds,0.5135582089424133,medium,
one tuk tuk drive stole my powerbank and some food while I just went to take dinner at that time he opened my small bag and took the powerbank and some food and specially one things happened after I reached hotel they show me sir your tuk tuk charge was 3492 but while I book that time show 2992 but they ask me as per his mobile tuk tuk app shows 3492 but that time I don't open my app ..after I check in hotel that time I saw that my powerbank was not there so I complaint but no solution..,1,2026-03-22 01:36:00,Negative,Driver Behavior & Safety,0.5138201117515564,medium,
Please remove all ads..!,4,2025-10-24 08:56:46,Negative,Privacy & Security,0.5141929388046265,medium,
"the app literally scam people. when you just select the pick up and drop off points, it calculate the fare for the longest route, at first i thought it was the quickest route but thats not the case, and the driver take a route he prefer, which is usually the shortest route. And at the end there will be like 5km difference between the estimated distance and the actual distance but the fare won't change. so make sure you add stops on the route u plan to take, then only it calculates the fair fare.",1,2026-07-07 12:26:00,Negative,Driver Behavior & Safety,0.5145596861839294,medium,
Pickme has seen better days,2,2026-04-21 14:17:28,Negative,Driver Behavior & Safety,0.5157217383384705,medium,
pickme food not work properly,1,2026-07-03 21:18:53,Negative,Delivery Issues,0.5159074664115906,medium,
I cannot access your appp,1,2026-06-11 17:46:14,Negative,Privacy & Security,0.5165010690689087,medium,
"Remove the surge price , drivers are misusing it, make it available if the journey is bit higher on time than the expected time",2,2026-02-10 20:10:59,Negative,Pricing & Bidding,0.5197535157203674,medium,
it's good but sometimes the drivers are asking more money or they cancelled the trip,3,2025-11-14 00:36:04,Negative,Driver Behavior & Safety,0.5223150849342346,medium,
useless at times. useless hotline. food gets delayed at times without anyone being able to settle it.,1,2026-03-23 00:03:14,Negative,Support & Refunds,0.5234894156455994,medium,
"company is cheating on fare.. Most of the trips the app is adding additional LKR 100/- at the end of the trip as a surge, which is not inform to the customer at the time of booking the hire. This is cheering and covering information to the customer. Its also a violation of consumer rights. If the book is made withing a surge period it has to mention that on cost estimation. pick me is trying to show that it's price is cheeper compared to other rider apps, but it is not at the end of the trip",1,2025-12-20 14:39:49,Negative,Privacy & Security,0.5263810753822327,medium,
Some of drivers except the hire and a little bit later cancel the trip. Again and again we have to try another tuk tuk... In such a occasion If I waned to cancel .. There is no icon visible to cancel the trip...,3,2025-11-22 18:43:38,Negative,Driver Behavior & Safety,0.5275169610977173,medium,
app was not working properly,1,2025-11-20 13:26:58,Negative,App Bugs,0.5279067754745483,medium,
customers service very poor,1,2025-11-20 21:23:08,Negative,Support & Refunds,0.5280951857566833,medium,
Great.. but price is expensive than Uber.. so I'm not using this app anymore,4,2026-02-22 17:46:08,Negative,Pricing & Bidding,0.5281304121017456,medium,
worst app. accepting orders when riders arent available. both restaurant and me had to wait and I had to be hungry for an hour and also then the restaurant had to cancel,1,2026-05-09 16:47:44,Negative,Delivery Issues,0.5282831788063049,medium,
"placed a food order over two and a half hours ago, but it still hasn’t been delivered. The restaurant confirmed that the food is ready, but the delivery partner has not come to pick it up. I have tried contacting PickMe support through calls and the emergency helpline several times, but I haven’t received any response. This delay and lack of communication are very disappointing and frustrating. Please look into this issue urgently and let me know what happened with my order",1,2025-10-24 18:44:56,Negative,Delivery Issues,0.5289709568023682,medium,
"I filed a complaint because one drive didn't pick me up and just started the trip and charged me. in the meantime I tried to change my phone number cause I want to use local number to avoid roaming fee. when I finished changing the phone number, all the activities were gone!!! the ride history, complaint record, payment... all gone. when I switched back to the old number, all things were gone as well.... I have no idea how to retrieve my record. very bad experience on this app",1,2025-12-05 13:38:33,Negative,Driver Behavior & Safety,0.5301138162612915,medium,
"This was one of the worst customer service experiences I've ever had. The staff were rude, unprofessional, and showed little interest in helping customers. My concerns were ignored, communication was poor, and the overall service was disappointing. I would not recommend this business unless they make significant improvements to how they treat their customers. Very disappointing experience.",1,2026-07-29 02:33:28,Negative,Support & Refunds,0.5307926535606384,medium,
I had a really good experience with PickMe so far but recently i had a problem with food that i ordered and which was never delivered and the order was cancelled. I got an sms saying the funds would be refunded but so far it hasn't been refunded. My main Problem is that i dont feel like calling the hotline so i just wish they find a way to allow us to report problems like this in-app and that's a problem because the cancelled food order isnt even appearing even though i paid for it.,2,2025-09-28 19:19:23,Negative,Support & Refunds,0.531891942024231,medium,
I was late at least 15 times this month as both pick me and their drivers both deny the their own set prices,1,2025-12-13 09:02:48,Negative,Driver Behavior & Safety,0.5323768258094788,medium,
not recommended trvels,1,2026-03-31 23:30:09,Negative,Driver Behavior & Safety,0.5327444672584534,medium,
Was quite useful as a tourist with a language barrier to book a cab/ tuk-tuk and also cab for long distance travel. Was pretty comfortable using it in Colombo There were challenges with LankaPay while taking a long cab service from Colombo to Nuwara Eliya. Had booked using LankaPay( integrated with Indian UPI) but at the end of the trip it mapped to Cash. Which was a suprise. Otherwise recommended for local travel.,4,2025-09-05 10:30:50,Negative,App Bugs,0.5347073078155518,medium,
"awful experience. ordered dinner. canceled after waiting 30 mins. tried ordering again and the same thing happened after 30 minutes, even though the order said it was ready for pickup by the driver. no explanation. now almost no place is open because it's too late. what's the point of this?",1,2025-10-01 22:06:30,Negative,Driver Behavior & Safety,0.5370420217514038,medium,
worst customer help team had to wait more than 30 minutes for them to pick up and they did not pick up at all -10 customer support hotline,2,2026-01-01 22:57:48,Negative,Driver Behavior & Safety,0.5371828079223633,medium,
this happened to me multiple times where i order food and it takes hours for a rider to get assigned. there should be an option to cancel the order after a certain time limit because we have other things to do than waiting for 2h for food. the numbers for restaurants in the app dont work half the time too. the hot line is useless most of the time,1,2026-08-11 17:58:43,Negative,Support & Refunds,0.5373790264129639,medium,
"Terrible, so unreliable. Easy to use, pay by card or cash but the drivers confirm and then they cancel so you have to rebook but already waited 10mins. Then the second and third driver also cancel and now you wait 30mins and late for dinner. however all the drivers that did show up were super nice and cars very clean.",2,2025-12-15 21:51:53,Negative,Driver Behavior & Safety,0.5378245115280151,medium,
unterirdischer Kundenservice: nach unrechtmäßiger Abbuchung durch einen Fahrer ohne dass eine Transportfahrt stattgefunden hat diverse Kontaktierungsversuche des Kundensupport. Bis heute weder eine Antwort seitens PickMe noch eine Rückbuchung der Gebühren.,1,2025-11-19 12:37:24,Negative,Support & Refunds,0.5379239916801453,medium,
we are literally unable find a vehicle in a few minutes. this is very bad app,1,2025-12-20 11:43:13,Negative,App Bugs,0.5382258296012878,medium,
they put big marketing their ickme drivers accept card payments. total lies . they always cancel the ride when it comes to card payments,1,2025-10-03 18:14:11,Negative,Driver Behavior & Safety,0.5389231443405151,medium,
"Absolutely no privacy in this app. Phone numbers are visible to drivers, and many of them keep calling and harassing customers even after the ride especially unsafe for female passengers. Drivers can register without proper checks, which makes it worse. PickMe Food is just as bad. There’s no proper refund system if an order is delayed or wrong, they just call and bargain instead of giving a fair solution. Even when the delay is on their side, nothing happens because all they care about is takin",1,2025-09-30 10:03:56,Negative,Support & Refunds,0.5391152501106262,medium,
"This morning at around 9 am, I called the customer care department of Pickme to get an answer to a certain problem. I was really disappointed at that moment. The Pickme employee who answered my call started singing after listening to my call. While I was on the call, she put the call aside and started talking to other employees. What I really felt at that moment was zero customer care. If you think your customer is a joke, remind your employees that the customer does not need your service.😡",1,2025-08-16 12:46:18,Negative,Support & Refunds,0.5423009395599365,medium,
"I waited nearly 2 hours for my lunch to deliver, but no driver accepted the delivery. There was no proper communication or update during the wait. This is very poor service and a frustrating experience, and i will not use this service again.😡",1,2026-04-10 13:30:53,Negative,Driver Behavior & Safety,0.5430582165718079,medium,
"Extremely disappointed with PickMe Food. I waited over 1 hour and 30 minutes and no driver was assigned in Colombo. After contacting customer care, my order was cancelled. This level of delay and poor support is unacceptable for a food delivery service. I won’t be using PickMe Food again. Uber Eats provides a much better experience.",1,2026-01-23 16:27:21,Negative,Delivery Issues,0.5449004769325256,medium,
"This is by far the worst service app I have ever used. It lags so badly that the delivery address changes automatically, causing major inconvenience. The customer service is extremely poor, and to make matters worse, the customer service boy was rude and arrogant. He does not know how to handle customers or address concerns in a respectful way",1,2025-08-10 16:04:26,Negative,Support & Refunds,0.5478948950767517,medium,
sometimes good but many times drivers will accept ride but when I track their location it shows them sitting in a shop some where not moving at all. very annoying.,2,2026-02-15 15:42:14,Negative,Driver Behavior & Safety,0.5495274662971497,medium,
"it doesn't show anything correctly, the app is always wrong!",1,2026-01-23 15:48:04,Negative,App Bugs,0.5509073734283447,medium,
everything good but the worse part is most of the drivers are refeuse cardpayment hire i dont know why and its kind of suck,1,2025-08-31 22:25:32,Negative,Driver Behavior & Safety,0.5557581782341003,medium,
one of the worst app ever experienced i ordered food it's almost 4hrs delayed still not cable to cancel the order still it's. showing delivery partner assign soon worst app ever,1,2026-03-25 16:35:49,Negative,Delivery Issues,0.5566553473472595,medium,
"I purchased tickets from Pickme for NeYo live in Colombo in September, and however the show was cancelled without any reasons only 2 days before the date of the event. I applied for a refund on January and I have been waiting for a refund for three months and nothing happened. DO NOT EVER TRUST PICK ME PLATFORM FOR EVENT TICKETS !!!!!! Dear PickMe, stop doing scams and actively help people who trusted you in the process of returning the tickets.",1,2026-03-28 11:02:30,Negative,Support & Refunds,0.5600513219833374,medium,
This app is not opening in my mobile.,1,2026-04-25 14:05:43,Negative,App Bugs,0.5604768991470337,medium,
"when we cancel a ride selecting option to change the rider partner, it keeps on connecting to the same rider again and again... non sense app",1,2026-07-16 19:59:56,Negative,Support & Refunds,0.5615711212158203,medium,
"placed a food order 2 hours ago, not delivered yet, and failed to assign a rider, pathetic service",1,2026-02-01 20:58:28,Negative,Driver Behavior & Safety,0.5636836290359497,medium,
"one of the drivers started the trip before even arriving at my pick up location, I called him and inquired and he said he didnt start the trip, since it already showed me 6mins to my pick up location and started the trip, he then cancelled the trip it was added as a card payment and the total amount deducted even though I didnt get the ride. I complained about this and one agent inquired that I will get my refund ad dumb fellow closed the ticket, 25 days and still didnt recieve my refund, scam!!",1,2026-02-20 21:37:14,Negative,Driver Behavior & Safety,0.5639081001281738,medium,
"no responsibility for the incorrect food delivered.. no refunds. just apologies.. we pay for food. delivery package,late night fees. fuel surcharge, busy time fees and many more but no control or governance over incorrect delivery",1,2026-03-29 22:48:53,Negative,Delivery Issues,0.5642234683036804,medium,
worst app. always bugs,1,2026-05-21 12:43:34,Negative,App Bugs,0.5647474527359009,medium,
I am trying to book a trip and I am unable to It took me to drivers app And I couldn't come out of and I had to cancel an urgent meeting I have lost so much not attending the meeting,2,2025-12-20 18:59:01,Negative,Driver Behavior & Safety,0.5657751560211182,medium,
can't order beverages n food and groceries from the same place from this app. Habe to place several orders to do so. Once they charged the order amount from my credit card but once order cancelled from the restaurant they didn't return the money. I didn't get the order or money. I made a complain and they said they have returned the money but bank denied it. try to contact via hotline several times but never able to get in touch. Better to use cash om delivery if you use pick me.,2,2026-05-02 12:25:54,Negative,Support & Refunds,0.566128671169281,medium,
"Don't use this app, total scam, updated our distance from 10 to 30 km",1,2025-12-13 23:00:59,Negative,Privacy & Security,0.5697318315505981,medium,
It every time laggs and the location changes either for the driver or for me. I prefer uber.,2,2026-03-29 19:10:44,Negative,Driver Behavior & Safety,0.5708158016204834,medium,
"don't install,no driver to this app",1,2026-02-02 10:29:31,Negative,Driver Behavior & Safety,0.5708960890769958,medium,
bad app they take more oders and dealer Always late,1,2026-05-09 20:44:06,Negative,Driver Behavior & Safety,0.5709190368652344,medium,
Too slow.. For the ride I was waiting long times..,1,2025-10-16 02:03:02,Negative,Driver Behavior & Safety,0.5716685652732849,medium,
me huththa melo rahak na eka pakekwath oni welawata ride eka ganne na,4,2026-01-09 13:39:54,Negative,Driver Behavior & Safety,0.577083170413971,medium,
Most drivers in rural areas don’t focus on customer needs. They only look for bigger profits instead of giving a fair and reliable service.,1,2025-12-11 15:16:48,Negative,Driver Behavior & Safety,0.5783493518829346,medium,
"Pickme is poor in reading my location, even if I pin the location changes with every driver you send me. My door number shows elsewhere.",3,2026-05-04 20:45:21,Negative,Privacy & Security,0.5800062417984009,medium,
Bad customer service from Pick me.,1,2026-07-14 02:39:56,Negative,Support & Refunds,0.5807446241378784,medium,
poor customer service with higher commission rate,1,2026-03-25 18:45:07,Negative,Support & Refunds,0.5811190009117126,medium,
Worst taxi app ever. When we order a taxi in 6.30 a.m to 7.45 a.m any taxi can not find it. 😡😡😡🤬,1,2026-06-30 07:06:12,Negative,App Bugs,0.581562876701355,medium,
"Worst app period. Book a ride and the rider says he's 3km away. But in the app it shows 100 m. Neither of us can cancel the trip too. Fix your bugs pickme, pathetic.",1,2025-09-21 13:03:54,Negative,App Bugs,0.5820130109786987,medium,
late for the food order💔,1,2025-08-18 03:51:30,Negative,Driver Behavior & Safety,0.58226078748703,medium,
"these guys are terrible, they dont take any responsibility. customer service ignores you and closes tickets. absolute worst customer service.",1,2026-08-12 08:42:56,Negative,Driver Behavior & Safety,0.5823379755020142,medium,
"PickMe is now charging extra hidden costs. If the driver is coming from more than 3 km away, they add that distance to the customer’s bill as “surge,” without informing clearly. Customers only see it after the ride, which feels unfair and misleading. Transparency is very important—please be honest with your charges.",1,2025-09-26 19:38:37,Negative,Pricing & Bidding,0.582374095916748,medium,
The app allows multiple possibilities to get scammed by drivers. I cannot recommend ever using Card as payment method as it allows many scam methods. When using cash always monitor the route the driver takes. We were overcharged because the driver took a longer route on purpose. Another time the driver went into the direction of his home town and just threw us out of the car charging the full fare. Pickme support does nothing if you ask for help. They just close the ticket without response.,1,2026-03-13 13:16:54,Negative,Support & Refunds,0.5825971364974976,medium,
encountered too many cancellations from drivers recently after they confirm,1,2025-08-30 18:16:18,Negative,Driver Behavior & Safety,0.5831834077835083,medium,
App is good but better if you are not given the bid option for drivers Because of that the drivers bid unnecessarily and requesting over charges without accepting the ride. Therfore we get late.,4,2026-07-15 07:18:41,Negative,Driver Behavior & Safety,0.5832100510597229,medium,
"used to love it & sing praises 1. since about 2 months, hotline isn't working. I loved their customer care before there some very intelligent girls who would follow up and problem solve like pros 2. experienced driver bids and didn't like it at all, the good thing with pick mes was that drivers couldn't be rude to us the customers but now its flipped and the driver is dictating their terms to us not pick me saw many posts about helago, waiting for the passenger version to download",1,2025-12-23 20:57:13,Negative,Driver Behavior & Safety,0.5842757225036621,medium,
all your three wheeler drivers are spitting during the journey.please advise them not to spitt while the costermer is I n the vehicle.for the wind the spitt ckmes to I ur faces,1,2025-09-10 18:55:34,Negative,Driver Behavior & Safety,0.5842800140380859,medium,
This is not useful when you need it at all. It takes like half an hour to pair with you a driver,1,2025-08-30 19:06:50,Negative,Support & Refunds,0.5856587290763855,medium,
What an unpleasant app...they are cancelling their rides and we should await if they cancel again and again...I ll never rate this as a good app,1,2025-08-18 18:01:35,Negative,Driver Behavior & Safety,0.5874517560005188,medium,
"Worst app of all time When I wanted my drivers details they cause I need to know if my child arrived at the class. They said wait 24 hours to get the details , so that mean I need to 24 hours to see what has happened to my child. A another time when someone accepted my trip I waited 20 minutes but the accepted person did not arrive so I cancelled it beacase of the driver did not come, For that they charged me money.",1,2026-08-01 14:57:11,Negative,Driver Behavior & Safety,0.5890138745307922,medium,
"after the new update i cannot log in to my account anymore in my vivo Y93,i was stuck in the middle of the night without being able to book a ride i had to walk 5kms get home,app asks for tge mobile number to register and it says,device is not verified,i have been using this app for years but really dissapointed because of only focusing on high end devices when updating the app,not everybody uses new expensive mobile phones",1,2026-05-29 01:17:26,Negative,App Bugs,0.5919122695922852,medium,
showing location very weak and,2,2026-03-03 14:23:13,Negative,Driver Behavior & Safety,0.5920218825340271,medium,
This used to be a good app and not anymore. customer service is very bad and when i am trying to order some food all the outlets keeps saying pick up only and this is so annoying and i can't even oder! and when i am trying to call them and complain about this issue i have to wait 20 minutes on a call queue.,1,2026-01-11 21:58:36,Negative,Support & Refunds,0.5922467112541199,medium,
"Hi PickMe Support, My completed trip is not showing in the app, so I’m unable to submit a complaint. I booked a tuk from Wellawatte 36th Lane to Wellawatte Zuzi. The payment was already made by card in the app, but by mistake I also paid cash to the driver. The driver did not return the money and is not answering my calls. Please check my trip history and help me get a refund for the extra cash payment. Thank you.",1,2026-05-08 11:08:10,Negative,Support & Refunds,0.5933100581169128,medium,
Unsatisfactory customer service,1,2026-01-31 15:16:27,Negative,Support & Refunds,0.5934257507324219,medium,
wrost First thing they ask when we book a ride cash or card . If we say card booking is cancled 😂 Worst navigation as well. sometimes driver confirm over ride and go other hires wasting over time.,1,2025-09-22 07:33:56,Negative,Driver Behavior & Safety,0.5939249396324158,medium,
"worse , they have given an update in driver app ,it goes like only 3 seconds hire will available and after that it pass for some other driver it keeps going like that, finally no driver will pick the hire",1,2026-02-01 14:08:49,Negative,Driver Behavior & Safety,0.5943737626075745,medium,
very bad boyssssss,2,2025-08-02 10:22:00,Negative,Driver Behavior & Safety,0.5957276821136475,medium,
"Useless app. The live location of the drivers moving does not show. Always drivers go to a different location and call us, which they claim is a fault in the app. Locations we select is not what the drivers recieve. Very lagging and an app which is not accurate in real time. Also now the time of the drivers is not showing (in how many minutes will the reach us)",1,2025-12-05 08:38:56,Negative,App Bugs,0.5957388877868652,medium,
how to hide your promotion notification ?????,1,2026-05-27 11:07:08,Negative,Privacy & Security,0.5967894196510315,medium,
one of the worst drivers you can get from this app. its so disappointing,1,2026-04-17 15:15:08,Negative,Driver Behavior & Safety,0.5972174406051636,medium,
Most useless app in Sri Lanka! Everyday drivers going round and round saying map is not working. Why keep a share button if you are unable to share trip details? This app is totally a waste of time!,1,2025-09-26 02:27:24,Negative,App Bugs,0.5972321033477783,medium,
Not good app to much fault this app error error,1,2026-05-29 06:42:48,Negative,App Bugs,0.5998448729515076,medium,
"Very disappointing experience with PickMe. The app fare for my delivery was Rs. 3,163, but after we unloaded the goods, the driver demanded Rs. 5,000, saying he would not get a return hire. I had no smaller notes at the time and no choice but to pay. What was even more disappointing was PickMe refusing to refund the excess amount after multiple complaints. It felt very unfair that a loyal customer was left unprotected while a driver was allowed to take advantage of the situation. Extremely unpro",1,2026-05-13 19:16:50,Negative,Support & Refunds,0.6001405119895935,medium,
Provide the ability to download the PickMe app through AppGallery so that Huawei phone users can also use it.,3,2025-12-13 19:28:53,Negative,Privacy & Security,0.6021131277084351,medium,
Be very careful when using this app. Agree the price before setting off. We did not confirm the price as we assumed it would be the price as given when booked. The driver doubled the distance & therefore the price - we think this is to pay for the trip back but we only went one way.,1,2026-02-16 09:04:09,Negative,Driver Behavior & Safety,0.6024837493896484,medium,
"too slow, to have food arrive, we should at least book it 5 hrs before.",2,2026-02-26 14:22:35,Negative,Delivery Issues,0.6045312285423279,medium,
"Terrible app. They demanded that I pay an additional third of the fare a week after the trip because they miscalculated it. The driver was falling asleep during the ride, and then his car broke down in the middle of the route",1,2025-12-14 13:13:32,Negative,Driver Behavior & Safety,0.6060000658035278,medium,
"cheating ,its a fraud company cheating driver and the pasenger.",1,2026-03-26 03:11:32,Negative,Driver Behavior & Safety,0.6078780889511108,medium,
"I’m very disappointed with PickMe’s customer service. I waited almost 2 hours for one food order, and another time it took around 5 hours. When I called 1331 for help, the line was unstable, kept cutting off, or seemed to disconnect before my issue was resolved. Please improve your call capacity and make customer support more reliable.",1,2026-04-27 20:39:33,Negative,Support & Refunds,0.6080835461616516,medium,
"Pikme drivers are not paid enough, they ask for more money at the end of a hire we go to. Pikme company should take care of this.",1,2026-03-30 12:23:09,Negative,Driver Behavior & Safety,0.6118960380554199,medium,
terrible service. there hotline never pick up a call. if a rider or a customer in a trouble there is no one to talk to.,1,2026-04-19 20:21:14,Negative,Support & Refunds,0.6120201945304871,medium,
used the phone while driving,1,2025-12-12 17:22:03,Negative,Driver Behavior & Safety,0.6132707595825195,medium,
the application not running well always.,4,2025-08-22 20:26:54,Negative,App Bugs,0.6145341396331787,medium,
disappointing customer service,1,2026-05-30 12:31:46,Negative,Support & Refunds,0.6145793795585632,medium,
"not that much great,navigation sucks, even though we know the shorter route this app shows long road 🫩",1,2026-03-03 12:31:21,Negative,App Bugs,0.6152400970458984,medium,
"A useless app. No convenience for passengers, they only send old broken vehicles. They only want money. They should switch to Helago and try it. Pikmi is a great old scumbag.",1,2026-03-26 07:28:42,Negative,Driver Behavior & Safety,0.6156670451164246,medium,
"drivers bid ah, wow what is the difference between normal three-wheeler and pick me, i mean before this pick me was affordable and less payment than normal three-wheelers, now there is no difference, so why the hell we should hire pick me drivers?",1,2025-12-07 20:44:29,Negative,Pricing & Bidding,0.6162446141242981,medium,
Pickme membership is literally a trash no delivery partners would be founded since the delivery is free literally waited more than 3 hours and yet they refused to cancel and refund my money,1,2026-01-23 14:19:47,Negative,Support & Refunds,0.6170036196708679,medium,
"I didn’t receive my refund. I didn’t get the food, and the rider didn’t pick it up but marked the order as completed on the app. No one has resolved this issue, and my complaint was closed even though it’s not yet resolved. Please look into this matter.",1,2025-10-08 19:30:37,Negative,Support & Refunds,0.6171992421150208,medium,
"I'm currently facing issues with this app. For instance, when I booked one ride, it registered as two rides. Additionally, sometimes drivers call me even though I haven't booked a ride. Please address these problems.",2,2025-08-08 12:00:50,Negative,App Bugs,0.6177272796630859,medium,
"Absolutely disappointing. I urgently needed to use the PickMe app, but I couldn't even log in. This is one of the most unreliable services I've used. An app that doesn't work when customers need it most is completely unacceptable. Please fix your servers and improve the stability of your app. You're wasting your customers' time.",1,2026-07-06 21:15:53,Negative,App Bugs,0.6180880665779114,medium,
your driver alive or die very slow and wast of the time finally i got metter taxi i unistall this app my phone,1,2026-03-15 10:27:06,Negative,Driver Behavior & Safety,0.6185164451599121,medium,
"very bad, the delivery is delayed more than 2 hrs and it really worse the customer service couldn't cancel the order, worst",1,2026-03-17 18:40:43,Negative,Support & Refunds,0.6186448931694031,medium,
"PickMe drivers are completely useless now. The rates have increased significantly, and to make matters worse, when you book a ride, you have to wait for a long time. Even if it says they’ll arrive in 5 minutes, it takes more than 10 minutes for the driver to show up. PickMe is just not worth it anymore; Uber is much better now. I am deleting the PickMe app today.",1,2026-03-16 12:19:30,Negative,Driver Behavior & Safety,0.6186984181404114,medium,
"without any reason they permanently blocked me , also not provide any contact numbers to contact office. kindly mention here your customer care numbers",1,2026-08-09 07:17:26,Negative,Support & Refunds,0.6191598176956177,medium,
"i didnt receive my food order even tho i paid for it . there was no driver assigned to me so i cant even do nothing , theres no order in my activity list . hope the they see this and fix there wromg doing to me",1,2025-09-21 23:19:34,Negative,Driver Behavior & Safety,0.6223224401473999,medium,
"worst app ever,cannot find a ride even in an urgent situation",1,2025-10-21 06:55:28,Negative,App Bugs,0.6230790019035339,medium,
its has become a crapy app. food delivery is in a sad state. have to wait for hours to get food now. it takes half an hour to assign a drive after food is ready. if you don't have riders near by don't take orders. wasting people's time an money. booking taxi they can cancel without notice. but if we cancel we are charged. why only 1 sided. if they cancel they should be fined as well.,1,2026-08-01 21:05:02,Negative,Delivery Issues,0.6238077878952026,medium,
Driver never came,1,2025-09-04 18:16:45,Negative,Driver Behavior & Safety,0.6240860819816589,medium,
such a slow app,1,2026-02-28 22:36:08,Negative,App Bugs,0.6249046325683594,medium,
"Driver never arrived, then he instantly ""finished"" the trip and took my money. PickMe customer support did not help and closed off the complaint, without any contact. The scam should have been obvious because the trip only lasted 1 minute and the driver never actually arrived at the pickup location. I would suggest using cash as primary source of payment to avoid scams in the future as PickMe will not help.",1,2025-08-10 23:11:56,Negative,Driver Behavior & Safety,0.6257416605949402,medium,
App is not working in my phone. Redmi turbo. Android version 16,1,2025-12-14 09:55:13,Negative,App Bugs,0.6276621222496033,medium,
one driver found my number after the ride and now he's texting n bothering me this is so annoying other than that everything are fine,1,2025-08-11 21:12:26,Negative,Driver Behavior & Safety,0.6289775967597961,medium,
"🤮🤮🤮🤮Pickme is the worst taxi app in Sri Lanka, they have hidden fees and the worst customer service.",1,2026-03-29 06:46:56,Negative,Support & Refunds,0.6311371922492981,medium,
Very bad experience and drives are not accepting the rides. totally disappointed 👎🏼👎🏼,1,2025-12-12 18:38:25,Negative,Driver Behavior & Safety,0.6311375498771667,medium,
"No discounts, the cost is soo much more than uber",1,2026-03-27 11:46:41,Negative,Pricing & Bidding,0.6319449543952942,medium,
app eka godak wela load wenawa....ss upload krnna permission dunnoth pennanna puluwan....mge photone 4 ma mehemayi😟😵‍💫😖,2,2026-05-29 07:11:46,Negative,Privacy & Security,0.6323306560516357,medium,
very poor customer service in pickme.when we call to customer care they every time lying.the giving fake details to us.they only focusing commission from us.. please don't recommend for anyone..,1,2026-06-16 23:36:59,Negative,Support & Refunds,0.6329526901245117,medium,
Bad service provider,1,2026-03-30 17:58:31,Negative,Support & Refunds,0.633435845375061,medium,
"This is the worst hide railing, delivery partner and event management partner. Do not fall for their over priced rates. they estimate one rate and then when you get off it magically changes. They also oragnize fake events such as ""NeYo - Live In Sri Lanka"" mark the event as completed after cancelling the event and do not refund the ticket holders money. Before using this unprofessional customer unfriendly app, their customer support is also absolutely horrible. MY ADVICE PLEASE USE UBER",1,2026-03-28 09:43:00,Negative,Support & Refunds,0.6338555812835693,medium,
Poor customer service and arrogant drivers,1,2025-12-08 07:47:44,Negative,Driver Behavior & Safety,0.6338644027709961,medium,
Pick me rides most of the time good. But pickme food delivery is poor service. Today I ordered for my dinner like 8'o clock. It took a long time like more than 1 and 1/2 hour to get my order from merchant. I called the merchant also. They informed us there is no delivery partners at that moment due to rain. But there is no rain in Colombo today. Just thunderstorm only.,2,2026-04-26 22:34:56,Negative,Delivery Issues,0.6338728070259094,medium,
"so many drivers nearby yet none of them are taking the ride when it is needed. what is the point in becoming a rider if they don't take the ride , pick me needs to increase the standards if not people will cease to use the app",1,2025-10-17 17:56:15,Negative,Driver Behavior & Safety,0.6348028182983398,medium,
Before it was good. but now sooooo bad tooo slow to get a driver high rates and don't reccomend this I reccomend Uber(the best),3,2026-06-28 09:19:36,Negative,Driver Behavior & Safety,0.6370006203651428,medium,
The app downloading freezes in 99% it doesn't downloads....,3,2025-11-20 14:29:51,Negative,App Bugs,0.6388213634490967,medium,
Never received verification code even after many attempts. If you can't send a verification code to an overseas number how can we trust your service.,1,2026-02-09 04:56:11,Negative,Privacy & Security,0.6391057968139648,medium,
Worst experience ever had. Riders don't take the rides when it is urgent. 👎🏻,1,2026-01-28 13:55:01,Negative,Driver Behavior & Safety,0.6392807364463806,medium,
In the past days the app was great until 3 days ago the 50% offer in pickme wasn't working plus there are some map problems and if book one ride the ride becomes 2 . I think they should check this.,1,2025-08-23 11:37:25,Negative,App Bugs,0.6400046348571777,medium,
"the driver started the trip where he parked. I several times complained and even begged to start the trip from my pickup location, but he never listen. He argued that he started the trip in my pickup location. for this reason I have to pay RS. 350.00 extra. (He charged RS. 1400.00)",1,2025-12-31 17:43:52,Negative,Driver Behavior & Safety,0.6413050293922424,medium,
cause hire are little late,4,2025-08-30 15:41:34,Negative,Driver Behavior & Safety,0.6419742107391357,medium,
"Following the latest update, drivers are bidding for each ride on the PickMe app, much like they would in a casino app. They are wasting our time and money with this poor improvement. Some drivers request cash if the card payment is added.",1,2026-02-07 01:18:06,Negative,Pricing & Bidding,0.64224773645401,medium,
taken through many shortcuts when main roads are ok...,4,2026-02-26 21:26:36,Negative,Driver Behavior & Safety,0.6424034237861633,medium,
useless customer service with an outdated app,1,2026-03-16 15:32:55,Negative,Support & Refunds,0.6427317261695862,medium,
"I am extremely disappointed with my experience using the PickMe app. What used to be a convenient and reliable service has now become frustrating and unreliable. On multiple occasions, drivers have either accepted my ride and then canceled at the last minute or taken far too long to arrive without any proper updates. It feels like there is no accountability, and customers are left waiting without any clear communication. One of the biggest issues is the timing. The app often shows that a driver",2,2026-04-10 15:34:39,Negative,Driver Behavior & Safety,0.643065869808197,medium,
"the vehicle he came is defferent to the the number in the app,he asked for a OTP when the trip was finish.this was the first time i experienced.it didnt appear on the phone however he took my phone and got the number.",1,2026-06-18 17:22:44,Negative,Driver Behavior & Safety,0.6433787941932678,medium,
Because of the new bid option it's really hard to book a taxi fast.,1,2025-12-20 19:51:15,Negative,Pricing & Bidding,0.6450344920158386,medium,
App was fine before the biding system. Drivers don't accept the rides unless we accept their bids. I always tip a bit extra if it's a long ride anyways. The driver should not be able to bid (demand) Rs. 100 extra for a 2km ride. At this point just go in a normal tuk.,1,2025-11-02 10:59:25,Negative,Pricing & Bidding,0.6458328366279602,medium,
overall is ok but late night and morning bookings are unreliable. I booked a ride at 4.20am and they accepted but even after 20 minutes past the appointment time he didn't come. I couldn't even contact him.,2,2025-11-19 04:42:07,Negative,Driver Behavior & Safety,0.6466148495674133,medium,
