review_text,rating,date,language,sentiment,confidence
හොදයි,5,2026-08-13 22:06:51,Sinhala,Not Analyzed,
good services,5,2026-08-13 20:41:46,English,Positive,0.9999
It is so safe 🤍,5,2026-08-13 20:39:00,English,Positive,0.9986
good service,5,2026-08-13 20:17:47,English,Positive,0.9998
supper 😍,5,2026-08-13 19:03:34,English,Positive,0.9192
this pick me app is so amazing.very help full.sometimes very cheap. but some times very expensive.🤔🤔🤔,5,2026-08-13 17:54:56,English,Positive,0.8339
Good Job,5,2026-08-13 15:53:11,English,Positive,0.9998
good,5,2026-08-13 15:28:28,English,Positive,0.9998
good hire app,5,2026-08-13 15:27:51,English,Positive,0.9989
well transportation,5,2026-08-13 11:51:06,English,Positive,0.9995
thank,5,2026-08-13 09:47:56,English,Positive,0.9998
nice 💐👍,5,2026-08-13 06:43:16,English,Positive,0.9998
good 👍❤️,5,2026-08-13 01:14:19,English,Positive,0.9999
Woow,5,2026-08-13 00:36:05,English,Negative,0.9802
"helfpul,kindness will have to all pickme drivers",5,2026-08-12 18:23:55,English,Positive,0.9963
ඇත්තටම කිව්වොත් Pickme App එක ගෝඩක් හොදයි. ♥️♥️♥️♥️♥️♥️♥️♥️,5,2026-08-12 15:02:33,Sinhala,Not Analyzed,
සුපිරි,5,2026-08-12 14:54:21,Sinhala,Not Analyzed,
අනෙ පනෙ තනෙ වැඩෙ 😅,5,2026-08-12 14:28:18,Sinhala,Not Analyzed,
super නියම app එක වැඩත් පහසුයි😁😁😁👌👌👍👍,5,2026-08-12 13:15:13,Sinhala,Not Analyzed,
valuable,5,2026-08-12 10:24:48,English,Positive,0.9999
this app very helpful,4,2026-08-12 09:44:07,English,Positive,0.9993
"these guys are terrible, they dont take any responsibility. customer service ignores you and closes tickets. absolute worst customer service.",1,2026-08-12 08:42:56,English,Negative,0.9998
"super, i always used my traveling partner 🥰",5,2026-08-11 22:16:35,English,Positive,0.995
this happened to me multiple times where i order food and it takes hours for a rider to get assigned. there should be an option to cancel the order after a certain time limit because we have other things to do than waiting for 2h for food. the numbers for restaurants in the app dont work half the time too. the hot line is useless most of the time,1,2026-08-11 17:58:43,English,Negative,0.9998
this app is a not trust that is laying 50% discunt frist ride. not it offer working,1,2026-08-11 17:12:48,English,Negative,0.9994
nice,5,2026-08-11 16:04:21,English,Positive,0.9999
"The new “Bid” feature has made PickMe extremely frustrating. Bidding gets activated automatically, and drivers take a long time to accept rides because they wait for higher offers. Many drivers then ask for an extra Rs.100 or more for a trip. This makes booking slow, stressful, and unpredictable. PickMe should give passengers the option to disable bidding and keep a fixed-fare system. The app was much more convenient before this feature.",1,2026-08-11 15:28:32,English,Negative,0.9963
"Good,not bad but therenne are some lag spikes but no problem",4,2026-08-11 14:46:47,English,Positive,0.9093
all is good,5,2026-08-11 12:43:34,English,Positive,0.9998
cheap and quick,5,2026-08-11 12:13:10,English,Negative,0.9996
It is very good,5,2026-08-11 11:47:32,English,Positive,0.9999
Best pick app♥️,5,2026-08-11 11:21:55,English,Positive,0.997
vasi❤️❤️❤️❤️❤️,5,2026-08-10 09:19:23,English,Negative,0.6971
"after taking 4 hours, they cancelled my food order reason- drivers are available to pick up that order 🤣",1,2026-08-09 23:16:05,English,Negative,0.9939
"Drivers pick rides when they on another, we have to wait until they finish that trip and come to pick up. Please update the app such that the drivers wouldn't be able to pick rides while they on a trip",5,2026-08-09 15:52:47,English,Negative,0.9973
it's a user-friendly app however it may required timely information gets updated automatically. The app gets updated without delay,5,2026-08-09 08:34:52,English,Positive,0.9859
"without any reason they permanently blocked me , also not provide any contact numbers to contact office. kindly mention here your customer care numbers",1,2026-08-09 07:17:26,English,Negative,0.9976
frequently need to updates,5,2026-08-08 17:29:52,English,Negative,0.9551
"I feel safe, and the service is fast.💙",5,2026-08-08 13:24:08,English,Positive,0.9982
super App,4,2026-08-08 00:42:41,English,Positive,0.9932
better,5,2026-08-07 19:37:44,English,Positive,0.9993
help to easy travel,5,2026-08-07 15:54:34,English,Positive,0.9986
Good app 🤝,5,2026-08-07 13:55:55,English,Positive,0.9998
please introduce a dark theme in this app.its too useful to save battery life and protect our eyes in android 8 high performance devices,4,2026-08-06 19:02:48,English,Negative,0.9986
"Really good experience, it is faster to get vehicles compared to other apps but the only thing that I would like to add is the Dead Reconning System for a smoother tracking",4,2026-08-06 10:46:09,English,Negative,0.9789
Foods are no promotions,5,2026-08-06 10:31:50,English,Negative,0.9984
goooooooooooooood,5,2026-08-06 02:34:25,English,Negative,0.6794
it's good service,5,2026-08-05 17:12:33,English,Positive,0.9999
good most of the times driver says no change,3,2026-08-05 12:55:30,English,Positive,0.9994
ගොඩක් හොඳයි ඉතින් සල්ලි වැඩි ප්‍රමාණයක් වැය වෙන්නේ නෑ පික්මී ඇප්ස්ටෝලීන්,5,2026-08-05 12:37:20,Sinhala,Not Analyzed,
Good,4,2026-08-05 10:53:00,English,Positive,0.9998
good 👍,5,2026-08-04 19:27:53,English,Positive,0.9999
super,5,2026-08-04 08:39:15,English,Positive,0.9988
Very comfortable,5,2026-08-03 19:46:39,English,Positive,0.9999
well,5,2026-08-03 17:07:56,English,Positive,0.9996
they virtually create a demand to vehicles and charging from customers by saying surge . if you took meeter taxi may cost 130 per km . when you travel with pick for 5 km they charge. fair + 400 surge . but when you took meter taxi it may cost 130 *5,1,2026-08-03 10:57:02,English,Negative,0.9541
dude can't even schedule rides. Unable to set time in android 🤦‍♀️ seriously annoying,1,2026-08-02 22:32:26,English,Negative,0.9997
"Deserves 0 stars. Worst delivery app I’ve ever used. Waited nearly 2 hours while my food sat cold at the restaurant for 90 mins with no driver assigned. Customer support offers zero help, just repetitive canned responses. Customer support repeatedly promised a driver was coming soon, offering no real solutions. Do not accept orders if you lack rider coverage. Extremely disappointing experience.",1,2026-08-02 21:05:01,English,Negative,0.9998
the best riding app but too much ads that's frustrating 😕,5,2026-08-02 13:43:23,English,Negative,0.9979
wrost App,1,2026-08-01 23:17:29,English,Negative,0.9957
excellent very good appl,5,2026-08-01 21:05:36,English,Positive,0.9999
its has become a crapy app. food delivery is in a sad state. have to wait for hours to get food now. it takes half an hour to assign a drive after food is ready. if you don't have riders near by don't take orders. wasting people's time an money. booking taxi they can cancel without notice. but if we cancel we are charged. why only 1 sided. if they cancel they should be fined as well.,1,2026-08-01 21:05:02,English,Negative,0.9997
suoer best app,5,2026-08-01 20:12:25,English,Positive,0.9965
"Worst app of all time When I wanted my drivers details they cause I need to know if my child arrived at the class. They said wait 24 hours to get the details , so that mean I need to 24 hours to see what has happened to my child. A another time when someone accepted my trip I waited 20 minutes but the accepted person did not arrive so I cancelled it beacase of the driver did not come, For that they charged me money.",1,2026-08-01 14:57:11,English,Negative,0.9998
great app and the drivers are amazing and friendly and doing such a great and valuable job for the money we spent 💝,5,2026-08-01 14:43:12,English,Positive,0.9999
Huawei mobile is not support pick me pls chek,5,2026-07-31 20:35:05,English,Negative,0.9997
it is very good app fo transport,5,2026-07-31 20:18:20,English,Positive,0.9997
pick me flash receiver location is incorrect and not updating. very poor location tracking,1,2026-07-31 17:34:25,English,Negative,0.9998
super drive and beautiful,5,2026-07-31 15:50:45,English,Positive,0.9999
some drivers lies to customers. dont have proper regulation. not recommended as a good service.,1,2026-07-31 13:24:15,English,Negative,0.9997
very good,5,2026-07-31 12:46:28,English,Positive,0.9999
nice service,4,2026-07-30 20:20:53,English,Positive,0.9998
goof,5,2026-07-30 19:05:11,English,Negative,0.9975
Perfect,5,2026-07-30 07:39:08,English,Positive,0.9999
Good app,4,2026-07-30 01:24:06,English,Positive,0.9998
"never add your ATM card to this app, without using pick me there cut money",1,2026-07-30 00:49:46,English,Negative,0.9846
after the recent update the app is crashing every time. and each time needs to clear data and cashes or uninstall to use it.,1,2026-07-29 20:47:30,English,Negative,0.9995
"Worst transport service ever. Most of the drivers, including AAU-9178, overcharge customers when they realize they don’t know the route. The app showed 1075/= for me, but the driver charged 1400/=. Unreasonable!!!",1,2026-07-29 16:50:02,English,Negative,0.9998
"This was one of the worst customer service experiences I've ever had. The staff were rude, unprofessional, and showed little interest in helping customers. My concerns were ignored, communication was poor, and the overall service was disappointing. I would not recommend this business unless they make significant improvements to how they treat their customers. Very disappointing experience.",1,2026-07-29 02:33:28,English,Negative,0.9998
"very bad customer service, They don't have the responsibility and accountability for what they are doing. They don't have any solutions for customer grievences.",1,2026-07-28 23:59:01,English,Negative,0.9997
I downloaded this app but somehow this doesn't work well via still loading for a an hour. guys lemme know is this app had any issue..,1,2026-07-28 20:36:36,English,Negative,0.9988
I never received this order.when I went to pickup I was told a pick me rider collected it.very disappointed.shall not use card payment method again with you.,1,2026-07-28 00:37:59,English,Negative,0.9987
good platform,5,2026-07-27 12:17:26,English,Positive,0.9999
Good service,5,2026-07-27 10:19:37,English,Positive,0.9998
"Terrible service, specially when trying to reclaim overcharges and when trying to get food ordered in weekends.",1,2026-07-26 20:12:24,English,Negative,0.9994
best useful app,5,2026-07-26 16:10:27,English,Positive,0.9991
𝑒𝑎𝑠𝑦 𝑡𝑜 ℎ𝑖𝑟𝑒 𝑣𝑒ℎ𝑖𝑐𝑙𝑒 𝑤ℎ𝑒𝑛 𝑤𝑒 𝑎𝑟𝑒 𝑖𝑛 𝑎 𝑒𝑚𝑒𝑟𝑔𝑒𝑛𝑐𝑦 𝑠𝑖𝑡𝑢𝑎𝑡𝑖𝑜𝑛,5,2026-07-25 18:13:24,English,Negative,0.9446
problem. After I got in a trip.its connects with another drivers,1,2026-07-25 15:10:45,English,Negative,0.9971
"I have traveled to the same destination twice for the same price of 300. However, the app recently showed me the same price, but it showed 600 for the driver. This has happened nearly 3 to 4 times now. This pricing system is extremely bad.",1,2026-07-25 13:16:09,English,Negative,0.9997
Great app easy to use as foriegner.,5,2026-07-25 11:32:41,English,Positive,0.9987
bring the downloadable receipt option,4,2026-07-24 17:39:41,English,Positive,0.7723
this app doesn't work on my phone and honestly i don't know what's the issue. I've updated software patch and I'm using Android 15 version with Redmi A5 mobile. couple months ago i've been using pick me app with no problem or anything but lately nowadays when I trying to log on my account app saying please wait interface only. please fix this issue dear company. thanks.,2,2026-07-24 16:51:22,English,Negative,0.993
Too many promotional notifications,2,2026-07-24 15:09:38,English,Negative,0.9996
"very bad experience and expensive, increase price after booking also, very bad 👎",1,2026-07-24 09:56:19,English,Negative,0.9997
"I would like to report a bug, I'm using the latest version of the app. When I try to schedule a ride I can choose the date but I can't change the time. Please look into this.",1,2026-07-24 06:10:23,English,Positive,0.5571
it comfortable to me,1,2026-07-23 22:05:33,English,Positive,0.9998
Dissapointing. Takes more than usual time to pickup orders.,1,2026-07-23 21:06:55,English,Negative,0.9996
Overall good service but certain times difficult to find vehicles specially from Kelaniya area .Kindly improve the later option further.,4,2026-07-23 15:00:28,English,Positive,0.9931
good work,5,2026-07-23 11:09:10,English,Positive,0.9998
When will the temporary fuel surcharge be removed?,4,2026-07-22 18:08:05,English,Negative,0.9989
good job,2,2026-07-22 03:20:42,English,Positive,0.9998
scamers,1,2026-07-22 00:08:58,English,Positive,0.995
excellent.,5,2026-07-21 14:57:29,English,Positive,0.9998
very bad service for driver and custemer,1,2026-07-21 08:27:27,English,Negative,0.9998
best,5,2026-07-20 04:42:49,English,Positive,0.9998
𝐦𝐲 𝐟𝐚𝐯 𝐚𝐩𝐩,5,2026-07-19 20:39:20,English,Negative,0.8337
"HelaGo and Uber are better than PickMe. Their rates are fair, and they don't have hidden fees like PickMe. I'm disappointed with PickMe's service and wouldn't recommend it.",1,2026-07-19 16:52:50,English,Positive,0.979
there are no enough locations,1,2026-07-19 10:25:16,English,Negative,0.9996
really easy to use. it really appreciateable if you notify approximate amount including the hire amount. Most of the people confirm the hire with the price showing. sometimes they might don't have extra money. most of the time tuk's number plate different. drivers intentionally driving slowly near signal light to stop on Red 🔴 signal. You guys need to have an option to notify.,4,2026-07-19 08:19:34,English,Negative,0.9829
Good service reasonable charges and quick service,5,2026-07-19 05:31:19,English,Positive,0.9995
"I have been with Pick Me for a very long time, but the Pick Me app has not improved . Directions to locations are without roads. To tell you the truth , improvement is not seen at all. Pick Me is lucky that they don't have proper competition.",3,2026-07-18 19:51:49,English,Negative,0.9977
driver bad attitude,1,2026-07-18 17:42:54,English,Negative,0.9998
excellent,5,2026-07-17 06:58:27,English,Positive,0.9998
not ux friendly at all and full of bugs,1,2026-07-16 20:23:28,English,Negative,0.9998
"when we cancel a ride selecting option to change the rider partner, it keeps on connecting to the same rider again and again... non sense app",1,2026-07-16 19:59:56,English,Negative,0.997
please add dark mode,4,2026-07-16 14:46:59,English,Negative,0.9773
Trusted service,2,2026-07-16 08:19:18,English,Positive,0.9966
one of good service in sri lanka,5,2026-07-15 09:56:07,English,Positive,0.9998
App is good but better if you are not given the bid option for drivers Because of that the drivers bid unnecessarily and requesting over charges without accepting the ride. Therfore we get late.,4,2026-07-15 07:18:41,English,Negative,0.9907
App eka hodai habai mehemai hadissiykt yanna plane ekakui ganwathurata yanna bottuwakui thibba nm maru salli thibbata karanna deyak na apita meke ehema una nm taru 5m denawa,4,2026-07-14 14:25:02,English,Negative,0.9924
fix your damn map bro,1,2026-07-14 10:24:34,English,Negative,0.9948
Bad customer service from Pick me.,1,2026-07-14 02:39:56,English,Negative,0.9998
මරාගෙන කන සේවාවක්,1,2026-07-13 19:03:24,Sinhala,Not Analyzed,
"Initially I was happy about this app and it helped me a lot.But very disappointed after I ordered an item which was wrongly displayed in the app and I had to cancell,but still didn't get the refund which they promised to pay within 24 hours when I contacted the customers care line.",1,2026-07-13 18:43:55,English,Negative,0.9978
very unstable 😕 😐 😑 it can't place my oder right,1,2026-07-12 21:48:38,English,Negative,0.9997
super app,5,2026-07-12 19:55:40,English,Positive,0.9932
supiri,5,2026-07-12 15:42:27,English,Positive,0.7819
i cant login after entering the otp ..i have tried multiple times,1,2026-07-12 13:02:08,English,Negative,0.9921
"Drivers are allowed to carry more passengers than the seating cpacity allowes"" which is illeagal. Furthermore, the company must also educate its customers not to exceed the seating capacity.",1,2026-07-12 11:41:28,English,Negative,0.99
at this moment the app is not working properly,1,2026-07-12 09:40:07,English,Negative,0.9998
pick me drive not there,1,2026-07-11 17:43:22,English,Negative,0.9992
Good 👍,5,2026-07-11 11:36:02,English,Positive,0.9999
usefull app💫 most recommended,5,2026-07-10 20:32:11,English,Positive,0.9975
very super,5,2026-07-10 10:34:48,English,Positive,0.9997
superb 🤟,5,2026-07-08 11:47:53,English,Positive,0.9999
The driver is not polite,1,2026-07-07 18:51:28,English,Negative,0.9996
sometimes good .sometimes very bad,3,2026-07-07 14:36:34,English,Positive,0.9854
not user friendly,1,2026-07-07 12:29:51,English,Negative,0.9996
"the app literally scam people. when you just select the pick up and drop off points, it calculate the fare for the longest route, at first i thought it was the quickest route but thats not the case, and the driver take a route he prefer, which is usually the shortest route. And at the end there will be like 5km difference between the estimated distance and the actual distance but the fare won't change. so make sure you add stops on the route u plan to take, then only it calculates the fair fare.",1,2026-07-07 12:26:00,English,Negative,0.9981
The new surcharge is totally unfair,1,2026-07-07 07:31:16,English,Negative,0.9995
"Absolutely disappointing. I urgently needed to use the PickMe app, but I couldn't even log in. This is one of the most unreliable services I've used. An app that doesn't work when customers need it most is completely unacceptable. Please fix your servers and improve the stability of your app. You're wasting your customers' time.",1,2026-07-06 21:15:53,English,Negative,0.9995
very nice,5,2026-07-06 10:54:09,English,Positive,0.9999
"No riders to pickup the orders ,Too late , Fully Dissapointed",1,2026-07-05 23:29:03,English,Negative,0.9993
HAPPY RECOMMENDED ....👌👌,5,2026-07-05 20:55:47,English,Positive,0.9999
average,5,2026-07-05 17:09:12,English,Positive,0.7222
trip was abondend at Midway poor service,1,2026-07-05 06:34:01,English,Negative,0.9997
"Worst experience with the PickMe app. I placed an order at 6:00 PM, expecting a timely delivery, but it wasn't delivered until 10:30 PM. That's a delay of more than 4 hours, which is completely unacceptable. I repeatedly explained to the PickMe driver that the order was urgent, but the delivery was still made very late. This is not fair to customers who rely on your service. Very disappointed with this experience. I hope PickMe improves its delivery service and customer support",1,2026-07-04 22:43:09,English,Negative,0.9997
"Sadly, this app has been getting worse day by day, both in performance and service quality, just waiting for a good alternative to switch.",1,2026-07-04 13:05:01,English,Negative,0.9997
pickme food not work properly,1,2026-07-03 21:18:53,English,Negative,0.9998
i think better ower rewews 💥🍄🆔,5,2026-07-03 18:53:45,English,Negative,0.9907
location not working,1,2026-07-03 08:08:46,English,Negative,0.9997
"there are lesser and lesser pickme rides day by day and cant reach the needed destination in time no matter how early we wait, the drivers would come right by the location and cancel, which wastes a load of time even after confirming the ride multiple times, which management looked into this more.. 😔😔",2,2026-07-03 07:16:38,English,Negative,0.9993
very important app,5,2026-07-02 21:42:05,English,Positive,0.9995
I love this app,5,2026-07-02 20:19:05,English,Positive,0.9999
good app,5,2026-07-02 19:49:09,English,Positive,0.9998
"such a terrible app, always loading and loading.. always couldn't find the location.. please fix mn it",1,2026-07-02 18:04:06,English,Negative,0.9994
PAYEMENT HIGH RATED,1,2026-07-02 17:51:35,English,Positive,0.9977
this app is not open in my phone why?what's the issue.my phone is vivo y93 please check this issue,1,2026-07-02 15:41:31,English,Negative,0.998
the e bill ricipt is very useful thanks for adding a feature like that,5,2026-07-02 09:49:39,English,Positive,0.9988
very helpful🫂,5,2026-07-01 19:40:06,English,Positive,0.8244
"Always refusing the card payments, drivers attitudes are worst",1,2026-07-01 16:09:21,English,Negative,0.9998
"If a driver is on a order or ride, don't recommend another ride or delivery, because it delays our time",2,2026-07-01 07:41:26,English,Negative,0.9978
"I have noticed some drivers and specially riders record us and put the videos on social media platforms like faceboom or tiktok without our consent! Totally violation of privacy... they reveal publically our locations, whom we are with, what we ordered, where we go ect ect! you should do something about this! and other users, be aware about those so-called content creating riders who violate your privacy!",1,2026-06-30 21:07:59,English,Negative,0.9979
"WORST CUSTOMER SERVICE EVER. IF U EVER HAVE A COMPLAIN, THEY TOOK A LONG TIME TO ANSWER BETTER UBER",1,2026-06-30 14:08:23,English,Negative,0.9998
"Absolutely unacceptable. It's been months since the Ne-Yo concert was canceled, and I'm still waiting for my refund. Customer support has been unresponsive, calls are ignored, and there has been no meaningful resolution despite repeated follow-ups. This has been one of the worst customer service experiences I've ever had.This is one of the biggest scamming companies in Sri Lanka. I strongly advise everyone to avoid using them.",1,2026-06-30 13:38:48,English,Negative,0.9998
there is an update right when I need it most and i can't use it without updating. thanks,1,2026-06-30 12:54:43,English,Positive,0.9976
Worst taxi app ever. When we order a taxi in 6.30 a.m to 7.45 a.m any taxi can not find it. 😡😡😡🤬,1,2026-06-30 07:06:12,English,Negative,0.9998
A long time bug. Can't schedule a ride for future time. ex: now it is 10pm. I want to schedule a ride for tomorrow 6am. i can pick tomorrow but not 6am. but it is possible to pick 11pm like time (after 10pm). This is a bug.,4,2026-06-29 22:18:01,English,Negative,0.9986
eizy traveling 24 hours service,1,2026-06-29 17:39:49,English,Positive,0.9754
"very disappointed app. once I am above to achieve platinum loyalty customer from gold they did such a rubbish and unexpected procedure that they suddenly dropped into silver customer. when I complained, they said that i registered recently. Literally, i have been used this app for more than 1 year.these guys are cheating",1,2026-06-29 13:39:34,English,Negative,0.9994
Nice and easy,5,2026-06-29 00:12:04,English,Positive,0.9999
soopeerrr,5,2026-06-28 17:30:31,English,Negative,0.9784
"drivers behave badly, asking cash when we book for someone else",3,2026-06-28 17:28:34,English,Negative,0.9997
food Safe travels,5,2026-06-28 13:21:28,English,Positive,0.9997
this gut helped,5,2026-06-28 10:31:08,English,Positive,0.984
Not good. Not bad. But service is very ugly,1,2026-06-28 10:02:36,English,Negative,0.9996
Before it was good. but now sooooo bad tooo slow to get a driver high rates and don't reccomend this I reccomend Uber(the best),3,2026-06-28 09:19:36,English,Negative,0.9958
👌👌👌❤,5,2026-06-28 00:50:49,English,Negative,0.6971
fast delivery and quality rides.💯👌,5,2026-06-27 20:56:59,English,Positive,0.9998
not efficient facility,1,2026-06-27 18:50:46,English,Negative,0.9998
Friendly & excellent service,5,2026-06-27 17:05:52,English,Positive,0.9999
Super Sri Lankan Safe Flash App,5,2026-06-27 16:03:43,English,Positive,0.9662
i like pick me ❤️,5,2026-06-27 08:22:57,English,Positive,0.999
some zip cars are not maintained well. the interior is so unclean and with bad odour. please look into this.,5,2026-06-26 21:30:27,English,Negative,0.9971
"Compared to Uber, the route selections after we chose where we wanna go, always got long routes which includes higher traffic and price. it was so embarrassed me causing so much time consumed to the get on time in the location. you better prepare this inefficient ways in the app.",1,2026-06-26 17:28:34,English,Negative,0.998
average satisfaction,3,2026-06-26 16:29:54,English,Positive,0.9191
careless driving. over charged,1,2026-06-26 16:18:58,English,Negative,0.9994
"Drivers call you and interview you, if you don't pass the interview they will cancel.",1,2026-06-26 13:27:18,English,Negative,0.9945
எனி ஹெல்ப் புல்,5,2026-06-26 12:40:39,Tamil,Not Analyzed,
Excellent,5,2026-06-26 11:46:09,English,Positive,0.9998
🫂❤️,5,2026-06-25 20:17:23,English,Negative,0.6971
"how many fees are you going to get ? handling fee,surge fee,handling fee, small package fee, late night fee taxes for famous outlets ... seriously? So is this your objective when starting this business? I remember that you are going to do srilankanized one lol 😆",1,2026-06-25 18:57:43,English,Negative,0.9833
great but slow,5,2026-06-25 18:40:21,English,Positive,0.9812
"I am disappointed with how my account was handled. Sometimes rides get canceled because I accept requests from both Uber and PickMe, and I keep the one that arrives first. I understand that frequent cancellations are not ideal, but permanently blocking an account for this seems too harsh. Why is a permanent block used instead of a warning, temporary suspension, or another fair solution? I would appreciate it if you could review the account and consider a more reasonable resolution. Thank you.",2,2026-06-25 11:30:25,English,Negative,0.9994
Bad worj,1,2026-06-25 09:23:43,English,Negative,0.9997
not a pass,5,2026-06-24 18:06:05,English,Negative,0.7768
cash payment,5,2026-06-24 12:33:50,English,Positive,0.9913
thank you so much,5,2026-06-23 21:50:57,English,Positive,0.9998
irritating location issues plz make it correct I just waste my time 1hr,1,2026-06-23 16:38:42,English,Negative,0.9998
top,4,2026-06-22 15:57:27,English,Positive,0.9997
I'm giving it 5 stars and also I would suggest you to add up a timing system like a 20 min thing in which if the restaurant or the driver after picking it up failed to make it up on time the customer gets an off of some amount just like the (Hunger station) in Saudi Arabia I know it's a lot to ask but giving an option like that would make many people to buy and also the restaurant and the driver will have a priority to deliver the food within time.,5,2026-06-22 01:05:08,English,Negative,0.9932
brilliant service 🔝,5,2026-06-21 20:34:15,English,Positive,0.9998
"Great app for taxi and food, huge saving and convenient",5,2026-06-21 16:49:11,English,Positive,0.9996
cant satisfied,1,2026-06-20 18:48:51,English,Positive,0.9941
excellent service,5,2026-06-20 16:55:09,English,Positive,0.9999
Surperb,5,2026-06-20 06:19:40,English,Negative,0.5758
A best service. Thank you very much for it.,5,2026-06-19 10:09:13,English,Positive,0.9999
"the vehicle he came is defferent to the the number in the app,he asked for a OTP when the trip was finish.this was the first time i experienced.it didnt appear on the phone however he took my phone and got the number.",1,2026-06-18 17:22:44,English,Negative,0.9878
"Very disappointing experience with PickMe Food. My bakery order's ETA changed 3 times and stayed on ""Food ready, waiting for pickup"" for nearly an hour. I wanted to cancel, but there was no option in the app. The bakery couldn't cancel, PickMe support couldn't cancel, and even the rider couldn't cancel. I had to delay checking out of my hotel and wait for the food. The rider was fast once assigned, but the food arrived cold. Also, where is the option to review PickMe's service itself? Uber Eats",1,2026-06-18 14:04:51,English,Negative,0.9994
sathapahata vedak ne,1,2026-06-18 09:32:53,English,Negative,0.636
"Last week had a bad experience. App has showed me and driver different paths, so it costed double fee. Pickme refused to refund. Always before start the trip check path and charges with driver.",1,2026-06-18 09:27:20,English,Negative,0.9989
I know this isn't because of the app some of the drivers misuse the bid and some accepting trip and few minutes they cancel it or accept it and cancel it at the same time which is annoying.,2,2026-06-18 08:45:33,English,Negative,0.9995
location is scrambled. it shows that don't exist,1,2026-06-17 08:02:47,English,Negative,0.9996
not bad,1,2026-06-17 05:57:58,English,Positive,0.9996
very poor customer service in pickme.when we call to customer care they every time lying.the giving fake details to us.they only focusing commission from us.. please don't recommend for anyone..,1,2026-06-16 23:36:59,English,Negative,0.9997
not working error message sorry! we could not verify your number (First installed ),1,2026-06-16 14:51:00,English,Negative,0.9981
great Driver,5,2026-06-15 22:48:52,English,Positive,0.9998
Nice app gives fair price for the passenger ❤️,5,2026-06-15 14:23:42,English,Positive,0.9975
Good Service,5,2026-06-14 12:56:54,English,Positive,0.9998
Api pick me eken kama ekak dana dawasata hamadama paya ganak badaginne weleenna una Service eka mama anthimai,1,2026-06-14 03:06:37,English,Negative,0.9961
New app update doesn't work on some mobiles...!,1,2026-06-13 20:57:06,English,Negative,0.9996
Some times the riders are taking more from the clients,5,2026-06-13 17:24:36,English,Negative,0.9856
This app is a huge scam now. it intentionally selects an absurd longer route and even if you add stops along the way it makes it even more absurd. a 1km journey turns into a 3.5km one and they charge for the 3.5km even if we take the 1km route,1,2026-06-13 13:33:35,English,Negative,0.9993
"This is one of the most annoying apps for booking rides. The ride get cancelld many times, or the price go higer than regular taxi ride and the booking takes so much time. Rides are very costly and the location get messed up often too. Neither fast service , nor accurate locating or nor rides on convenience price.",1,2026-06-13 12:40:26,English,Negative,0.9998
app no work my phone,1,2026-06-13 09:11:32,English,Negative,0.9926
this app microstutters alot when loading restaurants to loading menus.,1,2026-06-12 10:25:24,English,Negative,0.9973
I cannot access your appp,1,2026-06-11 17:46:14,English,Negative,0.999
trash app.when I went some where it showed 4.7km and 10m but the drivers know a trick that when they go slower even though there is no traffic so the app shows 20m and it charges more + I get late. I would highly appreciate it if you could fix this. (some drivers also trick us by changing the gear so we think we are going normal speed even though we are going like 10kmph),1,2026-06-11 14:26:39,English,Negative,0.9965
I ordered a yellow rice from kotahena keells today..not enough even for a single person and the rice is too salty. very bad..,1,2026-06-11 12:40:37,English,Negative,0.9993
new bag,5,2026-06-10 21:13:54,English,Positive,0.9437
very bad app,1,2026-06-10 12:32:20,English,Negative,0.9998
It's Good Job,5,2026-06-10 08:20:37,English,Positive,0.9999
it's good,5,2026-06-09 15:42:45,English,Positive,0.9998
itZ good.,3,2026-06-09 09:36:49,English,Positive,0.9999
why pick me not active tell me please,5,2026-06-09 06:13:33,English,Negative,0.9996
රෙජිස්ට්‍රේශන් එක ඇප්ලයි කරලා දවස් 4ක් ගිහිනුත් රිප්ලයි නෑ.ඇහුවම ඩොකියුමන්‍ට්ස් එහෙමට්ග් සම්පූර්ණයිලු.,1,2026-06-08 17:31:08,Sinhala,Not Analyzed,
"Nice,comfortable and enjoyable",5,2026-06-08 16:11:42,English,Positive,0.9999
Day by day I can increase my income through pick me .,5,2026-06-07 16:36:18,English,Positive,0.9968
If you can't fix your drivers' attitude there's no future for this service. already uninstalled and happily stopped using. I will make sure to share my experiences with people around me.,1,2026-06-07 00:10:47,English,Positive,0.9994
Rare seat is uncomfotable.,4,2026-06-06 15:36:27,English,Negative,0.9965
4n eke udin ena notification masg app eka athule thiyana notification wala pennanne na.,1,2026-06-06 13:16:03,English,Negative,0.9931
pick me has been a great app before but currently there are many bjgs in the system and false information provided,2,2026-06-06 11:32:09,English,Negative,0.9987
හදිසි වෙලාවක ඇප් එකට ගියොත් අප්ඩේට් එකක් ඇවිත්. අප්ඩේට් කරලම ‍යන්න වෙන්නෙ යන ගමනක්.,1,2026-06-06 10:20:47,Sinhala,Not Analyzed,
app didnt even open goddamn,1,2026-06-06 08:11:47,English,Negative,0.9995
useful,4,2026-06-05 17:05:07,English,Positive,0.9998
The WORST food delivery service ever!. Gives a fake estimated delivery time and keeps prolonging it. Very disappointed.,1,2026-06-04 19:56:47,English,Negative,0.9998
worst app I have ever used the the estimated time is just a scam it increased 1 and half hour,1,2026-06-04 19:55:58,English,Negative,0.9998
Wonderful app,5,2026-06-04 15:18:09,English,Positive,0.9999
bad app waiting chagers and trip end over riding not add well.so drivers charge over,1,2026-06-04 12:33:15,English,Negative,0.9959
vari good is oik me,5,2026-06-03 18:27:25,English,Positive,0.9997
verry verry bad app,1,2026-06-03 17:20:23,English,Negative,0.9996
driver robbed me and shot everyone in the vehicle I declare this MURDER(driver no plate:ABW 8473,1,2026-06-03 14:26:15,English,Negative,0.999
My account got reset all of a sudden. All my added details are all gone. Very disappointed. Need a fix ASAP,1,2026-06-02 23:47:16,English,Negative,0.9998
its not picking our phone numbers. its not a good app,1,2026-06-02 18:14:42,English,Negative,0.9998
"App is good, very useful. Only issue is the riders are crying for cash payments. But the main use of these type of apps are hassel free access with new technology. As per the riders you guys have different commission methods for cash and card payments. With evolution of technology you should be more focus on encouraging paperless method. Means you should give some benefit to riders when using card payments. Because payment directly crediting to your account. Hope you will look in to this sooner",4,2026-06-02 12:41:09,English,Positive,0.9897
Easy riding partner,5,2026-06-02 09:29:39,English,Positive,0.9991
this app banned me for no reson,1,2026-06-01 14:03:36,English,Negative,0.9989
useless,1,2026-06-01 08:51:11,English,Negative,0.9998
gives automated discounts. when appealed after the trip. they ask for screenshots. bad service.,1,2026-05-31 16:26:25,English,Negative,0.9996
"PickMe is not as fast as before. I don't think anyone should order food through PickMe anymore. I placed an order and it's been more than an hour, but it still hasn't arrived. The restaurant is located in Mount Lavinia, and the delivery address is Hill Street. Does it really take over an hour for such a delivery? I'm very disappointed with the service.",1,2026-05-30 18:22:57,English,Negative,0.9996
disappointing customer service,1,2026-05-30 12:31:46,English,Negative,0.9998
"I would like to request an app where only the ride, event, rental, delivery and truck function are available. The food and market options are too distracting and its very much unfair for the user.",1,2026-05-30 04:59:54,English,Negative,0.9997
expert,5,2026-05-29 21:34:39,English,Positive,0.9994
"Please train your drivers to be polite with passengers. I recently booked a travel CAY5185 car he was arrogant and can not say any other words to him he did not even listen, and he intentionally drove us to some long routes to increase his fare Please avoid these types of drivers to your organisation. I know you're not going to take any actions against him. please train those drivers",1,2026-05-29 15:54:33,English,Negative,0.9967
good morning day,4,2026-05-29 12:20:26,English,Positive,0.9998
app eka godak wela load wenawa....ss upload krnna permission dunnoth pennanna puluwan....mge photone 4 ma mehemayi😟😵‍💫😖,2,2026-05-29 07:11:46,English,Negative,0.9966
Supper,5,2026-05-29 07:03:42,English,Positive,0.9822
Not good app to much fault this app error error,1,2026-05-29 06:42:48,English,Negative,0.9997
"after the new update i cannot log in to my account anymore in my vivo Y93,i was stuck in the middle of the night without being able to book a ride i had to walk 5kms get home,app asks for tge mobile number to register and it says,device is not verified,i have been using this app for years but really dissapointed because of only focusing on high end devices when updating the app,not everybody uses new expensive mobile phones",1,2026-05-29 01:17:26,English,Negative,0.9993
more help full app,5,2026-05-28 22:40:52,English,Negative,0.8512
"Interest in using this app is decreasing. It would be much better to conduct a face-to-face interview before selecting drivers, or at least allow only people within a suitable age limit to join. Many drivers still do not know how to navigate properly, even when guides are provided. Dealing with such situations becomes a difficult struggle for users, and this negatively affects the overall experience and interest in the app.Please consider allowing only drivers who have at least basic knowledge.",1,2026-05-28 17:53:23,English,Negative,0.9997
one of the best app,1,2026-05-28 14:18:32,English,Positive,0.9998
Too bad. It has been more than an hour. but no one is assigned to pick the parcel to deliver. The hotline is busy.,1,2026-05-28 13:34:50,English,Negative,0.9995
"The rides feature is fine but the food delivery feature is terrible. One time I had to wait 1 hour just for a driver to be assigned. Another time, I waited for an hour for a driver to be assigned and then the app cancelled my order.",2,2026-05-28 12:47:06,English,Negative,0.9994
Great App,5,2026-05-27 21:19:42,English,Positive,0.9998
"PickMe drivers rarely accept rides. Even when they do, they often cancel halfway through. This happens to me every single time. In my experience, Uber drivers are much more reliable than PickMe drivers.",1,2026-05-27 18:11:54,English,Positive,0.9792
"Horrible Experience. I have been using since it launch in late 2015. I find PickMe is going bad to worse day by day. I use PickMe Flash for business purposes and personal services. Each and every time I book PickMe Flash it automatically books / sends multiple vehicles (similar Vehicle if I book bike, then multiple bikes, if I request for Tuk Tuk, then multiple tuk tuks) and sends to requested location. This has been happening for last six months. Customer care service? Horrible service.",2,2026-05-27 13:59:11,English,Negative,0.9997
how to hide your promotion notification ?????,1,2026-05-27 11:07:08,English,Negative,0.9995
I came from kaduwela bus stand to near Cinec campus. It estimated 4.6km and showed lkr 398. But when I got there it showed actual distance was 13.48km. Even if I come from the longest route it's 6.1km. why this app showed like this.,1,2026-05-27 09:19:10,English,Negative,0.9968
"well, to catch a ride sure not bad. I recommend the verification method tho. the food delivery though, takes ages for them to get a delivery person so no food deliveries.",3,2026-05-26 18:38:28,English,Positive,0.8044
now we rather use meter taxi. poor service,1,2026-05-26 17:07:26,English,Negative,0.9998
anytime the rider cancel bad app,1,2026-05-26 07:11:32,English,Negative,0.9989
good but need a system update.,5,2026-05-26 02:36:41,English,Negative,0.9015
trip close time and payment slow,5,2026-05-25 22:58:29,English,Negative,0.9997
yes its good,5,2026-05-25 06:23:48,English,Positive,0.9998
"Pickme food service system is terribly designed to not be responsible about its own service. I order dinner and hours go by with no driver, food gets cold, we cant cancel the order, and the customer care never answers. This is not a one time experience.",1,2026-05-24 21:57:55,English,Negative,0.9995
குட் அப்போ,5,2026-05-24 13:33:13,Tamil,Not Analyzed,
trust ❤️,5,2026-05-23 09:01:18,English,Positive,0.9993
very good and reliable service,5,2026-05-22 21:02:07,English,Positive,0.9999
bad app poor customer care😡,1,2026-05-22 19:10:21,English,Negative,0.9998
Very bad delivery service and the communication was poor never ordering again. please have a cancellation option.,1,2026-05-22 15:30:44,English,Negative,0.9998
orders getting soooooo delay,2,2026-05-21 18:55:06,English,Negative,0.9953
"I have a oppo a5s and I gave like android 8 ,but the app doesn't work for me",1,2026-05-21 16:56:47,English,Negative,0.9995
pick me is veryfast⏩,5,2026-05-21 14:29:45,English,Positive,0.9487
worst app. always bugs,1,2026-05-21 12:43:34,English,Negative,0.9998
friendly & easy to use and very useful app,4,2026-05-20 10:53:27,English,Positive,0.9998
❤️❤️❤️❤️❤️❤️❤️❤️,5,2026-05-20 09:18:45,English,Negative,0.6971
over charge now 2026/05/19,1,2026-05-19 19:39:59,English,Negative,0.8618
very very good,5,2026-05-19 13:06:26,English,Positive,0.9999
Amazing app,5,2026-05-19 08:13:48,English,Positive,0.9999
"""Highly trusted, secure, and affordable. Congratulations!""",5,2026-05-19 08:06:28,English,Positive,0.9999
wow i like to travel with pick me,5,2026-05-19 02:39:35,English,Positive,0.9997
help me,5,2026-05-19 02:29:55,English,Negative,0.9101
"I've been a user for a long time the issue I have is, it seems like y'all only save the history of rides and activity on the local storage. Cuz I recently changed my phone and It's like a fresh app now. only my personal details are there. No History or anything at all.🤦🏻",4,2026-05-18 23:04:19,English,Negative,0.9993
use ful app,5,2026-05-18 22:48:44,English,Negative,0.9853
Nicee tric,5,2026-05-18 17:14:42,English,Negative,0.9369
they don't pay their drivers well.,1,2026-05-18 12:18:08,English,Negative,0.9996
"My trip fare was Rs.767.00 , but the driver charged Rs.1000.00 in cash. Please check this trip and assist with the overcharge. ( AAV0195 tuk -Dinesh )",1,2026-05-18 10:47:40,English,Negative,0.9569
This. Pick me service is useless. Not impressed with the services of the call center.,1,2026-05-17 20:43:21,English,Negative,0.9998
"in my last few pickme 3wil trips, 3 of them couldn't find the right locations and correct routes without me correcting them. some are entirely worng routes. some are very long routes compared to correct one. ( correct route is route i see in the app when i book the trip) so i had to pay extra 30% - 40% for the trip. please fix this routing issue quickly.",1,2026-05-17 12:04:31,English,Negative,0.9993
now the services is quite good,5,2026-05-16 10:37:10,English,Positive,0.9998
the actual fare at the end of the ride Is more than the starting fare. trash app ngl,1,2026-05-16 09:40:19,English,Negative,0.9747
it's too helpful and awesome..... safe traveling. good conversation.. nice location. nice price level 👍🏻🤗,5,2026-05-15 20:39:22,English,Positive,0.9982
"A thief who stole my groceries worth Rs. 18,000/- and vanished while I got down at my second stop to purchase some stuff. This is posted to as an eye opener for all who are going to get in to this tuk. Beware and be cautious",1,2026-05-15 19:41:35,English,Negative,0.9992
"bad service experienced in meal delivery service. 90 mins, Pickme can't find a delivery rider to deliver foods.. worst experience",1,2026-05-15 13:44:31,English,Negative,0.9998
lankawe godak pickme karayo wahina dawasakata tip illala marena hadanawa ekek wath enne na,1,2026-05-14 23:55:51,English,Negative,0.9851
very bad,1,2026-05-14 14:19:16,English,Negative,0.9998
worst app ever and their hotline also unable to work properly,1,2026-05-14 11:06:26,English,Negative,0.9998
very bad service drivers asking to cancel the app drive driectly to hireand asked more money. vehicles not clean allthe time when i use this. do the needful make a proper service,1,2026-05-14 10:25:54,English,Negative,0.9997
5 eyes,5,2026-05-13 23:54:10,English,Positive,0.9985
"Very disappointing experience with PickMe. The app fare for my delivery was Rs. 3,163, but after we unloaded the goods, the driver demanded Rs. 5,000, saying he would not get a return hire. I had no smaller notes at the time and no choice but to pay. What was even more disappointing was PickMe refusing to refund the excess amount after multiple complaints. It felt very unfair that a loyal customer was left unprotected while a driver was allowed to take advantage of the situation. Extremely unpro",1,2026-05-13 19:16:50,English,Negative,0.9997
v.good app,5,2026-05-13 13:45:50,English,Positive,0.9953
no option to disable marketing notifications,1,2026-05-12 10:31:58,English,Negative,0.9978
thank you for a comfortable travel,5,2026-05-10 14:50:02,English,Positive,0.9999
this is so bad we ordered some food and they said they can bring it within 30 minutes but we waited for 120 minutes but still didn't get it and there is no way to contact help center. so bad app.,1,2026-05-09 23:33:37,English,Negative,0.9997
bad app they take more oders and dealer Always late,1,2026-05-09 20:44:06,English,Negative,0.9997
"Worst app ever.. Rides are good but when it comes to foods it will take at least 2hrs to deliver within 5kms.. To assign a delivery partner, they are taking just 30-40 minutes..",1,2026-05-09 20:30:09,English,Negative,0.9981
double booking by App mistake. I was charged Rs30 cancellation fee.,1,2026-05-09 17:34:45,English,Negative,0.9988
worst app. accepting orders when riders arent available. both restaurant and me had to wait and I had to be hungry for an hour and also then the restaurant had to cancel,1,2026-05-09 16:47:44,English,Negative,0.9998
"My account was reset multiple times now. This is unacceptable. All of my personal information, ride information, addresses? ALL GONE. Horrible app.",1,2026-05-09 07:05:56,English,Negative,0.9998
Can't Install this App. It always try to get into driver app. So inconvinient and irritating. This happens from time to time.,5,2026-05-09 06:36:28,English,Negative,0.9997
"“Very disappointed with his service. He intentionally takes wrong routes to increase the hire cost, and his attitude is unprofessional.”",1,2026-05-08 19:55:29,English,Negative,0.9996
"Hi PickMe Support, My completed trip is not showing in the app, so I’m unable to submit a complaint. I booked a tuk from Wellawatte 36th Lane to Wellawatte Zuzi. The payment was already made by card in the app, but by mistake I also paid cash to the driver. The driver did not return the money and is not answering my calls. Please check my trip history and help me get a refund for the extra cash payment. Thank you.",1,2026-05-08 11:08:10,English,Negative,0.9993
Your app is not up to date. location is not shown properly to the drivers & riders,3,2026-05-07 21:24:22,English,Negative,0.9998
good driving,3,2026-05-07 21:19:34,English,Positive,0.9998
waste 100%,1,2026-05-07 19:21:14,English,Negative,0.9995
this one very good 👍,5,2026-05-06 20:42:45,English,Positive,0.9999
re editing my 2 star review to make it 1 star. the pick me food additional charges are so obviously fake and just painful cash grabs. Uber is starting to be much more appealing,1,2026-05-06 15:58:08,English,Negative,0.991
I'll always use this app to transport..but now a days it's showing another price during booking .and after that it's showing plus 200rs like during drop location..how is it possible ..when the driver don't know the road or shortcuts means it's their mistake right.so u can't take money from us ..so I'm very disappointed with pick me now a days..if they don't know the road they will return and return to same road . but for that getting money from us bcz of the duration means very worst,1,2026-05-06 12:23:16,English,Negative,0.9997
All good but the membership status is ridiculous and pointless.. it offers almost same offers for platinum members as silver members..,2,2026-05-05 22:39:36,English,Negative,0.9997
Very good,5,2026-05-05 21:25:05,English,Positive,0.9999
"1. pickme is not locating rides as fast as UBER, I only use pickme but on my stay in Colombo I tried 3s and no end to searching, but UBER response was fast, all 3 rides for UBER. 2. how can a customer directly contact?",1,2026-05-05 08:32:15,English,Negative,0.9854
This app best 💯👍,5,2026-05-04 22:07:48,English,Positive,0.9929
"Pickme is poor in reading my location, even if I pin the location changes with every driver you send me. My door number shows elsewhere.",3,2026-05-04 20:45:21,English,Negative,0.9998
"very very very good,perfect",5,2026-05-03 23:18:41,English,Positive,0.9999
kalai,5,2026-05-02 14:46:59,English,Positive,0.992
"when booking shows one amount, when price finish amount increased with surcharges ,",1,2026-05-02 14:12:07,English,Negative,0.7712
can't order beverages n food and groceries from the same place from this app. Habe to place several orders to do so. Once they charged the order amount from my credit card but once order cancelled from the restaurant they didn't return the money. I didn't get the order or money. I made a complain and they said they have returned the money but bank denied it. try to contact via hotline several times but never able to get in touch. Better to use cash om delivery if you use pick me.,2,2026-05-02 12:25:54,English,Negative,0.9989
supar,5,2026-05-01 19:17:02,English,Positive,0.8585
"For activation, they send codes to Whatsapp which I refuse to use.",1,2026-05-01 17:13:24,English,Negative,0.9918
this app is very nice app. this app is very use full,5,2026-05-01 10:18:49,English,Positive,0.9994
සුපර්,1,2026-05-01 09:35:49,Sinhala,Not Analyzed,
not work,5,2026-05-01 09:08:36,English,Negative,0.9997
"Rating: 0 if I could ""PickMe has stopped being a delivery app and has become a digital pickpocket. How do you justify charging LKR 265 in fees for a LKR 380 order? That is a 70% markup for a 2-minute drive. Small order fee, convenience fee, fuel fee, bag fee—what’s next? A 'wear and tear on the rider's tires' fee? You’re triple-dipping on every order. I’m not paying for a meal; I’m paying for your board members' bonuses. Uninstalling and going to Uber Eats. Absolute joke.""",1,2026-05-01 09:05:51,English,Negative,0.9992
"They are charging for cancelling trips before it start, even with valid reason.",1,2026-05-01 01:42:09,English,Negative,0.9928
Worst app ever provided by a service provider.Customer care is very bad,1,2026-04-30 22:51:20,English,Negative,0.9998
the great app ever because of the service and the support teams response immediately to resolve the issue after discussing with both side. Sri Lanka best ride and transportation,5,2026-04-30 17:05:55,English,Positive,0.9994
Please check on this. some drivers are taking the trip and never show up. at least won't answer the phone. if there is a way to add screenshot its better for review option. then you'll can be updated on the drivers who does like this.,1,2026-04-30 08:06:35,English,Negative,0.9921
Courteous and well mannered .,5,2026-04-29 17:12:30,English,Positive,0.9998
highly recommended,5,2026-04-28 12:45:29,English,Positive,0.9998
Great,5,2026-04-28 10:30:27,English,Positive,0.9999
"I’m very disappointed with PickMe’s customer service. I waited almost 2 hours for one food order, and another time it took around 5 hours. When I called 1331 for help, the line was unstable, kept cutting off, or seemed to disconnect before my issue was resolved. Please improve your call capacity and make customer support more reliable.",1,2026-04-27 20:39:33,English,Negative,0.9996
very helpful,5,2026-04-27 02:46:45,English,Positive,0.9998
Pick me rides most of the time good. But pickme food delivery is poor service. Today I ordered for my dinner like 8'o clock. It took a long time like more than 1 and 1/2 hour to get my order from merchant. I called the merchant also. They informed us there is no delivery partners at that moment due to rain. But there is no rain in Colombo today. Just thunderstorm only.,2,2026-04-26 22:34:56,English,Negative,0.9976
melo rahak ne,5,2026-04-26 22:15:12,English,Negative,0.982
"Working as a PickMe driver is a valuable experience. I meet different passengers daily and improve my communication skills. Income depends on trips, so some days are good and some are slow. Traffic and fuel costs are challenges, but flexible working hours are a big advantage.",5,2026-04-26 20:26:35,English,Positive,0.999
"on time, Safe driving ability, Friendly",5,2026-04-26 17:43:06,English,Positive,0.9998
Very useful app for me and easy use. i love it,5,2026-04-26 12:30:43,English,Positive,0.9998
පාරේ ත්‍රීවිල් එකක 200 යන දුරට 450කට වඩා ගන්නවා.. පිස්සු මුන්ට,1,2026-04-25 20:34:45,Sinhala,Not Analyzed,
This app is not opening in my mobile.,1,2026-04-25 14:05:43,English,Negative,0.9995
update ekk diyan pissu kelinw,5,2026-04-25 09:51:42,English,Negative,0.9799
Very polite and professional driver.Clean and comfortable car,5,2026-04-25 07:00:43,English,Positive,0.9998
good transport,5,2026-04-25 00:35:14,English,Positive,0.9998
GOOD SERVICES AND REASONABLE CHARGES IN SRILANKA.,5,2026-04-22 23:36:44,English,Positive,0.9997
Very bad app... always taff change,1,2026-04-22 23:17:57,English,Negative,0.9998
taxi I wont,1,2026-04-22 21:53:40,English,Positive,0.9993
easy to order foods and ride. and their timing is absolutely good 👍,5,2026-04-22 18:08:09,English,Positive,0.9999
great,5,2026-04-22 13:45:33,English,Positive,0.9999
Pickme has seen better days,2,2026-04-21 14:17:28,English,Negative,0.9859
Good app.. but some bugs here and there. I cannot text the riders using the inbuilt messaging app. Gives me something went wrong. and the notification icons on the notification bar shows a white empty ball .. not configured properly. Im in a pixel 9 pro,3,2026-04-21 09:09:39,English,Negative,0.9997
The app was very good and usefull at the beginning but nowadays it's always showing the location wrong whenever we put a pick me the cab goes somewhere else.Even the location of the destination changes.,1,2026-04-21 07:32:32,English,Negative,0.9988
Good service and excellent customer service 👍 thanks,5,2026-04-21 00:43:43,English,Positive,0.9999
terrible service. there hotline never pick up a call. if a rider or a customer in a trouble there is no one to talk to.,1,2026-04-19 20:21:14,English,Negative,0.9989
Good transport,1,2026-04-19 17:08:50,English,Positive,0.9998
Drivers can see your personal number. Drivers use different vehicles instead of the registered number. Some of the Vehicles don't have AC.,1,2026-04-18 18:17:27,English,Negative,0.9936
Hello Sir! Can't add our number please fix this issue,2,2026-04-18 16:17:27,English,Negative,0.9961
"I strongly advise against using this service. It is extremely unsafe and hazardous. I booked a PickMe tuk-tuk for my wife around 10 PM. The driver forced her to get out midway, overcharged her, and even blamed her for booking in a less busy area at night as he couldn’t get a return hire. I reported this via the app and phone, but after 8 days, I only received a simple apology with no proper action. I would not recommend this service.",1,2026-04-18 16:14:05,English,Negative,0.9991
"This app makes money in a very bad way. It used to be a good app, but now it works very badly. Whenever I try to go on a trip, the price for that destination increases to even more money. It's not really worth it, now it's an app that has become a nuisance, I don't even bother using it, the distance is short but the price is twice as high.",1,2026-04-18 04:39:23,English,Negative,0.9993
absolutely the worst service ever.uber better than this,1,2026-04-18 01:00:07,English,Negative,0.9998
very help full,5,2026-04-17 19:10:22,English,Positive,0.995
one of the worst drivers you can get from this app. its so disappointing,1,2026-04-17 15:15:08,English,Negative,0.9998
good driver,4,2026-04-17 12:33:50,English,Positive,0.9998
PickMe asked me to cancel the order even after it was ready for pickup from Hurry Up Homagama. Happened more than once. PickMe app seems to be glitching.,1,2026-04-17 11:23:36,English,Negative,0.9988
great experience,5,2026-04-17 11:19:04,English,Positive,0.9999
Placed two food orders and they couldn't find a rider for the delivery. had to self pickup. worst app,1,2026-04-17 10:03:28,English,Negative,0.9998
very low charges yes yes,5,2026-04-17 07:47:28,English,Negative,0.989
tnx u so much fantastic this apps country platform marketing this apps congratulations,5,2026-04-17 02:48:02,English,Positive,0.9996
superb,5,2026-04-16 20:19:50,English,Positive,0.9999
map location is very bad,3,2026-04-16 18:38:21,English,Negative,0.9998
drivers are really indecent most of the time,5,2026-04-16 16:58:45,English,Negative,0.9414
very poor service 😡,1,2026-04-16 14:10:33,English,Negative,0.9998
piekme patta hodai.habai lagata yanna hadissiyakata piekme drivers la anna na.aka poddak hada gattha nam 100%i.,4,2026-04-15 18:02:28,English,Negative,0.993
worst customer service. not answering phones. totally worthless. don't use this,1,2026-04-15 14:53:29,English,Negative,0.9998
it's the easy way to go to anywhere,5,2026-04-15 11:54:41,English,Positive,0.9986
Most of the time Vecles reached in schedule time but certain incidents expearienced negative Didnt reach at Scheduled time.,4,2026-04-15 06:34:57,English,Negative,0.9992
really disgusting app. unacceptable reliability. The company has told a driver that a Wagon R can take only 3 people which is absurd. Wonder what their reason behind it. Such a stupid company.,1,2026-04-14 22:48:22,English,Negative,0.9998
"Please have an auto cancellation after 1 hour if a delivery partner has not picked the order so we can order from elsewhere. Some times the merchant does not answer. Also, there is still quite a bad delay in the map sometimes. Please fix this.",3,2026-04-14 21:46:27,English,Negative,0.9997
i love it 💗,5,2026-04-14 18:52:01,English,Positive,0.9999
All is well,5,2026-04-13 05:30:56,English,Positive,0.9998
"hi pickme hanks for the wonderful ride experience. its my birthday 11apr and what a good day to get injured in an accident by your professional drivers, and thanks for picking me up from the road while i was laying like a dead body, thanks god that i was wearing a helmet. i am traveling in sri lanka,and i had a flight to London on 12, and i can't walk so i missed it, but thanks to your excellent service.i have broken leg and 2 phones. i haven't get no help. i need answers? why i pay for 📲&🏥",1,2026-04-12 23:08:41,English,Positive,0.9978
so good❤❤❤❤❤❤❤❤❤❤❤❤❤❤❤❤❤❤❤❤❤❤❤❤❤❤❤❤❤❤❤❤❤❤❤❤❤❤❤❤❤❤,5,2026-04-12 19:08:13,English,Negative,0.9548
need to increase there driver search,3,2026-04-12 14:07:27,English,Negative,0.9927
It useful .But during the times of difficulty they try to get use of it.වැස් වෙලාවක pickme දෙම්මොත් 200ට තියෙන එක 800ට amount එක පෙන්නවා...හෙන ගහයි. ඔහම කරොත් ඉතින්.,1,2026-04-11 19:12:04,Sinhala,Not Analyzed,
"The PickMe app is generally good and useful for daily travel. Booking rides is easy and convenient. However, there is a major issue with location accuracy. Even when I enter the correct location with a proper landmark (the same place shown correctly on Google Maps), the app does not seem to show my exact location to the rider. Because of this, drivers often call 4–5 times asking where I am. This creates unnecessary confusion and delays. I kindly request the PickMe team to improve the location",4,2026-04-11 15:09:14,English,Negative,0.9906
app add pc pickme,5,2026-04-11 14:06:19,English,Negative,0.9325
honest driver,5,2026-04-10 16:46:38,English,Positive,0.9998
"I am extremely disappointed with my experience using the PickMe app. What used to be a convenient and reliable service has now become frustrating and unreliable. On multiple occasions, drivers have either accepted my ride and then canceled at the last minute or taken far too long to arrive without any proper updates. It feels like there is no accountability, and customers are left waiting without any clear communication. One of the biggest issues is the timing. The app often shows that a driver",2,2026-04-10 15:34:39,English,Negative,0.9997
excellent 🤗,5,2026-04-10 15:10:32,English,Positive,0.9998
"I waited nearly 2 hours for my lunch to deliver, but no driver accepted the delivery. There was no proper communication or update during the wait. This is very poor service and a frustrating experience, and i will not use this service again.😡",1,2026-04-10 13:30:53,English,Negative,0.9997
Good service 👍 pick me we ❤ this service,5,2026-04-10 12:05:10,English,Positive,0.9987
"Hotline says my account is active, but I cannot login, says User Banned Permanently. I've sent 3 emails, but got no response. Don't ask me to contact the hotline as I'm not getting a helpful answer. Directly give me a contact if you want to help me. How can I support Sri Lankan companies when I'm getting this level of support?",1,2026-04-09 20:26:35,English,Negative,0.9991
i have used pick me sevaral times and it was convenient,5,2026-04-09 10:33:58,English,Positive,0.9479
"Very useful, economicaland easy to find, thatwhy I like tjis service",5,2026-04-08 17:54:03,English,Positive,0.9987
Verry usefully app,5,2026-04-08 16:11:32,English,Positive,0.996
wow,1,2026-04-08 15:20:55,English,Positive,0.9996
service is good,5,2026-04-08 10:15:03,English,Positive,0.9999
gòooooooood,4,2026-04-08 08:34:37,English,Negative,0.6351
வாவ் அருமையான சேவை,5,2026-04-08 08:02:42,Tamil,Not Analyzed,
Great 👍 I love this App,5,2026-04-08 02:11:20,English,Positive,0.9999
all are good but prices are higher than normal,3,2026-04-07 19:04:58,English,Positive,0.9986
worst app..it wasted drivers and passengers time and money,1,2026-04-07 10:06:41,English,Negative,0.9998
"absolutely the worst service ever. it started out good but now since their issue with not being able to use google maps, the app sucks. sometimes drivers go to the drop to pick someone up😑 and the prices seem to be getting higher too, not to mention most of the drivers are unfriendly and without any sort of ethics. they will accept the ride, wait a few minutes and cancel it themselves. worst app ever.",1,2026-04-07 08:10:46,English,Negative,0.9994
quick service,5,2026-04-06 19:11:54,English,Positive,0.9939
friendly user,5,2026-04-06 19:04:15,English,Positive,0.9985
the worst app ever isn't a very good takes lots of time to get a driver and the drivers are very bad,1,2026-04-06 12:02:34,English,Negative,0.9998
some time my option is pick me,3,2026-04-06 09:23:42,English,Negative,0.6225
ride,5,2026-04-06 03:55:33,English,Positive,0.9997
average 🫤,2,2026-04-06 03:01:36,English,Negative,0.6643
good ride,5,2026-04-05 21:40:09,English,Positive,0.9999
Great Service,5,2026-04-05 21:08:19,English,Positive,0.9998
goosd,5,2026-04-05 20:27:12,English,Negative,0.9929
This app is so comfortable and cost effective for me as person💯👍😊❤️,5,2026-04-05 14:14:29,English,Positive,0.9985
i appreciate this app,4,2026-04-05 12:42:43,English,Positive,0.9998
good experience.alwys helpful,2,2026-04-05 10:31:34,English,Positive,0.9998
wery good service. l ❤️ PickMe,4,2026-04-05 07:11:10,English,Positive,0.9987
The drivers on this site is absolutely unqualified as professional drivers. Almost every driver will tackle for extra money.,2,2026-04-04 13:07:37,English,Negative,0.9939
good 👍 &fast app ⏩,5,2026-04-04 11:41:21,English,Positive,0.9998
very good service,5,2026-04-03 23:16:24,English,Positive,0.9999
very easy but some drivers don't like card payments,4,2026-04-03 17:48:57,English,Negative,0.9774
"Very bad experience with PickMe. 1) About 2 months ago, LKR 100 was deducted for a courier order. The rider accepted and then cancelled, but the amount was never refunded. 2) On March 29: - LKR 100 was deducted when placing the courier order. - Later, LKR 250 was deducted again from my card. - Another LKR 250 was deducted from my PickMe coins. Multiple incorrect charges and no refunds so far. I also contacted support but got no response.",1,2026-04-03 17:23:46,English,Negative,0.9994
stole my money,1,2026-04-03 15:01:12,English,Negative,0.9967
very nice bro,5,2026-04-03 11:58:47,English,Positive,0.9999
"""Customer service is extremely poor... they don’t even answer calls... and even when they do, they don’t respond to the actual question asked.""",1,2026-04-03 10:51:21,English,Negative,0.9998
Everything perfect 👌 recommend for everyone 👍🏻,5,2026-04-02 15:56:57,English,Positive,0.9997
very good app,5,2026-04-02 07:04:29,English,Positive,0.9999
best best,5,2026-04-01 18:03:45,English,Positive,0.9998
verry good,5,2026-04-01 17:01:29,English,Positive,0.9998
I ordered some food items in pick me app . and shop said Oder is ready but driver is not connected. I ordered in 12.40 pm now time 16.08 pm still not delivered yet. succha waste app . still I'm in Hungary 😡🤬 and also I called do hot line they're not responding. cutting my call,1,2026-04-01 16:16:26,English,Negative,0.9992
verry bad App,1,2026-04-01 11:51:37,English,Negative,0.9997
bad app,1,2026-04-01 11:49:34,English,Negative,0.9997
Unsafe Helmet,1,2026-04-01 07:05:06,English,Negative,0.9991
srilankan favorite travel partner,5,2026-04-01 03:25:26,English,Positive,0.9979
not recommended trvels,1,2026-03-31 23:30:09,English,Negative,0.9995
mice,5,2026-03-31 17:56:32,English,Negative,0.9922
"😡😡😡මෙම ඇප් එක භාවිතා කළ මගේ අත්දැකීම ඉතාමත් අසතුටුදායකය. Pick Me සේවාව සඳහා මගේ වාහන විස්තර සහ ගෙවීම් කාඩ් තුනක් එකතු කළ පසු, මගේ අවසරයකින් තොරව මුදල් කිහිප වතාවක් කපාගෙන ඇති බව මට ಗಮನ විය. විශාල මුදලක් පැහැදිලි හේතුවක් නොමැතිව අඩු කර ඇත. මේ පිළිබඳව බොහෝ වාර ගණනක් පැමිණිලි කළත් මෙතෙක් කිසිදු මුදල් ආපසු ලබා දී නොමැත. ගනුදෙනුකරු සේවාව ද ඉතා දුර්වලය. දුරකථන ඇමතුම් වලට ප්‍රතිචාර නොදෙයි, ලැබෙන පිළිතුරුද පැහැදිලි නොවේ. එබැවින් මෙම ඇප් එක භාවිතා කිරීමට පෙර සැලකිලිමත් වන ලෙස සියලු දෙනාටම උපදෙස් දෙමි.",5,2026-03-31 14:52:39,Sinhala,Not Analyzed,
"😡😡😡Very disappointing experience with this app. After adding my car details and linking three payment cards for purchases through Pick Me, I noticed several unauthorized deductions from my accounts. A significant amount of money was taken without clear explanation. I reported the issue many times but have not received any refund so far. Customer service is extremely poor, calls are not answered, and responses are unclear. I strongly advise users to be careful before using this app.😡😡😡",1,2026-03-31 14:50:05,English,Negative,0.9996
"set naa dannam,customerta okkoma charges gewanna wela dan...",1,2026-03-31 14:28:12,English,Negative,0.9935
can't log,1,2026-03-31 12:04:46,English,Negative,0.9934
I really satisified with this app. But I have concern in displaying our phone number detail to the drivers. please only allow them to contact us through the app only. Don't share our contact number with them. I had a bad experience on 28th March 2026. The driver called me and scold me in bad words. This is not good.,3,2026-03-31 11:44:12,English,Negative,0.9996
Reliable Service,5,2026-03-31 11:36:10,English,Positive,0.9997
He's an exceptional person. left my cell phone in the car & he brought it back to me which I was so grateful for. gave him Rs500 for his kindness. but he refused to take it. so impressed with his qualities ❤️,5,2026-03-31 09:33:36,English,Positive,0.9978
"Please fix these bugs. Early this morning, I booked a ride and completed it, but then another ride was automatically booked. Now the PickMe driver is shouting at me and insulting my mother.",1,2026-03-31 07:58:09,English,Negative,0.9992
very bad service,1,2026-03-30 22:09:45,English,Negative,0.9998
Bad service provider,1,2026-03-30 17:58:31,English,Negative,0.9998
bad app not safe,1,2026-03-30 16:49:02,English,Negative,0.9998
not safe,1,2026-03-30 16:16:26,English,Negative,0.9998
bad,1,2026-03-30 15:33:42,English,Negative,0.9998
cheap app,1,2026-03-30 15:14:59,English,Negative,0.9996
not safe drive,1,2026-03-30 15:01:48,English,Negative,0.9997
wonderful app.. easy to find a vehicle thanks a lot,5,2026-03-30 14:33:25,English,Positive,0.9998
very unfair taxi service,1,2026-03-30 14:22:58,English,Negative,0.9995
one of the wrost taxi hailing app in sri lanka . anyone don't use this app.,1,2026-03-30 14:14:17,English,Negative,0.9975
worst experience,1,2026-03-30 14:05:40,English,Negative,0.9998
No transparency 👎,1,2026-03-30 14:04:51,English,Negative,0.9995
bad servise 😑,1,2026-03-30 13:48:08,English,Negative,0.9998
worst,1,2026-03-30 13:44:44,English,Negative,0.9998
verry bad company,1,2026-03-30 13:44:44,English,Negative,0.9998
over commetion,1,2026-03-30 13:44:37,English,Negative,0.9588
fake app,1,2026-03-30 13:35:35,English,Negative,0.9997
"Pikme drivers are not paid enough, they ask for more money at the end of a hire we go to. Pikme company should take care of this.",1,2026-03-30 12:23:09,English,Negative,0.9985
wonderful app. made my life so much easier. I am a platinum customer.,5,2026-03-30 11:54:41,English,Positive,0.9998
It's good and fair,5,2026-03-30 08:37:20,English,Positive,0.9998
Driving is good.,5,2026-03-30 06:46:18,English,Positive,0.9999
"no responsibility for the incorrect food delivered.. no refunds. just apologies.. we pay for food. delivery package,late night fees. fuel surcharge, busy time fees and many more but no control or governance over incorrect delivery",1,2026-03-29 22:48:53,English,Negative,0.9986
patta,5,2026-03-29 22:47:44,English,Positive,0.9637
It every time laggs and the location changes either for the driver or for me. I prefer uber.,2,2026-03-29 19:10:44,English,Negative,0.9814
very useful,5,2026-03-29 14:55:16,English,Positive,0.9998
this is good app,5,2026-03-29 14:49:23,English,Positive,0.9999
This app is very usefull❤️,5,2026-03-29 14:19:25,English,Negative,0.555
GOOD 👌,5,2026-03-29 13:07:16,English,Positive,0.9999
"🤮🤮🤮🤮Pickme is the worst taxi app in Sri Lanka, they have hidden fees and the worst customer service.",1,2026-03-29 06:46:56,English,Negative,0.9998
helpfull,5,2026-03-28 20:54:12,English,Positive,0.9971
nice ride .good driving..good driver.. salini... nice driver..salini bike rider..,5,2026-03-28 18:52:22,English,Positive,0.9998
The App is Very Excellent,5,2026-03-28 18:32:52,English,Positive,0.9999
on time and safe travel ensured with tracking facility,5,2026-03-28 18:03:59,English,Positive,0.9958
i don recomend this app some drivers dont accept rides,1,2026-03-28 17:32:13,English,Negative,0.9971
safe driving,4,2026-03-28 16:03:36,English,Positive,0.9996
excellent service at a time like this,5,2026-03-28 13:25:27,English,Positive,0.9998
They sold me a ticket to a cancelled event and made little to no effort on refunding. Id never buy event tickets off this awful platform again. and id recommend y'all do the same.,1,2026-03-28 11:31:46,English,Positive,0.9181
"I purchased tickets from Pickme for NeYo live in Colombo in September, and however the show was cancelled without any reasons only 2 days before the date of the event. I applied for a refund on January and I have been waiting for a refund for three months and nothing happened. DO NOT EVER TRUST PICK ME PLATFORM FOR EVENT TICKETS !!!!!! Dear PickMe, stop doing scams and actively help people who trusted you in the process of returning the tickets.",1,2026-03-28 11:02:30,English,Negative,0.998
"Back in September 2025, I purchased 120k worth of tickets via the Pick Me app for an event. The event eventually got cancelled. It's March 2026 and I'm still waiting on the refund.",1,2026-03-28 09:52:59,English,Negative,0.9983
"This is the worst hide railing, delivery partner and event management partner. Do not fall for their over priced rates. they estimate one rate and then when you get off it magically changes. They also oragnize fake events such as ""NeYo - Live In Sri Lanka"" mark the event as completed after cancelling the event and do not refund the ticket holders money. Before using this unprofessional customer unfriendly app, their customer support is also absolutely horrible. MY ADVICE PLEASE USE UBER",1,2026-03-28 09:43:00,English,Negative,0.9995
Best,5,2026-03-28 09:14:28,English,Positive,0.9998
ok nice,5,2026-03-28 08:54:12,English,Positive,0.9998
"No discounts, the cost is soo much more than uber",1,2026-03-27 11:46:41,English,Negative,0.997
This is an app from a shady company that steals people's money. No one should download this.,1,2026-03-27 08:48:46,English,Negative,0.9983
don't use it.it is not safety and high price some times.,1,2026-03-27 06:48:07,English,Negative,0.9976
They charge more money.. They charge more than 8%...,1,2026-03-26 15:11:54,English,Negative,0.98
"Good.,But Few Problems (account resetting )",4,2026-03-26 14:01:02,English,Positive,0.8518
poor service,1,2026-03-26 11:21:55,English,Negative,0.9997
"PickMe is an extremely poor app. It exploits its drivers and fails to ensure passenger safety. In comparison, Helago is a superior alternative.""",1,2026-03-26 09:36:43,English,Negative,0.9998
over commission,1,2026-03-26 07:28:47,English,Negative,0.9697
"A useless app. No convenience for passengers, they only send old broken vehicles. They only want money. They should switch to Helago and try it. Pikmi is a great old scumbag.",1,2026-03-26 07:28:42,English,Negative,0.9997
worst app ever,1,2026-03-26 07:06:27,English,Negative,0.9998
fakr app,1,2026-03-26 06:56:30,English,Positive,0.8236
A robbery organization,1,2026-03-26 06:50:24,English,Negative,0.9914
worst app ever i used,1,2026-03-26 06:34:47,English,Negative,0.9998
driving ඇප් එක සකස් කර තිබුණා දැනට එය නැවත සකස් කරන්න කියනවා ඒ කියන පිළිවෙල පැහැදිලි නැත,2,2026-03-26 06:19:23,Sinhala,Not Analyzed,
Bad,1,2026-03-26 05:18:12,English,Negative,0.9998
This app is taking too much money from people...and ripping off drivers.,1,2026-03-26 04:13:10,English,Negative,0.9998
Care full cheating app helago is better than pickme,1,2026-03-26 03:52:07,English,Positive,0.9719
"cheating ,its a fraud company cheating driver and the pasenger.",1,2026-03-26 03:11:32,English,Negative,0.999
Evening is good but location tracking sometimes bugs. 💯✊🇱🇰,5,2026-03-26 02:27:17,English,Negative,0.9709
"They always charge more than the amount, and the call center doesn't give any proper answers even when you call. Alternatives like Helago and Uber seem to be better.",1,2026-03-26 02:27:08,English,Negative,0.9989
"this app is not good,😡😡🤮",1,2026-03-26 00:14:30,English,Negative,0.9998
not good,1,2026-03-25 22:01:22,English,Negative,0.9998
good app for all visitors,5,2026-03-25 21:57:42,English,Positive,0.9998
cheating money,1,2026-03-25 20:46:08,English,Negative,0.9987
poor customer service with higher commission rate,1,2026-03-25 18:45:07,English,Negative,0.9996
one of the worst app ever experienced i ordered food it's almost 4hrs delayed still not cable to cancel the order still it's. showing delivery partner assign soon worst app ever,1,2026-03-25 16:35:49,English,Negative,0.9997
user friendly,5,2026-03-25 00:39:46,English,Positive,0.9776
good and hospitality i recommend him for any passengers .respected person,5,2026-03-24 19:08:54,English,Positive,0.9998
I very love this app.,5,2026-03-24 15:54:19,English,Positive,0.9999
very convenient and reliable 👏,5,2026-03-24 15:12:02,English,Positive,0.9993
best services,5,2026-03-24 05:56:41,English,Positive,0.9998
nice app,5,2026-03-23 08:30:38,English,Positive,0.9998
useless at times. useless hotline. food gets delayed at times without anyone being able to settle it.,1,2026-03-23 00:03:14,English,Negative,0.9998
"This all is a scam, don't use it !",1,2026-03-22 13:46:59,English,Negative,0.9998
Very Bad Expirience. Driver completely misguide the instructions given. May be he is done it purposely for increase the hire amount..,1,2026-03-22 12:30:31,English,Negative,0.9998
one tuk tuk drive stole my powerbank and some food while I just went to take dinner at that time he opened my small bag and took the powerbank and some food and specially one things happened after I reached hotel they show me sir your tuk tuk charge was 3492 but while I book that time show 2992 but they ask me as per his mobile tuk tuk app shows 3492 but that time I don't open my app ..after I check in hotel that time I saw that my powerbank was not there so I complaint but no solution..,1,2026-03-22 01:36:00,English,Negative,0.9984
Account blok wats hapand,5,2026-03-21 21:59:19,English,Negative,0.9918
very easy 👌 and very convenient 👌,5,2026-03-21 18:20:28,English,Positive,0.9918
helago ගන්න මුන් බලෙන් ඉන්සූරන්ස් දාලා සල්ලි කපාගන්නේ කාලකන්නී😡😡,1,2026-03-20 18:45:02,Sinhala,Not Analyzed,
worst taxi service,1,2026-03-20 10:04:01,English,Negative,0.9998
very bad because they are crediting 500 each and every month without our permission don't download this app ( for you keep your account safe ).,1,2026-03-20 04:58:07,English,Negative,0.9997
Very nice,5,2026-03-19 20:49:17,English,Positive,0.9999
"‼️‼️I honestly don’t even feel like giving one star for this app. I’ve been using PickMe for a long time, but recently I’ve been facing sudden price hikes that are very confusing. Even when I travel a shorter distance than the estimated kilometers, I get charged a higher price than what a normal tuk driver would take. Sometimes, for the same distance, the fare is much higher than the usual price they charge.",1,2026-03-19 13:22:54,English,Negative,0.9292
easy to transport,5,2026-03-19 11:21:58,English,Positive,0.9995
"Used PickMe for a short ride from Shangri-La Colombo to Gini. Estimated fare was ~LKR 578 (21 mins, no traffic). We arrived and were already seated for dinner by 7:30 PM, yet the app charged LKR 2,497 and shows a trip duration of 1 hour 37 minutes — which is impossible. Support claimed I “requested a longer route,” but that does not explain a fabricated duration after drop-off. This is an obvious billing error and extremely concerning. Use with caution or avoid totally! scammers",1,2026-03-19 10:32:03,English,Negative,0.9978
"Very courteous. Puntual. Suggestion : Under the stars if you can give good, bad etc; it will be easier for the customer to rate the driver.",1,2026-03-19 10:20:38,English,Positive,0.6133
purchased event tickets from them due to trust in company. event got cancelled and no refund as yet 3 months later!,1,2026-03-19 01:57:59,English,Negative,0.9985
what an app amazing by using this app I travel allover Sri Lanka very easy 😍,5,2026-03-18 20:49:26,English,Positive,0.9993
Tried to get taxi from airport to Kadawatha 28/02/2026 Morning. 12 times driver's canseled the trip. finally I did booking with Uber and one go driver accept and picked me. Officer in the airport arraival terminal also not help full is simply rejected my request. Pleas use other service insted of PickMe Pick me has blocked my account insted of taking action against their unprofessional drivers. 😁😁,1,2026-03-18 15:48:11,English,Negative,0.9992
magaginuma aktiya kara atha,5,2026-03-18 11:57:20,English,Negative,0.973
wow amazing,5,2026-03-17 22:10:11,English,Positive,0.9999
"very bad, the delivery is delayed more than 2 hrs and it really worse the customer service couldn't cancel the order, worst",1,2026-03-17 18:40:43,English,Negative,0.9995
good. easy to travel,5,2026-03-17 16:13:45,English,Positive,0.9999
the rob us. rates are too much..,1,2026-03-17 15:15:29,English,Negative,0.9998
Pick me app is very good and very gentle performer but please educate the drivers (who are using this pick me in Batticaloa) to stop start the ride before pick up the passengers and asked the drivers to take the pick me rate only. it's will help us (passengers).,2,2026-03-17 15:03:47,English,Positive,0.9987
friendly driver,5,2026-03-17 00:25:18,English,Positive,0.9997
convinient,4,2026-03-16 20:31:43,English,Negative,0.9297
useless customer service with an outdated app,1,2026-03-16 15:32:55,English,Negative,0.9998
"PickMe drivers are completely useless now. The rates have increased significantly, and to make matters worse, when you book a ride, you have to wait for a long time. Even if it says they’ll arrive in 5 minutes, it takes more than 10 minutes for the driver to show up. PickMe is just not worth it anymore; Uber is much better now. I am deleting the PickMe app today.",1,2026-03-16 12:19:30,English,Negative,0.9996
Excellent service,5,2026-03-16 10:45:07,English,Positive,0.9999
drivers accept rides and then cancel.. periodically and there is no punishment for this behaviour. Uber is a safer choice when available.,1,2026-03-16 08:53:50,English,Negative,0.9292
brilliant,5,2026-03-15 20:04:20,English,Positive,0.9999
"navigation not working, charges increased, too hungry",3,2026-03-15 12:57:20,English,Negative,0.9991
😘❤️,5,2026-03-15 11:16:30,English,Negative,0.6971
your driver alive or die very slow and wast of the time finally i got metter taxi i unistall this app my phone,1,2026-03-15 10:27:06,English,Negative,0.9965
Good app. I found it to consistently underestimate the cost of each trip.,4,2026-03-15 05:24:33,English,Positive,0.9996
"app not working ,opened but still loading screen",1,2026-03-14 19:19:35,English,Negative,0.9946
best for my works,5,2026-03-14 11:35:46,English,Positive,0.9997
nice 👍,2,2026-03-14 10:15:34,English,Positive,0.9998
its great,5,2026-03-13 17:31:43,English,Positive,0.9999
App is very slow.bad service.,1,2026-03-13 16:00:41,English,Negative,0.9998
The app allows multiple possibilities to get scammed by drivers. I cannot recommend ever using Card as payment method as it allows many scam methods. When using cash always monitor the route the driver takes. We were overcharged because the driver took a longer route on purpose. Another time the driver went into the direction of his home town and just threw us out of the car charging the full fare. Pickme support does nothing if you ask for help. They just close the ticket without response.,1,2026-03-13 13:16:54,English,Negative,0.9995
Ordered a cake from sponge kollupitiya. waited more than 1 hour. no drivers to pick the cake. no option for me or for the shop to cancel the order. I went out and bought a cake. celebrated. Still no one is picking the order and I cant cancel the order. I dont need a cake now. this is like a punishment for using pick me app,1,2026-03-13 13:07:27,English,Negative,0.9993
worst.mostly app crash when im ending a trip. take long time to display hire fare. pickme map lag every time when turning. trash.,1,2026-03-13 09:27:08,English,Negative,0.9998
ඇත්තටම වටිනවා,5,2026-03-13 08:34:07,Sinhala,Not Analyzed,
cheating company,1,2026-03-12 23:36:12,English,Negative,0.9991
Yep👍,5,2026-03-12 22:45:16,English,Negative,0.6971
good 👍👍👍👍👍,5,2026-03-12 21:57:12,English,Positive,0.9999
welawakata app eaka mara slow,5,2026-03-12 20:22:56,English,Negative,0.9955
not good service providing,1,2026-03-12 19:39:20,English,Negative,0.9997
this is good travel app💎,5,2026-03-12 14:46:09,English,Positive,0.9998
"Very disappointed with this app. I was charged additional fees (surcharges) without any prior notification, and the extra charge was more than 100% of the original hire amount. Customer support did not provide a clear or satisfactory explanation. I request the developer to review this issue and arrange a refund for the unfair charge. I will update my review once the matter is resolved.",1,2026-03-12 14:23:03,English,Negative,0.9997
not delay good service,5,2026-03-12 11:14:00,English,Positive,0.6841
very satisfied,5,2026-03-12 10:59:40,English,Positive,0.9997
okay,5,2026-03-11 13:19:37,English,Positive,0.9998
𝗼𝗻 𝘁𝗶𝗺𝗲 𝗮𝗻𝗱 𝗽𝗼𝗹𝗶𝘁𝗲 𝘀𝗲𝗿𝘃𝗶𝗰𝗲,5,2026-03-11 10:03:06,English,Negative,0.8832
Very polite driver.,5,2026-03-11 08:06:12,English,Positive,0.9982
very good services,5,2026-03-11 07:48:27,English,Positive,0.9999
worst app for food deliveries.,1,2026-03-10 22:41:14,English,Negative,0.9998
very useful and good customer service,5,2026-03-10 21:58:18,English,Positive,0.9999
very Good,5,2026-03-10 17:42:41,English,Positive,0.9999
no good relationship,1,2026-03-10 08:44:17,English,Negative,0.9996
good ❤️❤️❤️,5,2026-03-09 17:06:25,English,Positive,0.9999
it was fine,4,2026-03-09 12:42:20,English,Positive,0.9999
very good service....for srilankans..,5,2026-03-09 07:35:33,English,Positive,0.9998
I love it!,5,2026-03-09 03:17:57,English,Positive,0.9999
best service,5,2026-03-08 21:41:26,English,Positive,0.9998
"PickMe Srilanka is the most useless, fake app that exists. If you want to be overcharged, scammed, and get actual bills that are twice the estimated bills given, go for it. Good luck with meeting a lot of stupid scammers for drivers and good luck with the PickMe app that doesn't have any algorithms for basic math and gives totally different trip fares before and after you get onto your ride.",1,2026-03-08 17:17:31,English,Negative,0.9994
Cant open,1,2026-03-08 11:42:42,English,Positive,0.9974
Honest rider the ttrawel is best,5,2026-03-08 11:01:20,English,Positive,0.9997
driver did not take me to the destination I book the ride. i had to pay extra.,2,2026-03-07 21:27:18,English,Negative,0.999
so bad I was like waiting for my ride like 20 to 30 min and still didn't came... I book a took took and a bike both didn't came.. great job 👏,1,2026-03-06 08:30:17,English,Negative,0.9995
"absolute worst service ever. Had made an order at 18.30 the cuatomer service team kept lying about arrival time... BTW so did the app... order finally arrived at 2037.. I refused the food as it was soggy. Customer service refused to refund the bill.. Absolutely unethical company, and the people who run it should be ashamed. I am uninstalling the app. Anyone thinking of installing it pls be aware... and a special mention to the operator Masoor (not aure if thats his real name)... Piece of work",1,2026-03-05 20:47:01,English,Negative,0.9998
Supper App,5,2026-03-05 18:39:22,English,Positive,0.9794
it gets long time to update the location,1,2026-03-05 18:01:30,English,Negative,0.9966
taxi,2,2026-03-05 12:12:56,English,Negative,0.9802
very fast delyvery /mnimam proce,5,2026-03-05 12:04:00,English,Negative,0.8175
the worst experience I had . all the drivers are cancelling on me even tho I had a emergency. 3 drives accepted and cancelled. will never use this app ever again in my life I got late for work because of this . never can relay on this app,1,2026-03-04 17:23:47,English,Negative,0.9997
"PickMe is pretty solid tbh 🔗 fast rides, precise tracking, good locations, and the fares feel fair for what you get. Only downside? The driver meetup thing… sometimes it bugs out and shows way off, like 300m away, so gotta walk extra. Annoying but overall still worth it. But I'll give a solid five 🌟.",5,2026-03-04 15:00:28,English,Positive,0.9992
pl'come & colet your helment.,5,2026-03-04 12:53:50,English,Negative,0.5342
"prices are going soooo up, normally I go for 270 now 459.",1,2026-03-04 07:26:28,English,Negative,0.9884
very nice and useful app,5,2026-03-03 17:30:26,English,Positive,0.9999
showing location very weak and,2,2026-03-03 14:23:13,English,Negative,0.9998
"not that much great,navigation sucks, even though we know the shorter route this app shows long road 🫩",1,2026-03-03 12:31:21,English,Negative,0.9996
"PickMe is getting worse day by day. PickMe allows create 'duplicate' PickMe accounts, and even tries to force us to pay the unpaid order value for orders made by the dupe account. A few weeks back, my app was reset twice. Last week a driver left me in a middle of a round trip and charged extra. After a complaint was made the app was not working properly and I updated. Happy to say the app no longer works. And there's no way of knowing what happened with the complaint.",1,2026-03-03 03:43:53,English,Negative,0.9997
"Today I had a very disappointing experience with your service. I have been using this app for the past 8 years, and I have never faced an incident like this before.Today, I booked a ride from Nugegoda to Bodhirukkarama Road. The usual distance is around 2.5 km. When I arranged the PickMe ride, the displayed fare was 265 LKR. Based on that amount, I confirmed the booking. However, at the end of the trip, I was charged 465 LKR. Normally, for this route, even a road taxi charges only around 230 LKR",1,2026-03-02 22:12:45,English,Negative,0.9964
ඔගොල්ලන්ගේ සේවාව හොදයි නමුත් ඇප් එකනම් හොදටම අවුල් අපි බුක්කරන වාහනයට නැග ගමන ආරම්බකලබව ඕගොල්ලන්ගේ සේවාවට හසුනොවේ එතනින් එහාට රියදුරුට ගමන් විස්තර සහ ගමන අවසානයේ ගමන් වියදම පිලිබද විස්තර ලැබුනත් පාරිබොගිකයාට විස්තර කිසිවක් එන්නේ නැත එම වරද හැකි ඉක්මනින් නිවැරදිකරගන්න පාරිබොගිකයා ගෙවිය යුත්තේ රියදුරු කියන මුදලයි වරදක් උවත් දැනුම් දීමට ගමන ගිය බවට කිසිදු සාක්සියක් පාරිබෝගිකයාට ඉතිරිනොවේ.,1,2026-03-02 16:22:56,Sinhala,Not Analyzed,
This app is good travelling supported,5,2026-03-02 16:13:34,English,Positive,0.9993
super cool,5,2026-03-02 10:21:03,English,Positive,0.9999
"I have been very dissatisfied with the pickMe app lately. When ordering pickMe food, the app showed that the order had been accepted, but the restaurant got the order 15 minutes late. After the driver picks up the order, the map doesn't show clearly where he is and the order is 45 minutes late.",3,2026-03-02 08:59:32,English,Negative,0.9993
so super excited good 👍👍👍👍👍👍,5,2026-03-02 00:22:40,English,Positive,0.9999
"I arranged a PickMe Flash delivery to collect a watch worth Rs. 20,000 from a shop. The rider picked up the package but immediately cancelled the ride and has not answered my calls since. It has been over a week, and I have neither received the package nor a proper update from PickMe. We trusted your platform to ensure safe and secure delivery. I am extremely disappointed with how this matter has been handled.",1,2026-03-01 21:11:36,English,Negative,0.9996
Good response..Good driving...Good behavior ..,5,2026-03-01 20:07:28,English,Positive,0.9998
"arrogant , impolite",1,2026-03-01 17:26:04,English,Negative,0.9996
one of the scam platforms,1,2026-03-01 16:16:55,English,Negative,0.9993
prompt action taken,5,2026-03-01 13:50:10,English,Positive,0.999
"I am very disappointed with the service today. I placed an order and the relevant amount was deducted from my account. However, the outlet staff informed me that they did not receive my order. The PickMe team also could not clearly explain what happened. This caused a waste of my time.and also I previously made a complaint regarding a ride. The agent agreed to refund my amount and closed the complaint in the PickMe app about one or two months ago. However, I still have not received my funds.",1,2026-03-01 13:27:06,English,Negative,0.9997
such a slow app,1,2026-02-28 22:36:08,English,Negative,0.9997
මේ ඇප් එක අපේ වැඩ පහසු කරනවා,5,2026-02-28 19:32:52,Sinhala,Not Analyzed,
this is really helpful . i am from srilanka ... srilanka from matara why this app not available in my country.,5,2026-02-28 07:15:48,English,Positive,0.9741
superb & friendly app,5,2026-02-27 22:39:55,English,Positive,0.9999
it's not currently usable,1,2026-02-27 19:29:01,English,Negative,0.9998
when trip ends the charges are very higher than it showed when booking,1,2026-02-27 16:04:21,English,Negative,0.8714
awesome,5,2026-02-27 13:35:10,English,Positive,0.9999
Good ride,5,2026-02-27 06:06:19,English,Positive,0.9999
"pick me driver demanded 1900Rs, but the App clearly said it was 1280Rs, I had to pay, because driver said he was promised by the App the price was 1900Rs, that is why he took the job. Either the driver was a lier, OR, the pickme App is ripping us off. I will go to Uber and pay lot more, because they have been honest",1,2026-02-27 00:34:25,English,Negative,0.9979
etho paravalaa,1,2026-02-26 22:14:24,English,Positive,0.9196
taken through many shortcuts when main roads are ok...,4,2026-02-26 21:26:36,English,Negative,0.9947
"too slow, to have food arrive, we should at least book it 5 hrs before.",2,2026-02-26 14:22:35,English,Negative,0.9997
"Never use the PickMe courier service, it’s extremely disappointing. The deliveries are actually handled by CityPack, and their service quality is very poor. You can check the reviews yourself. When I used this service, it took 5 to 7 days for my parcel to be delivered. I’m very disappointed with the PickMe app.",1,2026-02-26 10:36:38,English,Negative,0.9998
"⚠️Please think twice before downloading this app if you value your privacy and safety. I had a very bad experience. There is no proper customer support, and some drivers behave very unprofessionally. Abuse has been reported, and some drivers even call and scold or try to blackmail customers for leaving negative reviews. This is especially concerning for women’s safety. I strongly suggest using alternatives like Uber instead. Please be careful and stay safe.",1,2026-02-25 23:28:12,English,Negative,0.9992
literally Today Pickme just played with me i booked For A RIDE But Suddenly I dont Know What happened There were 5 to 6 Difference Riders Were waiting on the PiCkup Point at Last I was Forced to Cancel other Rider Booking Even pickme has Charged for That Too Even tho its some PiCkme's Technical Fault Atleast Please Limit Ride booking maximum To 2 Other wise there will be so many issues like this in Future Thank You,5,2026-02-25 21:25:44,English,Negative,0.9975
Very bad my user were block permanently I even didn't do anything. I use this app more than 4+ years.,1,2026-02-25 19:32:55,English,Negative,0.9994
excellent 👌👍 helpful,5,2026-02-24 11:08:22,English,Positive,0.9998
Super,5,2026-02-23 22:41:46,English,Positive,0.9988
Thank you to PickMe for promptly responding to my complaint and coordinating with the supplier. I appreciate the follow-up call and the arrangement made for the refund. It’s good to see that customer concerns are taken seriously and resolved.,4,2026-02-23 11:02:05,English,Positive,0.9997
the best taxi app ever,5,2026-02-22 20:00:22,English,Positive,0.9998
Great.. but price is expensive than Uber.. so I'm not using this app anymore,4,2026-02-22 17:46:08,English,Negative,0.9913
it's very interesting,5,2026-02-22 16:31:17,English,Positive,0.9999
very good option,5,2026-02-22 15:07:23,English,Positive,0.9999
EDIT - 22nd Of February 2026 Really Disappointed With PickMe Service. Still It Shows Different Charges To Same Location. Every Few Minutes It Shows Different Fare. SCAM 🛑 Old Review - Rates Are Changing With In Minutes For Same Location. 181.90 -> 191.90 -> 200.00 Is This SCAM?,1,2026-02-22 10:23:17,English,Negative,0.9987
it takes a long time for a driver to connect. we have even cancelled the events that we planned to go . my husbands abroad so we need a flex or a tuk to go.,3,2026-02-22 07:33:36,English,Negative,0.9994
exalent,1,2026-02-21 16:54:23,English,Positive,0.8446
"""Super convenient and reliable! Makes getting around the city so easy. Highly recommend!""",5,2026-02-20 21:52:06,English,Positive,0.9998
"one of the drivers started the trip before even arriving at my pick up location, I called him and inquired and he said he didnt start the trip, since it already showed me 6mins to my pick up location and started the trip, he then cancelled the trip it was added as a card payment and the total amount deducted even though I didnt get the ride. I complained about this and one agent inquired that I will get my refund ad dumb fellow closed the ticket, 25 days and still didnt recieve my refund, scam!!",1,2026-02-20 21:37:14,English,Negative,0.9994
i have use this app regularly. however now the app doesn't even open. it is not supportive to my phone now.,3,2026-02-19 22:59:43,English,Negative,0.9991
very useful.,5,2026-02-19 11:59:01,English,Positive,0.9998
customer service and problem solving is topnotch comparing to other organizations...👍 keep it up and thank you!,5,2026-02-19 00:09:12,English,Positive,0.9986
best pick up app ever,5,2026-02-18 15:50:39,English,Positive,0.9996
"Honestly, I’m pretty fed up with the service lately. Drivers keep cancelling on me when they’re literally right around the corner, and I’m stuck waiting another 10 minutes for a new ride. It’s ridiculous that I’m being charged cancellation fees when the drivers are the ones wasting my time. It feels like a total double standard, and I’d like someone to look into these charges.",1,2026-02-18 15:38:19,English,Negative,0.9978
"Pick me management must implement a policy where drivers have some control over how they can cancel a ride after its been accepted, I got canceled out twice ( spent 10 minutes waiting for drivers bailing on me ) besides you can never get a ride during peak hours.",3,2026-02-18 13:59:35,English,Negative,0.9994
Not all pickme drivers are honest. Most of them arrive for the hire and then request us to cancel the trip so that they can take themselves the whole amount for the hire. (Rather than give the company's share) so disappointed with such drivers. This happened today with my sister too where the pickme driver had demanded more money than the exact amount. I'd be grateful if an action is taken for such drivers,1,2026-02-18 12:02:59,English,Negative,0.9994
"highly recommend 👌 very fast , and very like",5,2026-02-18 07:22:03,English,Positive,0.9998
I make a ride from katunayaka to kalutara. driver accept the trip and didn't come for long time. I wait for long time and make call to the driver. he didn't pick my call and not respond me. later on I cancelled the trip and found another driver. then you make me lkr 30 as a penalty. because of driver mistake why I should pay,1,2026-02-17 23:45:22,English,Negative,0.9982
The limit of 1000 for ordering from the market by cash is too little and it doesn't accept my debit card for some weird reason. I cannot order anything above 1000 because of this. it's very inconvenient.,2,2026-02-16 19:20:41,English,Negative,0.9996
hen hao,5,2026-02-16 17:54:15,English,Positive,0.7369
Be very careful when using this app. Agree the price before setting off. We did not confirm the price as we assumed it would be the price as given when booked. The driver doubled the distance & therefore the price - we think this is to pay for the trip back but we only went one way.,1,2026-02-16 09:04:09,English,Negative,0.9981
සේවාව ගැන ඉතාමත් සතුටුවෙමි,5,2026-02-16 07:34:32,Sinhala,Not Analyzed,
Driver Hasitha was a very polite chauffeur!,1,2026-02-15 21:39:05,English,Positive,0.9986
sometimes good but many times drivers will accept ride but when I track their location it shows them sitting in a shop some where not moving at all. very annoying.,2,2026-02-15 15:42:14,English,Negative,0.9994
Nice,5,2026-02-15 14:33:08,English,Positive,0.9999
mun hithena hithena welawata ganan wadi karanawane..kalin 340 yana aka ada 535 .henama boka app akak..hoda welqata dan hela go thiyenne,1,2026-02-15 12:47:56,English,Negative,0.9878
Super♥,5,2026-02-15 05:41:02,English,Positive,0.9484
don't get this app 😒 hopeless wasting money and time,1,2026-02-14 22:45:32,English,Negative,0.9981
very helpful ☺️,5,2026-02-14 22:44:58,English,Positive,0.9995
really very helpful.,5,2026-02-14 20:38:40,English,Positive,0.9998
not satisfied,1,2026-02-14 14:46:12,English,Negative,0.9998
From 10th January 2026 I have made three Pick me Market orders from Glomark Kurunegala . Because of items unavailable they amended the prices all three times. But almost one month still didn't receive the refund total ( 5432.72/= ) . I already made 4 complaints through the pick me hotline. Still I didn't receive a refund or proper reply.,1,2026-02-14 14:02:27,English,Negative,0.9991
speedy drive,4,2026-02-13 22:00:13,English,Positive,0.8047
"don't use this app .This app founders doesn't think about their customers.They only think about profit...I once requested a ride none accepted then when I tried again,It increased the fare by 200 rupees...(Was 400 and increased upto 600)What a mess this app is..",1,2026-02-13 15:14:59,English,Negative,0.9998
You have to wait for hours to order food. The prices are very high now. You have to wait for about two hours to get the food. It's a useless app.,1,2026-02-13 14:43:30,English,Negative,0.9998
we downloaded the app but the WhatsApp code never comes even if we tried different numbers several times!,3,2026-02-13 08:02:20,English,Negative,0.9994
nise,1,2026-02-12 19:22:22,English,Negative,0.7908
safety,5,2026-02-12 15:53:03,English,Positive,0.9972
ammage redde app ekak meka ubala thanikara minissu amaruwe dana wada karanne,1,2026-02-12 15:33:50,English,Negative,0.9724
"reasonable prices, and on time arrival",5,2026-02-12 12:05:33,English,Positive,0.9964
fast safe and clean ride,5,2026-02-11 18:52:01,English,Positive,0.9998
"I am very disappointed with the PickMe app. My account was reset twice without any reason, and my Silver membership and ride history were erased. This is unacceptable for a regular user. Also, when I select a car with the highway option, the app shows an actual cost. However, even though the actual kilometers shown in the app do not change, but we went to the location in correct way the final fare becomes higher. This is misleading. I request a clear explanation and a permanent solution.",1,2026-02-11 00:08:24,English,Negative,0.9998
"Remove the surge price , drivers are misusing it, make it available if the journey is bit higher on time than the expected time",2,2026-02-10 20:10:59,English,Negative,0.9983
"Nowadays charges are very high. Even if we take a taxi from the road, it wouldn't cost this much. The drivers are also very rude. Once, I booked a car to go to a wedding. It was a pre-booking for 7:30 p.m., but the driver came early at 6:45 p.m. He kept calling us and scolding us to come early.",1,2026-02-10 07:47:02,English,Negative,0.9958
worst app uber is the best app,1,2026-02-09 19:50:13,English,Negative,0.9881
Driver Chathuranga- polite and careful Driver,5,2026-02-09 19:21:41,English,Positive,0.9986
Never received verification code even after many attempts. If you can't send a verification code to an overseas number how can we trust your service.,1,2026-02-09 04:56:11,English,Negative,0.9952
good to see in Galle,4,2026-02-08 23:28:12,English,Positive,0.9998
Some drivers are not polite to users...,1,2026-02-08 17:05:00,English,Negative,0.999
Good services Some are mostly on time,5,2026-02-08 11:24:51,English,Positive,0.9986
valuable for me,5,2026-02-08 08:49:13,English,Positive,0.9999
"driver always tells us different price, always higher",3,2026-02-07 22:33:49,English,Positive,0.997
"Beware of using this app. It often charges multiple times more than the amount initially displayed. Refunds for overcharged amounts can take up to 7 working days. Even though they claim the refund will be credited as PickMe Points within 24 hours, this usually does not happen either. Also there is no customer service hotline for ""Pickme Rides"".",1,2026-02-07 16:12:12,English,Negative,0.9976
this app very bad because only for one week they get 80 rupees for my very small distance trip. but after one week they asked 200 rupees. this is really not fair. very bad. please don't download this app guys,1,2026-02-07 16:06:45,English,Negative,0.9994
"I forgot my wallet at home and tried to add my bank card to the app. I think I got it wrong twice because I entered the info from memory. my number got blocked by the app. when I call the hotline support, they ask to complain in the app, but I can't get in to the app because my number is blocked. There is no hotline to talk to a real person which is really horrible. Edit. I have been using the app for more than 7 years",1,2026-02-07 11:13:02,English,Negative,0.9997
exellent,5,2026-02-07 09:36:35,English,Negative,0.9928
crappiest app the app doesn't work always have to cancel the hire one of worst apps in srilanka,1,2026-02-07 08:49:50,English,Negative,0.9995
usefulness 🎉,5,2026-02-07 06:00:52,English,Positive,0.9995
"Following the latest update, drivers are bidding for each ride on the PickMe app, much like they would in a casino app. They are wasting our time and money with this poor improvement. Some drivers request cash if the card payment is added.",1,2026-02-07 01:18:06,English,Negative,0.9998
love you pick me.,5,2026-02-06 14:19:57,English,Positive,0.9998
Pickme taxi drivers are super...but pickme food drivers are very slowly,3,2026-02-06 13:22:51,English,Negative,0.9991
if this af not data sharing with other companies like dirty app😜😜😜😜I given 5* stars,5,2026-02-06 12:05:56,English,Negative,0.9959
very fast and affordable,5,2026-02-05 23:22:33,English,Positive,0.9997
satisfied,5,2026-02-05 17:33:53,English,Positive,0.9997
can't install,1,2026-02-05 09:52:46,English,Negative,0.9988
Customer Rides Record and Made Scam by adding high cost when return,1,2026-02-04 22:22:33,English,Negative,0.9931
"Dear Team, I am writing to share a suggestion regarding your application's user experience. ""I request you to enhance the application in the future by incorporating Accessibility features, such as Screen Reader support, to ensure it is easily usable by visually impaired individuals. This will make the application a truly inclusive platform for everyone."" Implementing these features would greatly assist users who rely on assi",5,2026-02-04 19:04:42,English,Positive,0.9987
my app ain't working properly. it always says current location is not available.,1,2026-02-04 14:17:13,English,Negative,0.9998
This app couldn't download in my phone some issues to download tha app please check the error and solve the error quickly. This is our recommend. Please consider it...,1,2026-02-04 13:08:21,English,Positive,0.9932
good helpful,5,2026-02-04 11:12:52,English,Positive,0.9998
very safe,5,2026-02-04 10:57:00,English,Positive,0.9998
very very good app fantastic and definitely good app,5,2026-02-03 21:15:49,English,Positive,0.9999
"application is full of bugs that drivers use to exploit riders, to name one; app allows drivers to start and end rides wherever they please regardless of if it is the correct location which drivers exploit by traveling long random distances which automatically gets billed to the riders card with no power from the rider reply if the trip was completed or not, this is just one issue out of a few, absolutely disgusting app, Uber and helago are miles better with mechanisms to prevent drivers exploit",1,2026-02-03 17:19:55,English,Negative,0.9995
"horrible, no vehicles",1,2026-02-03 14:48:12,English,Negative,0.9995
"After a trip or delivery in the final bill why is the ""total trip fare"" is bolder than the ""paid amount"" which is after a discount? Isn't that the amount we are suppose pay and shouldn't it be in bold so that it's easier to see. Even though i get the discount, most of the time when i send any thing for delivery, the person who is carrying is charging the undiscounted amount? Is that an issue in your pickme drivers app? Please look into it.",3,2026-02-03 13:09:15,English,Negative,0.9658
"Do not use this app, useless app, there is no customer support, When driver cancel trip we have to pay additional amount. Please use UBER instead.",1,2026-02-02 18:59:21,English,Negative,0.999
fine,5,2026-02-02 18:07:11,English,Positive,0.9998
"Best App, Good service and easy to use No bugs at all",5,2026-02-02 16:30:29,English,Positive,0.9996
Doesn't work in Weligama. No driver accept. Sometimes they drivers accept the ride but do not come and the app charges you for cancelling,1,2026-02-02 16:27:32,English,Negative,0.998
a very good app,5,2026-02-02 15:54:40,English,Positive,0.9999
"don't install,no driver to this app",1,2026-02-02 10:29:31,English,Negative,0.9965
"placed a food order 2 hours ago, not delivered yet, and failed to assign a rider, pathetic service",1,2026-02-01 20:58:28,English,Negative,0.9998
එක driver කෙනෙක් වත් ‍ride එක ගන්නෙ නැ 💩💩💩,3,2026-02-01 16:14:52,Sinhala,Not Analyzed,
good app and good service,4,2026-02-01 15:14:23,English,Positive,0.9999
"worse , they have given an update in driver app ,it goes like only 3 seconds hire will available and after that it pass for some other driver it keeps going like that, finally no driver will pick the hire",1,2026-02-01 14:08:49,English,Negative,0.9995
hutte driversla ekekwath trip eka bara ganne na,1,2026-02-01 13:20:41,English,Negative,0.9962
Unsatisfactory customer service,1,2026-01-31 15:16:27,English,Negative,0.9995
good journey. always,4,2026-01-31 13:30:30,English,Positive,0.9999
Terrible,1,2026-01-31 10:38:43,English,Negative,0.9998
Cant download,1,2026-01-30 17:03:54,English,Positive,0.9937
good biver but bad map,5,2026-01-30 11:30:09,English,Negative,0.982
"PickMe is a versatile and essential app for getting around Sri Lanka and ordering food or deliveries with ease. It combines ride-hailing, tuk-tuks, food delivery, and even logistics in one place, making it a great all-in-one solution for daily needs. Users appreciate the convenience of live driver tracking and flexible payment options",5,2026-01-30 10:01:36,English,Positive,0.9996
very good friendly service app good service,5,2026-01-30 08:27:54,English,Positive,0.9998
👍 good,5,2026-01-29 18:20:36,English,Positive,0.9999
ඇප් එක නම් හොදයි හදිස්සි වෙලාවට පිස්සු නටන්නේ නැත්නම්,5,2026-01-29 17:48:05,Sinhala,Not Analyzed,
The surge cost added as additional charge. It exceeded the normal taxi fare. This was happened to me many times from pick me app. So bad,1,2026-01-29 17:03:27,English,Negative,0.9997
please upgrade your map and locations,5,2026-01-28 22:20:29,English,Positive,0.9163
Worst experience ever had. Riders don't take the rides when it is urgent. 👎🏻,1,2026-01-28 13:55:01,English,Negative,0.9997
safety app 100%,5,2026-01-27 10:57:17,English,Positive,0.9866
very unpleasant unethical driver,1,2026-01-27 10:37:32,English,Negative,0.9995
Very useful app,5,2026-01-27 09:11:49,English,Positive,0.9996
use full...,1,2026-01-26 21:47:45,English,Negative,0.8871
you can lest the price in jaffna,5,2026-01-26 16:03:49,English,Negative,0.948
pick me is the best platform to book a ride in srilanka,5,2026-01-26 12:25:07,English,Positive,0.9998
"Jan 14th 2026 The driver of the Pickme Nano car arrived early, was polite and nice. He drove me to my destination without fuss.I was satisfied. Except,he had overcharged me.I did not check.Pickme credited the money. So no worries. Thank you Pickme.! However in October 2025 I had a bad experience..... The lorry I hired was v. late. Pickme had told me the charge for 3Km was 1800/. The driver charged 1900/- He lied n said the distance was 5 Km ,whereas it was even < 3Km. Complaint ignored??",3,2026-01-25 22:36:16,English,Negative,0.9901
Very bad experience the pickme driver picked up my order and called and told he can't deliver it because it was card payment so I asked him to cancel so that I could get another driver. But then he didn't cancel and it also showed picked up on the app.So I didn't have an option to either cancel or complain even the 24 hrs customer care number didn't work and still it shows my order will be delivered even after hours. They even charged me for my order,1,2026-01-25 22:30:16,English,Negative,0.9946
"godak hodai, ee wunata mage tab eke meka loading wenne nehe",5,2026-01-25 10:18:27,English,Negative,0.9843
වැඩක් නෑ,1,2026-01-24 19:00:15,Sinhala,Not Analyzed,
to slow,1,2026-01-24 16:55:20,English,Negative,0.9995
During last few rides actual fee was way higher than estimated fee. It was on top of me seeing driver (location) somewhere else and driving seeing me somewhere else. Idk whether these location errors led to the price hikes.,3,2026-01-24 13:17:40,English,Negative,0.772
excellent drivet,5,2026-01-24 07:05:38,English,Positive,0.9998
this is the very important app,5,2026-01-23 17:33:50,English,Positive,0.9997
bad update,1,2026-01-23 17:18:03,English,Negative,0.9997
"My friend 7xNova had a terrible experience with PickMe Food today. He waited almost 2 hours for his lunch order, but no driver was assigned. By 4.45 PM, he was still starving and hadn’t eaten anything. After contacting customer support, the order was simply cancelled. This is unacceptable for a food delivery app. 7xNova is a loyal customer, and experiences like this will make PickMe lose good customers. Very disappointing service.",1,2026-01-23 16:51:59,English,Negative,0.9997
buck you,1,2026-01-23 16:46:27,English,Positive,0.9989
"Extremely disappointed with PickMe Food. I waited over 1 hour and 30 minutes and no driver was assigned in Colombo. After contacting customer care, my order was cancelled. This level of delay and poor support is unacceptable for a food delivery service. I won’t be using PickMe Food again. Uber Eats provides a much better experience.",1,2026-01-23 16:27:21,English,Negative,0.999
"it doesn't show anything correctly, the app is always wrong!",1,2026-01-23 15:48:04,English,Negative,0.9998
Pickme membership is literally a trash no delivery partners would be founded since the delivery is free literally waited more than 3 hours and yet they refused to cancel and refund my money,1,2026-01-23 14:19:47,English,Negative,0.9874
one of the worst customer service.,1,2026-01-23 13:55:07,English,Negative,0.9998
chathura,5,2026-01-23 12:35:52,English,Positive,0.9668
Excellent. Very good Coordinator. thanks.,5,2026-01-23 11:56:04,English,Positive,0.9999
Reliable,5,2026-01-23 10:59:14,English,Positive,0.9998
"again Horrible Experiences as I always find myself late to certain places, because app has issues finding drivers and prices for rides are crazy",1,2026-01-23 09:01:20,English,Negative,0.9986
showing wrong location,5,2026-01-23 06:43:49,English,Negative,0.999
driver charged more than mentioned.,1,2026-01-22 14:28:06,English,Positive,0.9935
Good experience,5,2026-01-21 18:08:50,English,Positive,0.9999
Best Service 😎👍,5,2026-01-21 00:36:18,English,Positive,0.9996
very easy app.They are doing their best. keep it up the good work always!,4,2026-01-20 21:28:42,English,Positive,0.9999
very useful application thanks !,5,2026-01-20 15:42:22,English,Positive,0.9998
My OTP Nambar is not taking what is the reason......,1,2026-01-20 06:42:42,English,Negative,0.9996
grt app,5,2026-01-20 03:57:07,English,Negative,0.9743
"The tuks are constantly roaming around, and they are not accepting the hire when we try to book. Totally disappointed.",1,2026-01-19 07:59:53,English,Negative,0.9997
usefully app,5,2026-01-17 23:35:49,English,Positive,0.9975
If you can add Diesel Three wheeler option It will be really helpful,4,2026-01-17 12:07:47,English,Positive,0.9929
driver isgood,5,2026-01-17 09:36:55,English,Positive,0.9857
wedi app,5,2026-01-16 20:14:22,English,Negative,0.9484
"one of the worst apps you can come across. the coustmer support does not talk , they won't respond. wrist experience of srilanka.. pathetic. use some other app for bookings",1,2026-01-16 16:00:34,English,Negative,0.9998
Driver has Good P.R. and good carering passengers.,4,2026-01-16 14:26:40,English,Positive,0.9998
tooo bad experience i scary with is drivers,1,2026-01-16 12:26:42,English,Negative,0.9985
"pick mee is the very very careless company in srilanka, it has very bad and poor custermer service",1,2026-01-15 22:14:01,English,Negative,0.9997
App is malfunctioning. showing wrong distance and charging for that distance. It showed 7.7 km fir my 1.2 km route and charged 741/=,1,2026-01-15 17:32:30,English,Negative,0.9996
I'm a very regular customer with pick me and sorry to say my trip with this perticular driver was disgusting he kept spitting beetle right throughout my trip back home from Makola to ragama. also was speeding like crazy.,2,2026-01-15 06:37:48,English,Negative,0.9985
Only useful to measure trip cost. Drivers constantly cancel rides when they are almost at the pick up point. At this stage the app is useless except to get an idea of what a trip should cost before haggling with a driver from the roadside. Drivers should be penalised if they cancel a ride after accepting. I will use Uber from now on.,2,2026-01-14 14:54:05,English,Negative,0.9998
bad...,1,2026-01-14 14:42:51,English,Negative,0.9998
"Worst app. driver not educated. map is not working, charge is high scammers",1,2026-01-14 13:44:40,English,Negative,0.9998
very good happy good service by Mr salaman,5,2026-01-14 06:39:56,English,Positive,0.9999
good pickme,5,2026-01-13 21:31:39,English,Positive,0.9998
"Very disappointed with PickMe. This new bid +100 system is unfair to passengers. Even for normal rides, we are forced to pay extra to get a driver. If we don’t add a bid, rides don’t get accepted. This is not customer-friendly at all. I uninstalled PickMe and switched to Uber. Please rethink this system.😕🤷‍♀️",1,2026-01-13 17:06:39,English,Negative,0.9997
"I had no complaints about this app until this last update introduced driver bids to tuks, which has made the app impossible to use. I switched to ride hailing apps to get away from the haggling, not for them to reintroduce it as a feature. The app already does surge pricing, add the bids the drivers put in and it becomes more economical to just hail a meter taxi instead.",2,2026-01-13 15:52:11,English,Negative,0.9985
inefficient to use in an area like colombo Time wasting,3,2026-01-13 08:19:34,English,Negative,0.9981
I decided to change to PickMe after having bad experiences with Uber. PickMe has been decent so far. but Uber drivers are clearly better at communication and etiquette compared to PickMe drivers. pls bring the OTP safety feature like Uber would also be a big improvement. Like if these changes are made pretty sure most people would prefer pick me than Uber,5,2026-01-12 23:01:59,English,Negative,0.9193
very disappointed about bidding option and bidders,1,2026-01-12 11:11:58,English,Negative,0.9997
pickme is good but pickme map is very bad don't use pickme map,1,2026-01-12 11:07:32,English,Negative,0.9801
good 👍 app,5,2026-01-12 02:46:26,English,Positive,0.9998
This used to be a good app and not anymore. customer service is very bad and when i am trying to order some food all the outlets keeps saying pick up only and this is so annoying and i can't even oder! and when i am trying to call them and complain about this issue i have to wait 20 minutes on a call queue.,1,2026-01-11 21:58:36,English,Negative,0.9994
The most cheating app... when the rides are not available what they do is they provide to give offers for the drivers... which is higher than normal app rate... again its like we are hiring normal taxi on road... no matter what they are focusing on their commission only not to provide affordable taxi.... its hell of joke now...,1,2026-01-11 12:05:24,English,Negative,0.9967
"PickMe rates are the best because they are affordable, transparent, and fair for customers. The pricing is clearly shown before booking, so there are no hidden charges. Compared to other services, PickMe offers good value for money with reliable drivers and quick service. This makes it a convenient and budget-friendly choice for daily travel.",5,2026-01-11 08:46:21,English,Positive,0.9992
upgrade but 0 performance sometimes stuckingggg,1,2026-01-10 18:18:08,English,Negative,0.9952
goooooood,5,2026-01-10 12:01:16,English,Positive,0.5094
super 👌,5,2026-01-10 09:12:46,English,Positive,0.9332
Guud,5,2026-01-10 08:59:08,English,Positive,0.58
not even getting a ride faster there was don't even they accept our ride if it gives low very bad,1,2026-01-10 08:24:38,English,Negative,0.9992
So far so good,4,2026-01-10 07:42:28,English,Positive,0.9998
friendly,5,2026-01-09 22:51:33,English,Positive,0.9998
Good app for transport. But some times couldn't find drivers and delivery partners .But this app is cheap . An also app software is problem.Thank you Pick me,3,2026-01-09 15:49:47,English,Negative,0.9963
me huththa melo rahak na eka pakekwath oni welawata ride eka ganne na,4,2026-01-09 13:39:54,English,Negative,0.9941
pick me is good then it's need more bickes,3,2026-01-09 11:09:26,English,Negative,0.7194
"i've used pickme for years, but the new version doesnt work work on my phone. Im wondering why there isnt backward-compatible version for older phones.",1,2026-01-09 10:53:35,English,Negative,0.9993
"Very disappointed with this app. My food was marked as “Ready” for an hour, but no driver was assigned during that time. The food was just sitting at the restaurant, I had to call support myself. This is unacceptable service, especially when customers are paying delivery fees.",1,2026-01-08 20:56:02,English,Negative,0.9997
can't get my email adjusted,1,2026-01-08 18:45:26,English,Negative,0.9994
"As far as I understand, I'm posting this as the best app I've ever seen. Keep up the good work Pickme. Much Love!!! ❤️",5,2026-01-08 17:50:03,English,Positive,0.9998
"buggy App. Still looking for a driver hours after I canceled. tried it 10 times but just won't cancel. No possibility to report canceled rides. many come, then cancel and say you just pay me cash without the app.",2,2026-01-08 08:49:19,English,Negative,0.9984
won't let me delete my account after leaving the country. at the very last step it just doesn't work. help/support doesn't exist for the app. also had issue with driver fraud and there was no way to contact the company. they list a number but no one answers. theres no email to contact. it's kind of your only viable option in most of the country outside of Colombo. But expect the drivers to call you and demand cash payment. pick me offers none of the limited security features Uber offers.,1,2026-01-08 01:05:42,English,Negative,0.9996
better than average,4,2026-01-07 23:42:06,English,Positive,0.9998
"100% safe application drivers all friendly ✅️ charger best ✅️ tuk tuk ✅️ car ✅️ drivers safe ✅️ Long time ride pick me 1st time I'm riding bike on the way bike Tire air low driver cancelled ride he left I don't know that location I'm new so that time I'm unsafe experience please fix this type of problem Automatically send other riders' locations please my kind request A lot of the time, I'm i was tipped because of riders' kindness we need pick me Srilanka Go ahead, pick me app successfull",5,2026-01-06 23:23:47,English,Negative,0.8138
"very nice , driving very safety.",5,2026-01-06 17:37:36,English,Positive,0.9998
I'm booked for emergency purposes but pikme app 1st 2 attamt not not booked but the 3rd attempt that app show very high prices just 40rs different bike to tulk at tha seam destination bad very bad bicus sometimes price are unstable very high prices show in display I'm,1,2026-01-05 07:57:19,English,Negative,0.9988
GOOD,5,2026-01-05 01:30:07,English,Positive,0.9998
its very safe and low budjet,5,2026-01-05 00:50:20,English,Positive,0.8392
"Pickme food is terrible now, got the order cancelled 2 times after waiting for 3 hours in both tines. one time I placed the order at 7.00 pm there were no rider till 10.00 so we called the hotline and waited another 30 mins until someone picked up. They said a driver just picked up but it didn't get updated in my app, but we waited another 45 min, nothing happened so we called again and they said the same ""Driver just got assigned"". Just use uber eats, way better experience",1,2026-01-04 22:33:31,English,Negative,0.9992
it is so useful in emergency,5,2026-01-04 19:29:35,English,Positive,0.9888
😡😡😡😡😡,5,2026-01-04 19:03:07,English,Negative,0.6971
"fantastic app,",5,2026-01-04 17:10:57,English,Positive,0.9999
Super experience But service depends on driver,5,2026-01-04 14:32:13,English,Negative,0.6266
Everything was well till last year. What's with the high prices? Huh?,3,2026-01-03 16:46:42,English,Positive,0.9706
Very bad attitude. Cancelled trip without permission. Doesn't know how to speak well to customer. Don't care attitude.,1,2026-01-03 15:30:54,English,Negative,0.9998
මල්ෂාන්,5,2026-01-03 15:21:33,Sinhala,Not Analyzed,
Riddled with multiple bugs and QC issues. The fact that drivers can call you after the hire or after cancellation is unacceptable. The Map is horrible and often doesn't show where the driver is.,2,2026-01-03 11:39:04,English,Negative,0.9997
I am a flash rider. my app is temporary block I have been to your office 10 days since then they have not reactivated please reactivate ASAP,5,2026-01-03 10:43:00,English,Negative,0.9946
safe travels,5,2026-01-03 10:03:54,English,Positive,0.9998
in 2025 pickme prices are reasonable ..but now it's not..prices are high..n not affordable..😐,1,2026-01-03 08:35:29,English,Negative,0.9995
woow wonderful,5,2026-01-03 08:28:09,English,Positive,0.9998
Good luck trying to cancel. The app itself works fine to order rides. But I discovered that it was charging some monthly fees with auto renewal. There was no option to cancel it even if it is supposed to be possible online. I had to write to support who never answered me but it seems that they cancelled my subscription. Same thing happened when I tried to delete my account. I did the online steps and ended with an error message. I don't recommend that app.,2,2026-01-03 08:26:05,English,Negative,0.9993
Excellent Actual price is far above the estimated value.,3,2026-01-02 15:33:18,English,Positive,0.9991
very bad service in srilanka because my hire is cancelled so I can't get any vehicle to go my trip,1,2026-01-02 10:03:42,English,Negative,0.9997
Star points doesn't get updated. Driver call & they cancel the ride. During heavy rain App doesn't work. Worst App ever. Before starting the ride shows one amount when you get down shows double the amount.,1,2026-01-02 09:32:35,English,Negative,0.9997
worst customer help team had to wait more than 30 minutes for them to pick up and they did not pick up at all -10 customer support hotline,2,2026-01-01 22:57:48,English,Negative,0.9998
There's a mistake I'm a gentleman and why are you sending msgs as' Upali nona',5,2026-01-01 21:08:18,English,Negative,0.9996
"The driver bids feature is going to end pickme for good. Today, a Suzuki Celerio driver bid +1000 for a ride with an original estimate of Rs. 1600. What do you think, PickMe?! Fair??",1,2026-01-01 18:23:30,English,Negative,0.9886
Great service,5,2026-01-01 17:28:46,English,Positive,0.9998
"Absolutely, this app so useful and very easy to transpotation love you pick me ❤️❤️",5,2026-01-01 13:16:57,English,Positive,0.9995
very good 👍,5,2026-01-01 04:59:31,English,Positive,0.9999
"the driver started the trip where he parked. I several times complained and even begged to start the trip from my pickup location, but he never listen. He argued that he started the trip in my pickup location. for this reason I have to pay RS. 350.00 extra. (He charged RS. 1400.00)",1,2025-12-31 17:43:52,English,Negative,0.9966
Superb app,5,2025-12-31 16:27:14,English,Positive,0.9998
"Prices are all okay, but most of the vehicles are not in good condition, and fares sometimes change from start to stop.",4,2025-12-31 13:35:52,English,Negative,0.9975
best taxi app,5,2025-12-30 18:33:40,English,Positive,0.9994
very good 💯,5,2025-12-30 14:22:48,English,Positive,0.9999
it is good,5,2025-12-30 11:56:45,English,Positive,0.9998
Please add double charge (or similar) option for non-residence foreigners.,5,2025-12-30 11:29:41,English,Negative,0.9445
good rider,5,2025-12-30 10:42:10,English,Positive,0.9999
not recommend,1,2025-12-30 07:15:26,English,Negative,0.998
"My heartfelt gratitude to Atastha for providing a comfortable and convenient journey at a very reasonable price❤️‍🔥🫂 There is now big news that some three-wheeler owners in Sri Lanka who are making money unfairly are protesting😅💔 The public is already giving you the strength to continue this service you are doing without giving up on anything. Don't be afraid of anything, we are always with you",5,2025-12-30 01:27:28,English,Positive,0.9997
super ap,5,2025-12-29 15:42:36,English,Positive,0.9981
why it takes ages to order something even if it's not further from my location fix it,1,2025-12-29 15:09:59,English,Negative,0.9984
Not working on huawei devices,1,2025-12-29 13:31:47,English,Negative,0.9996
❤️❤️❤️❤️,5,2025-12-28 14:18:18,English,Negative,0.6971
phone on drive,2,2025-12-28 10:07:57,English,Negative,0.799
"I'm from k funny short films YouTube channel, like to travel worldwide,when i was visiting Sri Lanka i could use the app. It's working well with my IOS and Android ❤️",5,2025-12-27 17:10:11,English,Positive,0.9991
There is always an issue with the precise location marking for picking up. Every time I try to mark a specific location and that location shows the driver somewhere else. Very frustrating!,2,2025-12-27 16:00:34,English,Negative,0.9991
arrival prompt,5,2025-12-27 07:54:27,English,Positive,0.9961
Scammers.,1,2025-12-26 23:22:19,English,Negative,0.9996
Ordered Food and stayed 1 hour but no riders there. so i picked the food that the Merchant prepared by my self and merchant got a complaint. Worst app and Worst Service ever. don't order food via Pickme,1,2025-12-26 22:53:18,English,Negative,0.9998
Good pickme👍,5,2025-12-26 19:19:20,English,Positive,0.9999
actually it is a good app than apps and the vehicles are more cheaper than the other vehicles,5,2025-12-26 15:46:36,English,Positive,0.9994
very helpful app thanks,5,2025-12-26 10:34:25,English,Positive,0.9998
no annoying ads,5,2025-12-26 07:48:47,English,Positive,0.9922
best app,5,2025-12-26 07:24:45,English,Positive,0.9997
lad,5,2025-12-25 21:24:17,English,Positive,0.9948
this is amegerncy service and I like this app,1,2025-12-25 20:55:37,English,Positive,0.9923
pickme,5,2025-12-25 19:16:00,English,Positive,0.7544
hi good job,5,2025-12-25 16:29:40,English,Positive,0.9998
👍👍👍,3,2025-12-25 14:32:27,English,Negative,0.6971
wadoda eldeniya charge,5,2025-12-24 23:19:54,English,Positive,0.9871
"The quality of this service has gone down. I ordered food and the driver arrives with the wrong order from a different shop. When I mentioned this wasn't the order, he told me to wait and that he will come back in 5 minutes. I can see he goes back to the shop and starts coming back towards my location again. By this time it's 2 hours since I ordered. Halfway through the return trip he marks the order as complete and the payment goes through. 2 weeks after complaining still waiting for a response",1,2025-12-24 14:00:53,English,Negative,0.999
Disappointed with surge pricing. A short normal ride suddenly costs more. There’s no transparency and no option to avoid it. This feels unfair I could just catch a tuk tuk on the main road for cheaper. If surge pricing is applied at least warn users clearly before booking.,3,2025-12-24 13:45:08,English,Negative,0.9998
great service,5,2025-12-24 11:44:55,English,Positive,0.9998
Best Perform App Low Cost 👍,5,2025-12-23 21:10:00,English,Positive,0.899
"used to love it & sing praises 1. since about 2 months, hotline isn't working. I loved their customer care before there some very intelligent girls who would follow up and problem solve like pros 2. experienced driver bids and didn't like it at all, the good thing with pick mes was that drivers couldn't be rude to us the customers but now its flipped and the driver is dictating their terms to us not pick me saw many posts about helago, waiting for the passenger version to download",1,2025-12-23 20:57:13,English,Negative,0.9775
some times drivers ask for double payment,4,2025-12-22 21:08:35,English,Negative,0.9899
"Experience is . you get scammed all the time 9 out of 10 drivers will try to take long routes intentionally to increase price. or start the trip before even picking up the passenger, these are few. app is full of bugs, maps aren't accurate, UI is really clunky. Please use other apps instead of Pickme.",1,2025-12-22 07:28:03,English,Negative,0.9996
worst courier service ever... took more than 3 days and my parcel hasn't reach the location... so very disappointed,1,2025-12-21 18:54:03,English,Negative,0.9998
GPS system is very bad,1,2025-12-20 22:50:22,English,Negative,0.9998
super in food,5,2025-12-20 21:53:03,English,Positive,0.9996
WHERE IS THE DARK MODE IN THIS APP MY EYES ARE LOSE 30% OF ITS LIFE SPAN JUST BY USING THE APP,2,2025-12-20 21:15:40,English,Negative,0.9996
patta padiuii wedak ne bug wediii Moda App ekke huttha,1,2025-12-20 20:10:11,English,Negative,0.9906
Because of the new bid option it's really hard to book a taxi fast.,1,2025-12-20 19:51:15,English,Negative,0.9997
I am trying to book a trip and I am unable to It took me to drivers app And I couldn't come out of and I had to cancel an urgent meeting I have lost so much not attending the meeting,2,2025-12-20 18:59:01,English,Negative,0.999
some time charges will be change rather estimate price.,3,2025-12-20 18:01:37,English,Negative,0.9929
not working,1,2025-12-20 14:48:39,English,Negative,0.9998
"company is cheating on fare.. Most of the trips the app is adding additional LKR 100/- at the end of the trip as a surge, which is not inform to the customer at the time of booking the hire. This is cheering and covering information to the customer. Its also a violation of consumer rights. If the book is made withing a surge period it has to mention that on cost estimation. pick me is trying to show that it's price is cheeper compared to other rider apps, but it is not at the end of the trip",1,2025-12-20 14:39:49,English,Negative,0.9974
great driver,5,2025-12-20 14:23:31,English,Positive,0.9998
😊😊😊,5,2025-12-20 13:29:33,English,Negative,0.6971
Good 🤗,5,2025-12-20 12:10:05,English,Positive,0.9999
The map doesnt work at all. when you pinpoint a location for a food order different one get placed. some random person would receive the order.,1,2025-12-20 11:46:02,English,Negative,0.9996
we are literally unable find a vehicle in a few minutes. this is very bad app,1,2025-12-20 11:43:13,English,Negative,0.9998
easy to use,5,2025-12-19 21:21:14,English,Positive,0.9989
this very quick this is better then anchor apps,5,2025-12-19 19:56:32,English,Positive,0.8592
map is not working 😐,1,2025-12-19 18:51:55,English,Negative,0.9998
"pickme you are poor. My Android version is 11go edition. your app is not supported to me. my account , reward point and membership is i cant use . please give update to us.",1,2025-12-19 16:25:49,English,Negative,0.9995
keeps loading from long time,1,2025-12-19 14:22:39,English,Negative,0.6786
Very good app and easy to use👌,5,2025-12-19 12:03:09,English,Positive,0.9998
"akram was a honest person, he returned my house keys after 1 hrs. I can recommend him, hope all pick me driver will have the same honesty",5,2025-12-18 22:47:34,English,Positive,0.9993
awful. simply awful.,1,2025-12-18 22:15:45,English,Negative,0.9998
"The ""Dibbing"" feature has ruined pickme. Drivers are not accepting rides at the normal price now and are only accepting dibs. So we end up having to pay way more just to get a ride. It's ridiculous! Wasn't the whole reason people switched to ride sharing apps to avoid surcharges by road taxis? I might switch to uber full time or another app because of this.",1,2025-12-18 15:34:55,English,Negative,0.9998
"I’m very disappointed with PickMe. This is the third time drivers have accepted my ride and then cancelled without any reason, both during the day and around 7–8 PM. Some drivers also start uncomfortable conversations during trips, and a few even ask for extra money, claiming they don’t earn enough from the company. This is unacceptable. After repeatedly facing these issues, I feel it’s time to uninstall the app.",1,2025-12-17 21:08:31,English,Negative,0.9998
"The previous Pick Me app was good. But, after giving a new update for the Pick Me app, it makes so many problems. Rude app. please update your systems properly as Uber.",1,2025-12-17 14:03:09,English,Negative,0.9945
worst service ever. never trust pick me drivers. they will waste your time. they got bookings and nobody came to pickup. just wasting time . and thair hot line is worst than thair service. they never respond customers. newer trust this service..,1,2025-12-16 23:10:35,English,Negative,0.9997
"This app used to work perfectly, but now it is almost impossible to get a ride esp in Colombo. The app searches indefinitely without ever allocating a driver. I can no longer rely on this service.",1,2025-12-16 22:42:45,English,Negative,0.9914
hate this because of bidding options. no drivers picking up the ride until they have the chance to bid and take a higher price from the users. so disappointing,1,2025-12-16 22:03:51,English,Negative,0.9998
excellent❤️❤️,5,2025-12-16 21:23:21,English,Negative,0.6971
This app is so good 👍😊,5,2025-12-16 17:20:50,English,Positive,0.9998
"Terrible, so unreliable. Easy to use, pay by card or cash but the drivers confirm and then they cancel so you have to rebook but already waited 10mins. Then the second and third driver also cancel and now you wait 30mins and late for dinner. however all the drivers that did show up were super nice and cars very clean.",2,2025-12-15 21:51:53,English,Negative,0.8317
hey pickme can u add the ride vehicle colour cuz its easy to find the right vehicel,4,2025-12-15 17:29:05,English,Positive,0.994
great app,5,2025-12-15 16:18:28,English,Positive,0.9998
Superb,5,2025-12-15 11:45:41,English,Positive,0.9999
this is a super app,5,2025-12-15 08:22:56,English,Positive,0.9964
love it,5,2025-12-15 05:54:55,English,Positive,0.9999
good fast,5,2025-12-14 19:21:54,English,Positive,0.9998
superb. ❤️,3,2025-12-14 18:44:20,English,Positive,0.9999
I'm really unhappy pick me service. some rides take to much charge. before show amount.,1,2025-12-14 18:04:11,English,Negative,0.9988
"Terrible app. They demanded that I pay an additional third of the fare a week after the trip because they miscalculated it. The driver was falling asleep during the ride, and then his car broke down in the middle of the route",1,2025-12-14 13:13:32,English,Negative,0.9998
"i put a ride for nugegoda from boralasgamuwa for my wife. but she drop kohuwal.this ride is card payment. after drop my wife the driver dosent stop ride, without stop ride that driver go ahaid. i tried to contact him but not answer phone, after he went to maharagama he stoped ride,",1,2025-12-14 12:03:50,English,Negative,0.9917
App is not working in my phone. Redmi turbo. Android version 16,1,2025-12-14 09:55:13,English,Negative,0.9994
Ponna driverla inna ponna app ekak.,1,2025-12-14 06:45:22,English,Negative,0.9889
"Don't use this app, total scam, updated our distance from 10 to 30 km",1,2025-12-13 23:00:59,English,Negative,0.9982
Provide the ability to download the PickMe app through AppGallery so that Huawei phone users can also use it.,3,2025-12-13 19:28:53,English,Negative,0.9665
I was late at least 15 times this month as both pick me and their drivers both deny the their own set prices,1,2025-12-13 09:02:48,English,Negative,0.9978
"Fix your app so that drivers can stop scamming your customers. Every ride I booked they called me to ask for more money, or they start a ride before coming.",1,2025-12-12 20:31:00,English,Negative,0.9987
Recently i tried to book a ride and i accidentally clicked the book a ride button two times and i got two rides for same location. it shouldn't do multiple requests when a already request is send. this is a critical bug since drivers will put in inconvenience because apps fault.,3,2025-12-12 20:16:32,English,Negative,0.999
the worst app to travel. i faced a worst experience through this. i have waited more than 1hour. nobody accept my ride if i can banned something I'll definitely do to this,1,2025-12-12 19:56:45,English,Negative,0.9998
Very bad experience and drives are not accepting the rides. totally disappointed 👎🏼👎🏼,1,2025-12-12 18:38:25,English,Negative,0.9998
used the phone while driving,1,2025-12-12 17:22:03,English,Negative,0.9784
very courteous driver. Clean vehicle.,5,2025-12-12 15:13:23,English,Positive,0.9995
very very bad app pick me,1,2025-12-12 14:08:27,English,Negative,0.9998
He is driving the vehicle safely.,5,2025-12-12 12:41:49,English,Positive,0.9998
logging problem,5,2025-12-12 07:54:45,English,Negative,0.999
lousy app,1,2025-12-11 18:44:17,English,Negative,0.9994
very good driver.,5,2025-12-11 18:20:12,English,Positive,0.9999
"ordered time 12:33pm got It after 5 hours time . ordered food for lunch and only received it by dinner. Really bad service. I tried calling the hotline and the other number as well, but no one answered. The mango juice also smells bad. I ordered one mango juice, one orange juice, and one chicken biryani. I’m really disappointed with your service. Please don’t accept orders if you can’t deliver them on time it’s a waste of money for us.",1,2025-12-11 18:07:07,English,Negative,0.9997
professional and peaceful drive,5,2025-12-11 17:10:56,English,Positive,0.9994
Good day,5,2025-12-11 16:37:05,English,Positive,0.9999
Most drivers in rural areas don’t focus on customer needs. They only look for bigger profits instead of giving a fair and reliable service.,1,2025-12-11 15:16:48,English,Negative,0.9979
very quick in respond.,4,2025-12-11 12:53:03,English,Positive,0.9947
Good job!,5,2025-12-11 09:30:38,English,Positive,0.9998
At the rain there are dont have any tuks,1,2025-12-11 09:18:16,English,Negative,0.9932
new update sucks,1,2025-12-11 09:11:53,English,Negative,0.9993
when we booked a pick me drivers not picking up the hire if they picked they asked for more money . when we ordering something for eat its getting more than 1 and half hours. really dissatisfied about the app,1,2025-12-10 16:46:38,English,Negative,0.9995
it is very important app,5,2025-12-10 13:51:33,English,Positive,0.9998
the best app for tours,5,2025-12-10 08:10:08,English,Positive,0.9998
Good App,5,2025-12-09 16:03:30,English,Positive,0.9998
this app is very nice,5,2025-12-09 12:34:26,English,Positive,0.9998
"driver didn't declare ride as complete, so I was charged for 1.5hrs of driving! then I couldn't even complain via the app because it stopped loading, and gave error messages, still 24hours later. I stopped using it now. How can it be possible to show the trip price, then the driver doesn't 'end ' the trip, so I pay 5x too much???",1,2025-12-09 04:46:12,English,Negative,0.9974
Areally good taxi app but rarely have som little bugs and lags how ever a good app,5,2025-12-09 02:10:44,English,Negative,0.8516
Satisfactory,5,2025-12-08 11:02:14,English,Positive,0.9998
Poor customer service and arrogant drivers,1,2025-12-08 07:47:44,English,Negative,0.9998
helping to emergency time and good drivers. thanks pickme. plz increase to pickme drivers to Trincomalee. I love pickme.....❤️,5,2025-12-08 00:08:26,English,Positive,0.9997
"I switched from Uber Eats to PickMe to support a Sri Lankan platform, and it was a huge mistake. This is the 5th time I’ve had issues. Food gets prepared in minutes, but PickMe takes hours just to find a driver. Today I ordered at 7 PM, and by 10:14 PM there was still no rider, no updates, nothing. I even waited over 2 hours on their support line with no answer. PickMe clearly doesn’t value customers. I seriously regret choosing them.",1,2025-12-07 22:19:06,English,Negative,0.9995
"drivers bid ah, wow what is the difference between normal three-wheeler and pick me, i mean before this pick me was affordable and less payment than normal three-wheelers, now there is no difference, so why the hell we should hire pick me drivers?",1,2025-12-07 20:44:29,English,Negative,0.9993
Good service and reasonable charges,5,2025-12-07 15:10:49,English,Positive,0.9998
right after the update which yall gave the bitting option they won't pick n waits till the bitting is open. so please remove this option,3,2025-12-07 10:50:11,English,Negative,0.9992
"Actually pickme is a very important service in srilanka. and also it's very safety. on the other hand we can trust their service. I have gone many trips by pickme service. That experiences are not bad. and the drives are very safety ( I have met.) However I can to say, this is good service ❤️😎",5,2025-12-06 17:39:07,English,Positive,0.9985
"SCAM ALERT!!! PICK ME IS SCAM. THEY DONT HAVE CUSTOMER SERVICES AGENTS ON CALLS OR IN THEIR APP HELP CENTER. LOOKS LIKE ITS AN APP RUN FROM A BEDROOM. There is no number to call the food delivery riders. you have to wait until they call you. I have so far lost two orders and no one in Pick Me to call and get a refund. there are better ways to waste your money, so dont wasye it ordering from these jokers!!!",1,2025-12-05 20:01:55,English,Negative,0.9997
"rain time cannot find any PickMe drivers, they don't pick up PickMe rides and do private rides for overpriced fare",1,2025-12-05 17:32:56,English,Negative,0.999
"I filed a complaint because one drive didn't pick me up and just started the trip and charged me. in the meantime I tried to change my phone number cause I want to use local number to avoid roaming fee. when I finished changing the phone number, all the activities were gone!!! the ride history, complaint record, payment... all gone. when I switched back to the old number, all things were gone as well.... I have no idea how to retrieve my record. very bad experience on this app",1,2025-12-05 13:38:33,English,Negative,0.9998
learn something from uber. i hate this app,1,2025-12-05 13:25:34,English,Negative,0.9995
"Useless app. The live location of the drivers moving does not show. Always drivers go to a different location and call us, which they claim is a fault in the app. Locations we select is not what the drivers recieve. Very lagging and an app which is not accurate in real time. Also now the time of the drivers is not showing (in how many minutes will the reach us)",1,2025-12-05 08:38:56,English,Negative,0.9998
Need rating options for cancellations. Many drivers request (even beg) to cancel and go because they say PickMe has taken their money.,1,2025-12-04 17:39:41,English,Negative,0.9989
nice 🙂,5,2025-12-03 22:17:36,English,Positive,0.9998
"love the app , hands down the best app in Sri Lanka",5,2025-12-03 20:36:30,English,Positive,0.9998
"on time,friendly",5,2025-12-03 18:08:35,English,Positive,0.9998
Thank you for your generosity ❤️,5,2025-12-03 01:50:10,English,Positive,0.9998
code එක ගැහුවට පස්සේ load වෙන්නෙ නෑ,1,2025-12-02 22:09:31,Sinhala,Not Analyzed,
Ela bn patta wasi yak karana appa ekak 🥲😍,5,2025-12-02 14:21:45,English,Negative,0.9625
I paid Rs 100 for the rider but again 100 deducted from my bank account why,1,2025-12-02 14:00:42,English,Negative,0.9889
This app shows rhe driver a much longer path for my destination and too much for that route...,1,2025-12-01 19:34:31,English,Negative,0.9991
great functionality!,5,2025-11-30 18:00:22,English,Positive,0.9999
"When I book a ride, sometimes I get two vehicles, I can only see one ride, both of them are connected, I always get confused and have to ask one of the drivers to cancel.",1,2025-11-29 09:04:25,English,Negative,0.9986
Good App 👍,5,2025-11-28 20:27:04,English,Positive,0.9998
worst app,1,2025-11-28 19:43:50,English,Negative,0.9998
"Problem with payments. I don't remember getting a subscription but still they debited 549 from my debit card 3 times. I contacted their customer and nothing has been done yet. The problem is even after deleting my card data from the app, they still debited it. Illegal practice.",1,2025-11-28 08:46:09,English,Negative,0.999
Very poor Network & apps,1,2025-11-28 03:09:49,English,Negative,0.9998
අලුත් අප්ඩෙට් එක මල ජාරවක් මෙ ඇප් එකත් හිර වෙලා,1,2025-11-27 18:00:26,Sinhala,Not Analyzed,
good and safe,5,2025-11-27 09:45:32,English,Positive,0.9998
Normal,5,2025-11-27 09:45:10,English,Positive,0.9916
"worst application, they take too long time for a vehicle, this app is waste of time.",1,2025-11-27 09:43:15,English,Negative,0.9998
not bad but not so much good though,3,2025-11-27 01:32:13,English,Negative,0.9984
excelente,5,2025-11-26 23:10:14,English,Positive,0.9998
It is good apps for sri lankan people meter vehicles are not profit,5,2025-11-26 18:08:58,English,Positive,0.9918
Nice to,5,2025-11-26 17:18:52,English,Positive,0.9999
"Nowadays pick me becomes garbage, thier drivers are so rude and doing scam, faced a lot of issues, they don't verify the drivers. I moved to uber, because of safety concerns",1,2025-11-26 10:54:19,English,Negative,0.9986
"Some of the worst customer service, from both drivers and the service department I have ever experienced. Might as well just walk wherever because they refuse to take you. Driver discipline is also at an all time low, they do no screening when allowing them to get on the app. Just use Uber.",1,2025-11-26 00:45:43,English,Negative,0.9997
Night time very d difficult to book an hire. purposely done by company in order to again more money through Bid,1,2025-11-25 23:42:54,English,Negative,0.9997
"Taking too long to assign a delivery rider for food, i gave 5 stars before but as a Gold member I wanna see some priority or at least bring the food on time. Food is cold and i would save some money if i just went there and bought.",1,2025-11-25 20:05:02,English,Negative,0.9983
useless update. Just a copy of the Uber driver app. There's no point in being so struck.,1,2025-11-25 19:54:54,English,Negative,0.9995
I am Platinum customer for pickme but unfortunately my user login blocked 🚫 / disabled by the customer care and 3 consecutive months my free pass payment Rs.549.00 deducted from my Card. several complaints made to pickme customer care but not succeeded to recover my free pass amount. Worst customer support services. NOT RECOMMENDING FOR ANYONE.! FREE PASS OR PICKME SERVICES.,1,2025-11-24 18:59:45,English,Negative,0.9996
Can't clear history of travels. We use this to follow husband too.,1,2025-11-24 18:19:23,English,Negative,0.997
this app is very good but locations are wrong,5,2025-11-24 17:54:53,English,Negative,0.9935
හොඳයි,5,2025-11-24 13:22:29,Sinhala,Not Analyzed,
"Terrible Experience and culture. PickMe drivers know nothing but scamming. Almost 70% of all PickMe rides I have taken have resulted in the driver saying that they have ""no change"" even during peak afternoon rides. Another thing is that there's barely any drivers. They must be purposely staying offline. Genuinely this is the worst ride share app anyone can use. Don't ever use this app even as a back up option ESPECIALLY tourists, you will be scammed heavier than us locals. PickMe is a sham.",1,2025-11-24 12:07:19,English,Negative,0.9998
sorry not a good service this time 😭,1,2025-11-24 11:53:43,English,Negative,0.9996
I'm using for long time,5,2025-11-23 21:00:25,English,Negative,0.944
It's good,5,2025-11-23 19:55:01,English,Positive,0.9998
This app is very useful...& Very reasonable.,5,2025-11-23 17:04:26,English,Positive,0.9992
Good job,5,2025-11-23 17:00:44,English,Positive,0.9998
scam,2,2025-11-23 14:02:14,English,Negative,0.9997
amazing,5,2025-11-22 21:00:17,English,Positive,0.9999
Some of drivers except the hire and a little bit later cancel the trip. Again and again we have to try another tuk tuk... In such a occasion If I waned to cancel .. There is no icon visible to cancel the trip...,3,2025-11-22 18:43:38,English,Negative,0.9997
dilvery patnar is not available every time they will late and diliver food after the cold food. plses slove the problem,1,2025-11-22 18:12:07,English,Negative,0.9991
Drivers charged higher than the app showing price. I called head office there not answering such useless service Uber is better than pick me don't download this app there are not supporting to there customers,1,2025-11-22 13:08:41,English,Negative,0.999
wery past,5,2025-11-21 17:52:08,English,Negative,0.992
Good and helpful,5,2025-11-21 15:13:18,English,Positive,0.9998
urgent,1,2025-11-21 14:38:06,English,Positive,0.9874
Ride එකක් දැම්මාම ගන්නෙත් නෑ මුන්🤬,1,2025-11-21 10:25:08,Sinhala,Not Analyzed,
app eka hirawenawa aluth update eka.,1,2025-11-21 09:44:40,English,Negative,0.9901
"Your Map is not lively updating while on a trip. Sometimes it shows the ride is standby while we are on the move, sometimes until we end the trip the map does not update in real time. Fix this issue soon as it has been going on for a while.",1,2025-11-21 08:40:26,English,Negative,0.9991
"good rider, professional quality",4,2025-11-21 04:53:32,English,Positive,0.9999
customers service very poor,1,2025-11-20 21:23:08,English,Negative,0.9997
exhalent 🥺❤️🌹,5,2025-11-20 16:38:52,English,Positive,0.9516
The app downloading freezes in 99% it doesn't downloads....,3,2025-11-20 14:29:51,English,Negative,0.9988
good app 🤗,5,2025-11-20 14:00:55,English,Positive,0.9998
app was not working properly,1,2025-11-20 13:26:58,English,Negative,0.9998
Not installing,1,2025-11-20 12:52:59,English,Negative,0.9996
pickm,5,2025-11-20 10:23:39,English,Negative,0.8291
there is a new bidding system for the drivers and they are playing with our money. one of those beggers charged Rs.600 for a Rs.200 worth ride.. disgusting,1,2025-11-20 08:03:36,English,Negative,0.9986
the new bidding system is really bad all the drivers would only get trips which they get bids so bad time to move on to another app,1,2025-11-19 21:54:54,English,Negative,0.9998
wonderful,5,2025-11-19 20:24:27,English,Positive,0.9999
"very poor customer service, I lost 1600 rupees which was not refunded even after 3 days, nor have they given a solution for my issues yes I contacted 1331 and their other lines, but they don't seem to be answering my calls anymore. move on to another app, pick me as an app has so many bugs like double booking, cancellation charges when the driver cancels,",1,2025-11-19 19:41:23,English,Negative,0.9996
great service they provide for customers.,5,2025-11-19 19:04:14,English,Positive,0.9999
low prices for hires.,5,2025-11-19 15:59:02,English,Negative,0.9998
unterirdischer Kundenservice: nach unrechtmäßiger Abbuchung durch einen Fahrer ohne dass eine Transportfahrt stattgefunden hat diverse Kontaktierungsversuche des Kundensupport. Bis heute weder eine Antwort seitens PickMe noch eine Rückbuchung der Gebühren.,1,2025-11-19 12:37:24,English,Negative,0.9802
Very good service provide,5,2025-11-19 11:13:06,English,Positive,0.9999
this app not working sometimes. keep showing loading menu again and again. nothing loads even not loading interface app. this is 4th time this happened. so much bug all over the app. not recommending this. much better uber,2,2025-11-19 08:19:04,English,Negative,0.999
overall is ok but late night and morning bookings are unreliable. I booked a ride at 4.20am and they accepted but even after 20 minutes past the appointment time he didn't come. I couldn't even contact him.,2,2025-11-19 04:42:07,English,Negative,0.9989
Bidding is not available at the start of a search. Here in Weligama rates are too low and no one answers.,3,2025-11-18 21:06:33,English,Negative,0.9998
super .....wow......fantastic,5,2025-11-18 18:04:10,English,Positive,0.9998
very valuable and affordable,5,2025-11-18 16:17:13,English,Positive,0.9999
*Very bad* service.Don't use this app at all time.Specialy In rainny whether condition & some times normal whether condition drivers are didn't get our trip.,1,2025-11-18 16:12:23,English,Negative,0.9997
always uodate,1,2025-11-18 15:12:49,English,Positive,0.8361
good app in sri lanka godd app,5,2025-11-17 20:28:54,English,Positive,0.9996
"No support, riders are constantly begging for cash. Pick me doesnt work in the rain either. Trash. Everything made in Sri Lanka is either a scam or a rip off or simply doesn't work. Absolute garbage.",1,2025-11-17 20:08:53,English,Negative,0.9998
wowwwww,1,2025-11-17 18:08:04,English,Positive,0.982
Ponna app ekk update witri no hire pickups vehicles laga thibilath gana wadi wenkn innw,1,2025-11-17 16:52:32,English,Negative,0.9974
some auto drivers is texting me personally better hide the customer numbers to the drivers,2,2025-11-17 09:08:32,English,Negative,0.9996
"latest update is having number of issues. 1. after driver accepting the trip, the screen is still showing the loading UI. 2. Cancelling a trip is also having some troubles. 3. app suddenly crashes fix these issues immediately and give a proper and QA tested app.",2,2025-11-17 06:18:21,English,Negative,0.9977
I Love This App,5,2025-11-17 06:00:52,English,Positive,0.9999
it's very good,5,2025-11-16 10:35:25,English,Positive,0.9998
Don't take unexperienced drivers because last pickme drive that driver said he don't know about that ride route there fire I waste my time.,5,2025-11-15 18:50:40,English,Negative,0.9971
This one is very great,5,2025-11-15 12:35:25,English,Positive,0.9999
superb app,5,2025-11-15 12:29:59,English,Positive,0.9998
nise app,3,2025-11-15 08:46:06,English,Negative,0.621
Labubu,5,2025-11-15 08:44:35,English,Positive,0.779
woret app,1,2025-11-14 23:11:56,English,Negative,0.9893
❤️❤️❤️,5,2025-11-14 21:45:32,English,Negative,0.6971
this app is veri help fool to me worak,5,2025-11-14 21:28:09,English,Negative,0.996
"Getting offers from drivers is probably the stupidest feature in the history of ride-sharing apps. Of course they're all going to offer the highest possible price 😂 Update: they've made it worse, just got a +800 bid for a Rs. 1000 ride. Great job PickMe, I think it's about time I uninstalled",1,2025-11-14 18:41:21,English,Negative,0.9994
Good transport service..,5,2025-11-14 16:11:20,English,Positive,0.9998
it's good but sometimes the drivers are asking more money or they cancelled the trip,3,2025-11-14 00:36:04,English,Negative,0.9951
good more than road vehicles,5,2025-11-13 08:53:46,English,Positive,0.9998
Best riding app in Sri Lanka 🇱🇰,5,2025-11-13 02:00:19,English,Positive,0.9995
"Late-night orders don't get picked up I've twice ordered past midnight this week. Both times the restaurant marked the food ""ready,"" I waited ~60 minutes, and no rider ever picked it up. You also can't cancel in-app. you have to call the hotline. After years with PickMe, this month has been very disappointing. Uber Eats has been faster, with a wider range and reliable 3 AM delivery.",1,2025-11-13 01:21:49,English,Positive,0.7297
awesome gorgeous excellent wonderful well Experience Well Tallented Awesome DriverSanjayaawesome gorgeous excellent wonderful well Experience Well Tallented Awesome DriverSanjaya,5,2025-11-13 00:55:44,English,Positive,0.9998
Alarming lack of support option for the customer and safety,2,2025-11-12 18:22:19,English,Negative,0.9998
Food delivery is the last resort. It takes a long time.😡😡😡(කෑම ඩිලිවරි නම් අන්තිමයි.),1,2025-11-12 16:48:31,Sinhala,Not Analyzed,
"helpful but sometimes rides are not near and drivers are scaming and playing by taking the ride said coming after 20 - 30 mins canselling it and then calls us and yells at us one time i blamed him so much that he suicide himself by crashing into a bus '""! LOL.it is a joke but sometimes pickme is so annoying 😅🫠🫠",2,2025-11-12 10:46:22,English,Negative,0.9982
everyday useful app,5,2025-11-12 07:28:28,English,Positive,0.9984
"on time arrived , friendly,",5,2025-11-12 00:12:49,English,Positive,0.9992
very nice and easy,5,2025-11-11 19:25:00,English,Positive,0.9999
While the travel they blocked the app now. I need an update. but I don't have enough space. I faced severe problem,1,2025-11-11 16:02:09,English,Negative,0.9995
It used to be great. not anymore.,1,2025-11-11 11:28:38,English,Positive,0.6676
it's a great app I love it but the only reason is that when ordering from pick me foods there has to be at least 5000 cash limit. In some shops when we order at least one item the price goes over 2500 so please make sure to check with this. Overall the best app for rides and delivery items. love it. But please make sure to check on that pick me foods. At least 5000 cash limit.,5,2025-11-11 11:09:36,English,Positive,0.9993
so maybe use and play to find. really i liked than you dont wonton day to day data basically your could saved foray your galaxy gallery. be enjoy and keeping thus.,5,2025-11-11 08:24:01,English,Positive,0.9854
"App and featurewise, I'd say this is the go-to app for rides in Sri Lanka. However I must say that it's totally frustrating to find a driver sometimes. Some drivers accept and cacel them after some time. Some ask for more money, and still cancel the trip after acceping bid. Some demands over twice the trip's original estimation. 😂 So, App is great, but drivers are below the average 😅",3,2025-11-11 08:14:46,English,Negative,0.9934
"worst traveling experience. You need to pay additionally like 150 rupees than other apps like uber or other apps. But still u travel the same location. Eventhough how much early you get ready, How much you pay more,This app doesn't care your time Riders cancel trips mostly when it's card payment . I would give 0 stars for this review if it is possible. I'm switching to uber asap. Don't use this app if you are looking for a budget friendly ride",1,2025-11-11 08:09:16,English,Negative,0.9992
"This app doesn't work when it rains :) it won't do the basic job it has to ? which is hailing us a ride ? you say there's general performance improvements in your updates, but the trip progress when you need to track the tuk honestly is lagging behind. the locations aren't getting updated. people send the trip details to track where the cab is and it's not getting updated ?",1,2025-11-11 07:57:51,English,Negative,0.999
It's very reasonable price for me and saftu,3,2025-11-10 12:53:42,English,Positive,0.9803
I'm very happy with pickme. thank you.,4,2025-11-10 10:34:03,English,Positive,0.9999
Happy,5,2025-11-10 10:20:20,English,Positive,0.9999
"sometimes, it shows the big rate for a little distance ,",1,2025-11-10 08:53:00,English,Negative,0.9617
very helpful!!,5,2025-11-09 16:39:29,English,Positive,0.9998
Very helpful and Timely. I use every day,5,2025-11-09 13:03:31,English,Positive,0.9998
Excellent Service❤️,5,2025-11-09 09:41:22,English,Positive,0.9998
"everything using this app but, after the update its asking for a mobile number and app not working.",2,2025-11-09 07:56:47,English,Negative,0.9996
very cheap driver.,1,2025-11-08 22:39:31,English,Negative,0.9997
it is really helpful but the delivery charge is high otherwise no amy problems.highly recomended!!,5,2025-11-08 16:42:25,English,Positive,0.9897
the best way of getting to placed,5,2025-11-08 09:10:04,English,Positive,0.9847
I've been using the pickme app for many years now and since the app has been updated the pickme search bar is horrible both on food and market. I have tried your help and support but it hasn't been useful. because of your search bar doesn't support much i have really taken a disliking towards the app & now frequently I am using the uber app which is very convenient to search for whatever item I require & provides many options and dealers. very disappointed with pick me search bar.,2,2025-11-08 02:16:06,English,Negative,0.9997
Best for everyone 🫶,5,2025-11-07 21:21:30,English,Positive,0.9996
"polite, kind, and drives with care, respects the road rules and pedestrian.",5,2025-11-07 19:35:01,English,Positive,0.9997
"Very Unsafe Experience—Lost Trust in PickMe I had a terrible experience with a PickMe driver.On my birthday night, after returning home from the beach,a driver called me around 11:30 p.m.and spoke in a sexually inappropriate way. I realized it was a PickMe driver because no one else knew about my trip. I blocked his number, but he later called me again from another one.This experience made me feel unsafe and lose all trust in PickMe.Hope the company takes serious action to protect passengers.",1,2025-11-07 16:18:13,English,Negative,0.9997
Best app for travelling in Sri Lanka,5,2025-11-07 14:42:07,English,Positive,0.9988
Can't even update it,1,2025-11-07 14:03:01,English,Negative,0.9994
this app is very useful but at night time when we order food they are not picking so u should change that,2,2025-11-07 13:53:24,English,Negative,0.9958
good experience,5,2025-11-07 10:01:50,English,Positive,0.9999
"provide a way to cancel pick me food and market orders after they are accepted by seller , sometimes there's no riders available and the seller asks buyer to cancel and have to go through the whole process of cancelling via calling pick me customer support it's inefficient",2,2025-11-07 09:55:23,English,Negative,0.9994
do not download this stupid app 😡,1,2025-11-07 08:44:38,English,Negative,0.9987
",මෙම ඇප් එකේ resturant එක ලගකදිනම් auto ම arrived වැටෙනව. ආය කැන්සල් කරන්න බැ. තවද සතියෙ දැනට කරල තියන full oders ගාන පෙන්වන්නැ.",2,2025-11-06 22:16:58,Sinhala,Not Analyzed,
hi pickme your no.1 low budget company in srilanka but you don't selfish person because you know in srilankan three wheel parts price...? why doing like that..? the low budget how can maintained driver's. poor people not going in pickme. all rich people going please increased to price if not driver's now choice to new apps available in srilanka and your apps no.1 hanging 😔😔😔😔,5,2025-11-06 19:59:53,English,Negative,0.8268
My Life My Rules 😎😎,5,2025-11-06 09:41:17,English,Positive,0.9791
"The customer service is completely useless. The ride I took met with an accident, and up to now, no compensation has been paid in any way. When I call to ask about it, they don’t respond or take any action at all. Useless company 😡",1,2025-11-05 17:35:51,English,Negative,0.9998
Cant download the app to Huawei 7c ... due to google restrictions ages ago..bt still the app is nt downloading.......,1,2025-11-05 12:51:39,English,Negative,0.9878
Good app. Please add dark mode option,5,2025-11-05 12:42:12,English,Positive,0.9991
treble programming ui ux sucks orders are never on time and the app is poorly programmed,1,2025-11-04 15:43:46,English,Negative,0.9998
pickMe is Good App 😍,5,2025-11-04 10:47:19,English,Positive,0.9994
Ammata uhkpan tmdia,1,2025-11-03 21:53:37,English,Negative,0.985
"ඊයේ හවස හරියටම යන තැන නොදන්න නිසා ඒ ගැන විමසූ විට රියදුරු මුලු ගමන අවසාන වන තුරුම දෝශාරෝපනය කරමින් යනු ලැබීය. අවසානයේදී පවා customer service වැඩක් නෑ, මට pick me එකෙන් ගෙවන්නෙ නෑ කියමින් ඉතාම දෝශාරෝපන ලෙස කතා කලේය. මවක් හා කුඩා දැරියක් රාත්‍රියේ ගමන් ගැනීම ඉතා නුසුදුසු අවස්තාවක් බව හැගුනි",1,2025-11-02 19:47:56,Sinhala,Not Analyzed,
"For my 2 weeks in Sri Lanka PickMe was often troublesome. Drivers never accepting. Drivers accepting then never showing up. Drivers cancelling. Drivers accepting, then calling to discuss something; but language barrier made it impossible to figure out what they needed (nobody's fault for that - but why do they keep calling me?). Except for having to deal with the cash just hailing a taxi on the street is easier.",2,2025-11-02 18:07:42,English,Negative,0.9993
App was fine before the biding system. Drivers don't accept the rides unless we accept their bids. I always tip a bit extra if it's a long ride anyways. The driver should not be able to bid (demand) Rs. 100 extra for a 2km ride. At this point just go in a normal tuk.,1,2025-11-02 10:59:25,English,Negative,0.9964
poor service and the drivers are not punctual at all.,1,2025-11-02 10:38:53,English,Negative,0.9995
disgusting .,1,2025-11-02 10:32:09,English,Negative,0.9997
please wait loading...... long days reset and uninstall and reinstalled no working,1,2025-11-01 17:33:33,English,Negative,0.9993
"most worst taxi service in sri lanka, the driver's are careless they don't care about us and no place to inform ....last night the drive I got was vvvery rude ...",1,2025-10-31 19:31:18,English,Negative,0.9998
Terrible service. Sometimes charges unfairly. Disrepectful drivers. Vehicles are damaged and unsafe.,1,2025-10-31 13:48:42,English,Negative,0.9997
Once a driver scolded me infront of everyone with filthy words without any issues from my end. And I contacted Pickme and informed the scenario. They havan't done anything regarding the matter and kept lying. 01. I called to ask about the issue : they mentioned its still progressing 02. another day I called : they said it tickets are still in progress 03. another call mentioned issue is done 04. i took another call and said its still in progress 🤣 they kept lying for weeks without any actions,1,2025-10-31 13:15:26,English,Negative,0.9955
😊 good,5,2025-10-31 10:32:07,English,Positive,0.9999
this stupid app allows drivers to do whatever they want. they don't accept when the rate is low. don't use this app,1,2025-10-31 07:23:57,English,Negative,0.9994
"I can't download the Driver App 😢 ""This app is not available in your country"" but I have set all in Sri Lanka",1,2025-10-31 06:25:11,English,Negative,0.9634
Bad experience with inefficient food delivery more than one hour waiting somone to pick and Long waiting time to pikme transport,1,2025-10-30 20:25:01,English,Negative,0.9996
Good driver .Dropped me in 30 mts time,5,2025-10-30 12:38:59,English,Positive,0.9993
good riders...,4,2025-10-30 01:39:39,English,Positive,0.9999
Didn't work for me. Couldn't even open the damn app and it's constantly loading and nothing else. Completely useless.,1,2025-10-30 00:43:24,English,Negative,0.9998
හොද අැප්එකක්,5,2025-10-29 19:28:55,Sinhala,Not Analyzed,
this app very helpful my travel's,5,2025-10-29 17:59:48,English,Positive,0.9976
"Good driving ,polite and pleasant persanality",5,2025-10-29 10:05:53,English,Positive,0.9999
කාලකණ්නි බල්ලො ඉන්න තැනක්. හෙනගහපන් pick mee,1,2025-10-29 05:39:06,Sinhala,Not Analyzed,
supr,5,2025-10-28 18:57:43,English,Negative,0.9297
මෙලෝ වැඩකට නැති app එකක්,1,2025-10-28 15:38:53,Sinhala,Not Analyzed,
I'm not satisfied about pick me service.One day I went colombo 07 to Ambalangoda using by pick me.estimated 100km & I paid 10700 for ride.last the ride in company call me and the cancel through app.It is official ride and I need to give bill through email.finally I loss my money because the email not come and again I never using Pick me and any official work I'm not recommended pick me ride.because they not provide email correctly.,1,2025-10-28 13:00:19,English,Negative,0.9993
good and very supportive,4,2025-10-28 04:48:37,English,Positive,0.9999
I always have problems with pick up location,5,2025-10-27 06:43:47,English,Negative,0.9977
"Hi, PickMe is a good app unless meeting bad behaviour drivers, by the way, most drivers are good. One of of them is bad. Anyone can use without fear to get in taxi.",5,2025-10-25 19:56:33,English,Positive,0.629
after update also not fix the issues validation error,1,2025-10-25 12:29:44,English,Negative,0.9988
very bad app. don't deliver on time. very bad customer service.,1,2025-10-25 10:05:21,English,Negative,0.9998
"The bidding system is one of the WORST features ever to be implemented on this app, enough to ruin my whole in-app experience. For a simple 4km journey cost LKR 420, I was getting +250 to +750LKR markup offers for Minis from drivers 3-5mins away which is unacceptable.",1,2025-10-25 07:43:32,English,Negative,0.9998
god one,1,2025-10-25 07:41:35,English,Positive,0.8315
"A very poor app. It's not like they are posting pick me to go from Dehiwala to Colombo, they are setting up rides.. They showed 5/6 three-wheelers on the map. No matter how much we paid, they are going...why can't they set up. A very poor app. Uber is better than pick me",5,2025-10-25 05:37:52,English,Negative,0.9997
price increased surge+charge every time 👎,1,2025-10-24 20:51:00,English,Positive,0.9602
this is very bad app,1,2025-10-24 20:30:56,English,Negative,0.9998
"placed a food order over two and a half hours ago, but it still hasn’t been delivered. The restaurant confirmed that the food is ready, but the delivery partner has not come to pick it up. I have tried contacting PickMe support through calls and the emergency helpline several times, but I haven’t received any response. This delay and lack of communication are very disappointing and frustrating. Please look into this issue urgently and let me know what happened with my order",1,2025-10-24 18:44:56,English,Negative,0.9988
very good driver,5,2025-10-24 17:24:09,English,Positive,0.9999
Please remove all ads..!,4,2025-10-24 08:56:46,English,Negative,0.9994
it's very safety,5,2025-10-23 18:06:21,English,Positive,0.9947
bidding system is unfair . less and less drivers aswell,1,2025-10-23 15:47:42,English,Negative,0.9996
"very bad customer service . I had an issue with that driver when I reached to the hotline .The ticket was closed without even talking or proper inquiry about the incident . also tried calling their hotline ,that isn't working either .really frustrated about it .",1,2025-10-23 11:27:31,English,Negative,0.9998
🖤🖤🖤🖤🖤🖤,5,2025-10-23 11:01:20,English,Negative,0.6971
worst app ever. No support when it comes to specially food delivery services. Drivers are so arrogant and don't deliver on time.,1,2025-10-22 23:22:22,English,Negative,0.9998
Try to update mobile number in my account but app crashed Please fix that issue. Gives 4 star service was amazing and easy for busy lifestyle But later bookings was not perfect and cannot find sometime vehicle I already faced that issue ones,4,2025-10-22 16:04:40,English,Negative,0.9978
Absolutely dislike the 'bidding' feature. It makes it difficult to find a taxi at a fair price.,2,2025-10-22 10:31:48,English,Negative,0.9996
"oops ,poor service",1,2025-10-22 08:52:03,English,Negative,0.9998
Very well,5,2025-10-22 02:39:26,English,Positive,0.9998
"simply the best coz they act according to "" passenger is always correct "" slogan",5,2025-10-22 02:05:58,English,Positive,0.9991
"Even though it's a rainy day today, riders are canceling bookings. I don't want to give a good review for such bad service. Disapointed. I will be uninstall this app",1,2025-10-21 18:05:05,English,Negative,0.9993
"worst app ever,cannot find a ride even in an urgent situation",1,2025-10-21 06:55:28,English,Negative,0.9997
very bad useless app😡🤬🤬,1,2025-10-20 22:09:56,English,Negative,0.9998
Very poor app and service. The app rarely works and constantly struggles to load. I eventally pre booked cars 24 hours in advance but was phoned from Pickme to say that only a small car was available and was a long way away so they would charge me extra to get the car to me. Also the car would not be on time. Waste of time.,1,2025-10-20 20:10:50,English,Negative,0.9998
my phone not sport your update,1,2025-10-20 14:00:18,English,Negative,0.9871
"This app is really good. It is easy to use and the features of the app are good. But one thing I have experienced is that it is very difficult to book a tuk tuk & more vehicle for a normal long distance at the right time.Also, some drivers are not disciplined enough. I request that only responsible drivers be used for the service......",2,2025-10-20 09:16:35,English,Negative,0.9564
useless application..just only small rain no vehicle to find 🤦,1,2025-10-19 19:29:04,English,Negative,0.9996
useless app can't find a driver on time,1,2025-10-19 15:05:04,English,Negative,0.9998
"The response by your partner outlet to accept and confirm the order is ready took over 30 mins. They have also cheated by including a handling fee after the order is confirmed, which is added to the bill later. No other outlet does so. Keells should make this charge known upfront without hiding it so that customers can decide if they wish to buy from Keells.",3,2025-10-19 14:30:00,English,Negative,0.9958
worst customer care service i put a complaint on 5th of September and i had to talk back 10 more times still not an answer for the complaint,1,2025-10-19 12:11:59,English,Negative,0.9998
so helpful to our busy life,4,2025-10-19 10:24:58,English,Positive,0.9996
me app eka Hoday eth Meka Jara app ekak karanne wada karana minissu hoyala balala e wage minissu Ayn kala nam hoday,1,2025-10-19 06:58:12,English,Negative,0.9947
Good luck,5,2025-10-19 01:23:03,English,Positive,0.9998
"I genuinely wanted to support a Sri Lankan brand and have been using PickMe for quite some time. But honestly, the app has become unreliable. I was double charged for a ride because of a ‘bid’ I never selected, and this isn’t the first time the app has acted glitchy. It’s frustrating when a service you trust turns into a hassle. Please fix the system and app stability — this experience was the final straw for me. I’ve decided to stop using PickMe until things improve, which I dont know when",1,2025-10-18 23:38:10,English,Negative,0.9985
කිසිම වැඩක් නැති අන්තිම ජරාම සර්විස් එකක් වාහන හොයන්න මාර වෙලාවක්. අඩුම ත්‍රිවිල් එකක් දැම්මත් කිලෝමීටර් 1 කට බර ගානක් ගන්නවා අන්තිමයි,1,2025-10-18 20:12:03,Sinhala,Not Analyzed,
"I've had a good experience with PickMe. Unfortunately, today the app detected my location incorrectly, which was 2 km away from my actual location. I am very concerned about this inconvenience for both me and the driver.",2,2025-10-18 14:47:04,English,Negative,0.9688
"Driver was polite,and drove safely. The vehicle was clean and comfortable. Very satisfied with the service.",5,2025-10-18 06:53:37,English,Positive,0.9998
Pick me is real failing to meet its customers' needs. You can't get a ride even if someone is dying. Really disappointing. I won't recommend pick me to anyone. I wouldn't give it any stars if it is possible.,1,2025-10-17 18:08:13,English,Negative,0.9997
"so many drivers nearby yet none of them are taking the ride when it is needed. what is the point in becoming a rider if they don't take the ride , pick me needs to increase the standards if not people will cease to use the app",1,2025-10-17 17:56:15,English,Negative,0.9984
"East or West, Uber is the best. Pick me expensive",1,2025-10-17 17:52:35,English,Positive,0.9985
fake app driver fraud order not rcvd and completed by driver after 2 days I'm editing this review that still not received my refund pickme agent said you will get your refund within 24 hours,1,2025-10-17 17:35:53,English,Negative,0.9985
Dialog,1,2025-10-17 13:29:36,English,Positive,0.9862
"watch your stuff with this guy, not trust worthy. unlike most pickme drivers in my experience have been super.",1,2025-10-17 06:14:32,English,Negative,0.9959
"Very safe, good driving , came on time.",5,2025-10-16 22:38:10,English,Positive,0.9997
"Decent,careful driving",5,2025-10-16 11:48:43,English,Positive,0.9998
මුන්ගේ ඇප් ඵක හරි නෑ . ඩ්‍රයිවර් ඵන්නන් කියලා ඵන්නේ නෑ,1,2025-10-16 05:44:14,Sinhala,Not Analyzed,
Not working for gbox app,1,2025-10-16 02:32:19,English,Negative,0.9993
Too slow.. For the ride I was waiting long times..,1,2025-10-16 02:03:02,English,Negative,0.9989
excellent service keep it up pickme,5,2025-10-15 20:43:41,English,Positive,0.9998
not good compared to Uber only works in commercial areas,1,2025-10-15 20:32:14,English,Negative,0.9986
"PickMe drivers seriously need better training —most of them have no manners and aren't professional, making passengers feel unsafe during rides. The pickup location is almost never accurate. On top of that, many drivers don’t seem to know or use shorter routes; instead, they deliberately take longer ones just to increase the fare, even when no stops are made. It feels like a scam because you end up paying more than the amount shown initially. In short, Uber is better. Doesn't deserve any stars.",1,2025-10-15 17:45:44,English,Negative,0.9997
sumeda,5,2025-10-15 16:54:46,English,Positive,0.9801
Nice app,5,2025-10-15 10:25:12,English,Positive,0.9998
Happy with the prompt customer service to complaints.,4,2025-10-14 18:52:09,English,Positive,0.9998
Amazing customer service. Highly recommend.,5,2025-10-14 02:43:07,English,Positive,0.9999
"I had great experience with pick me.booking is fast,customer service is also good.vehicle drivers are so friendly.fast & superb.great app",5,2025-10-13 16:07:23,English,Positive,0.9998
"Very hard to get any vehicle at times, even during non peak hours. Uber is way better and easier. Some nonsense new bidding system for drivers to keep asking for more money ruins this app even more. The self pick up (pickme food) section needs major fixes. Deleting this app. Absolutely no use to me anymore.",2,2025-10-13 12:06:52,English,Negative,0.9998
easy to use. Very helpful.rates are reasonable.,5,2025-10-12 09:25:29,English,Positive,0.9995
no fast 🫠,1,2025-10-11 19:40:21,English,Negative,0.9883
kandiy,1,2025-10-11 17:17:21,English,Positive,0.9613
nice super,5,2025-10-11 10:35:09,English,Positive,0.9999
godd,5,2025-10-11 08:59:43,English,Negative,0.9807
worst app dont download this app,1,2025-10-10 21:26:13,English,Negative,0.9998
🇱🇰🇱🇰🇱🇰🇱🇰🇱🇰🇱🇰,5,2025-10-10 14:52:19,English,Negative,0.6971
Meya minissunta baninawa. ktha kranna dan ne.,1,2025-10-10 13:19:05,English,Negative,0.9874
"thankss,,very helpful & easy to use ..",5,2025-10-09 22:09:17,English,Positive,0.9998
godak hodayi ❤️❤️,5,2025-10-09 16:41:58,English,Negative,0.9964
"I didn’t receive my refund. I didn’t get the food, and the rider didn’t pick it up but marked the order as completed on the app. No one has resolved this issue, and my complaint was closed even though it’s not yet resolved. Please look into this matter.",1,2025-10-08 19:30:37,English,Negative,0.9944
no use of this new version app not supporting to my android phone any more im not using pick me now I have informed to the pick me Customer support service one of the agent spoke to me she has no any idea about this new version,1,2025-10-07 18:02:07,English,Negative,0.9993
ammu,5,2025-10-07 09:30:07,English,Positive,0.9874
❤️❤️,5,2025-10-06 19:19:57,English,Negative,0.6971
been scammed twice with food nor being delivered,1,2025-10-06 16:18:04,English,Negative,0.9996
vehicle not coming poor price called,1,2025-10-06 12:56:42,English,Positive,0.929
want to android 7,1,2025-10-05 20:25:35,English,Negative,0.8347
"Very worst customer service! I reported an issue, and no one even bothered to respond or check the chat properly. You people just ignore it like it's nothing! And the funniest part? Your company rating itself is below average — that says everything! Still, we trusted your service. That’s our biggest mistake. Totally disappointing and unprofessional!",1,2025-10-05 19:38:13,English,Negative,0.9998
Canot update Pickme,1,2025-10-05 16:22:10,English,Positive,0.6982
"Almost good. But i cant activate pick me pass, there is an error...",2,2025-10-05 14:59:32,English,Negative,0.9985
When I order it mostly takes half an hour and sometimes it charges too much 🙃,1,2025-10-04 18:51:19,English,Negative,0.9994
I was prompted to update the PickMe app in my phone and I tried to download the updated app and still I'm without the app obtain your service,1,2025-10-04 13:15:00,English,Negative,0.9995
Useless spam notifications. Late night fee despite being a premium member. Exorbitant price hikes during rush hour. App lags in older phone models which is a problem for almost all tuk drivers and gives the longest possible route in certain journeys. my daily commute to work and back is ALWAYS a longer route despite multiple other shorter routes being available. Services provided are good and seems like top brass has a good strategy but technical and user marketing sense is trash.,1,2025-10-03 23:29:53,English,Negative,0.9992
"drivers not confirming the ride, but shows lot of riders in the map, this happens lot of time, very time wasting, and sometimes when book a rider, coming an other vehicle with a different number plate... not only that there are so many problems, some drivers add a bill before they pick us, so the price becomes increase more than shows on the bill after finish the ride",1,2025-10-03 23:14:31,English,Negative,0.9856
they put big marketing their ickme drivers accept card payments. total lies . they always cancel the ride when it comes to card payments,1,2025-10-03 18:14:11,English,Negative,0.9997
Pickme needs to fix the drivers rules because the drivers most of the time don't accept the ride even if there are drivers nearby. When we urgently need to go somewhere its very hard cause no drivers takes the ride if it's below 400. So please pickme get that fixed with your drivers,1,2025-10-03 08:45:11,English,Negative,0.9991
Absolutely terrible with assigning drivers when they have an issue even though both the restaurant and I (the client) addressed the issue on call 4 times,1,2025-10-02 15:03:08,English,Negative,0.9992
VeRy good servic s,5,2025-10-02 08:56:56,English,Positive,0.9999
werry bad,1,2025-10-02 08:50:18,English,Negative,0.9998
🤣🤣🤣,1,2025-10-02 05:43:52,English,Negative,0.6971
"awful experience. ordered dinner. canceled after waiting 30 mins. tried ordering again and the same thing happened after 30 minutes, even though the order said it was ready for pickup by the driver. no explanation. now almost no place is open because it's too late. what's the point of this?",1,2025-10-01 22:06:30,English,Negative,0.9998
්‍යයයයෆඓඇඓඇනඑඍඹඇඹඑසර්‍එෂඑනෆඑනඑණඑනෆණඓඑනඑනඑනඑනඑනනඑඑනඑනෆනයනයනයයනයනයනයනෆඑනෆණයණයණයණයණයණයයඑණෆණයනයඑඹඑඛයයනයණෆෆඓණෆෂෆෆනයනෆනයනෆනෆනයඛයෆනඔෆනඔන නෆෆනරනරනරෂොකරෆනවෆනය්‍රකයඛ්‍රකෙකණෆකයතයකයයයකයකයඛඛයඛයඛයයකෆකෆධෙකයනෛකෙනෙනෙණයණයකයකයඛ්‍රයණ්‍රණෙණ්‍රණයටණටණටණයයණයණක්‍රන්‍රෙණ්‍යණ්‍රණ්‍රෙණ්‍රණ්‍රණ්‍ය්‍රණ්‍රණ්‍රණ්‍රණ්‍රණ්‍ර‌්‍යණ්‍ය්‍යප්‍ර‌්‍යණ්‍ය්‍යණ්‍ය්‍යණ්‍යණ්‍රණ්‍යෘණයණ්‍යණ්‍ය්‍යණ්‍යණ්‍යණඨඩණඩණඨණ්‍යණඨප්‍යණ්‍යණ්‍යණ්‍ය්‍යණ්‍යප්‍යණ්‍යණණ්‍යණටණ්‍යටපබඛට්‍යල්‍රඛ්‍රඛ්‍රඛ්‍රණ්‍රඛ්‍රඛධෙදැඑ්‍රන්‍රල්‍යධෙෂ එයාලා ්‍රඛඩෘඛ ඍජු ්‍යක්‍රක්‍රක්‍්,1,2025-10-01 17:07:50,Sinhala,Not Analyzed,
very slow in app now before good,2,2025-10-01 16:23:34,English,Negative,0.9992
worry good,5,2025-10-01 16:23:32,English,Positive,0.9998
I have used this app so many times...it's good.,5,2025-10-01 15:36:04,English,Positive,0.9998
help. full driver.,5,2025-10-01 14:54:26,English,Positive,0.811
i have gold member and daily use the app for go to office and home - price show 220LKR and when end the trip show price 400LKR.,1,2025-09-30 18:02:16,English,Negative,0.932
I can't download it,1,2025-09-30 13:24:09,English,Negative,0.9943
"Absolutely no privacy in this app. Phone numbers are visible to drivers, and many of them keep calling and harassing customers even after the ride especially unsafe for female passengers. Drivers can register without proper checks, which makes it worse. PickMe Food is just as bad. There’s no proper refund system if an order is delayed or wrong, they just call and bargain instead of giving a fair solution. Even when the delay is on their side, nothing happens because all they care about is takin",1,2025-09-30 10:03:56,English,Negative,0.9998
dress code no good,1,2025-09-30 08:36:55,English,Negative,0.9994
take care of ordering food.,1,2025-09-30 02:04:26,English,Positive,0.9656
there drivers are didn't pay correctly.when the charge is 192 rupees and when we gave 200 The rest of the money will not be given by them.,1,2025-09-29 18:43:47,English,Negative,0.9995
ක්ජ්ඩුට්බ්ෆිඑජ්🎂☺️👍🌑🌗🪺🌗🌔🌖🌔🌕🌕🌗🚳🚾🚰🚾🛂🏧🚼🛂🚼🛂🚰,5,2025-09-29 18:20:34,Sinhala,Not Analyzed,
shakabum,5,2025-09-29 18:13:21,English,Negative,0.6571
fully satisfied with the journey,5,2025-09-29 09:47:30,English,Positive,0.9998
nice application good,5,2025-09-28 21:06:35,English,Positive,0.9999
I had a really good experience with PickMe so far but recently i had a problem with food that i ordered and which was never delivered and the order was cancelled. I got an sms saying the funds would be refunded but so far it hasn't been refunded. My main Problem is that i dont feel like calling the hotline so i just wish they find a way to allow us to report problems like this in-app and that's a problem because the cancelled food order isnt even appearing even though i paid for it.,2,2025-09-28 19:19:23,English,Negative,0.9997
The driver gets really mad when we cancel a trip 😡.,1,2025-09-28 15:48:21,English,Negative,0.9989
Update eka enne naaa,1,2025-09-28 14:14:57,English,Negative,0.9684
I all ways going trip with pickme It is very helpful when we are in a hurry.,3,2025-09-28 11:38:44,English,Positive,0.9972
Ravidu,5,2025-09-27 22:53:26,English,Positive,0.9517
no tuks. despite being a platinum user i cant get a tuk at all. useless waste of space on my phone,1,2025-09-27 19:06:57,English,Negative,0.9998
i am happy with pick me app . verry easy to go any where thank you so much pick me 🙏❤️❤️,5,2025-09-27 18:16:35,English,Positive,0.9997
I highly recommend this app. Definitely more than Uber or any other app. At least these people are reliable and trustworthy.,5,2025-09-27 16:58:13,English,Positive,0.9998
nice one,5,2025-09-26 22:56:54,English,Positive,0.9998
"PickMe is now charging extra hidden costs. If the driver is coming from more than 3 km away, they add that distance to the customer’s bill as “surge,” without informing clearly. Customers only see it after the ride, which feels unfair and misleading. Transparency is very important—please be honest with your charges.",1,2025-09-26 19:38:37,English,Negative,0.8618
the loyalty programme is totally fake,1,2025-09-26 13:57:02,English,Negative,0.9998
"I don't understand how this is calculated, because I have to pay one amount when I get home from work in the evening and another amount in the morning. Because the road is narrower in the evening? There's no way the journey will be longer in the morning.",1,2025-09-26 08:46:58,English,Negative,0.9988
Most useless app in Sri Lanka! Everyday drivers going round and round saying map is not working. Why keep a share button if you are unable to share trip details? This app is totally a waste of time!,1,2025-09-26 02:27:24,English,Negative,0.9998
"Pick me up – amazing team, very reasonable prices, and excellent service! Highly recommended",5,2025-09-25 08:51:08,English,Positive,0.9999
"Disappointed experience with PickMe! They over charged me without any prior notice, that was completely unfair. The service was not worth for the additional cost. They should improve their pricing transparency in future. Never ride with pickme again until they improve their transparency They shows very high fare after a ride than estimated fare",1,2025-09-25 01:20:23,English,Negative,0.9996
i like it,5,2025-09-24 18:25:09,English,Positive,0.9999
poor app,1,2025-09-24 12:24:58,English,Negative,0.9998
courier option is not working anymore,1,2025-09-23 19:50:03,English,Negative,0.9991
aàaàq,5,2025-09-23 04:22:33,English,Negative,0.9563
bad nod good wery bad,1,2025-09-22 22:49:45,English,Negative,0.9813
this app is very usefull,5,2025-09-22 21:32:59,English,Positive,0.9981
I ordered a Biriyani from Kurtosh Pita Kotte. They sent me only the Rice and the piece of Chicken. Accompaniments that should have come with the rice didn't come. There was not even gravy. Very bad service.,1,2025-09-22 15:28:00,English,Negative,0.9986
wrost First thing they ask when we book a ride cash or card . If we say card booking is cancled 😂 Worst navigation as well. sometimes driver confirm over ride and go other hires wasting over time.,1,2025-09-22 07:33:56,English,Negative,0.9996
Uber better to is good app pick me very very bad guys 😠😠😠😠😠😠,1,2025-09-22 02:16:47,English,Negative,0.9971
"i didnt receive my food order even tho i paid for it . there was no driver assigned to me so i cant even do nothing , theres no order in my activity list . hope the they see this and fix there wromg doing to me",1,2025-09-21 23:19:34,English,Negative,0.9989
"Worst app period. Book a ride and the rider says he's 3km away. But in the app it shows 100 m. Neither of us can cancel the trip too. Fix your bugs pickme, pathetic.",1,2025-09-21 13:03:54,English,Negative,0.9992
good aa,5,2025-09-20 21:18:30,English,Positive,0.9998
Great!! On time to the movie..😀,5,2025-09-20 15:33:17,English,Positive,0.9999
very bad app for riders,1,2025-09-20 13:30:07,English,Negative,0.9998
pick me is the no 1 app in srilanka for riding and food deliver,5,2025-09-20 08:46:13,English,Positive,0.9959
Nice💗,5,2025-09-20 08:45:15,English,Negative,0.6971
Pickme is charging Rs.100 late night fee. Uber doesn't do that. Time to switch until Pickme removes this. We will pay our tips to the driver for late night deliveries. Not a cent for you guys because you're virtual machines that run your web app doesn't get sleep deprivation.,1,2025-09-19 23:11:43,English,Negative,0.9925
verh bad app no drivers for an emergency very bad no drivers in the app at all close the app,1,2025-09-19 20:27:48,English,Negative,0.9988
reasonable price,5,2025-09-19 20:15:12,English,Positive,0.9986
"මුන්ගෙ වාසිය විතරයි මුන් බලන්නෙ,drive ගැන ගානක්වත් නෑ",1,2025-09-19 16:05:43,Sinhala,Not Analyzed,
"In my last trip my fare was 170/=, but the driver charged me 270/=. This should be considered critically.",1,2025-09-19 14:57:44,English,Positive,0.9758
please check location sharing not functioning,2,2025-09-19 14:34:59,English,Negative,0.9997
They are the worst. Not taking our transports.,1,2025-09-19 07:05:43,English,Negative,0.9998
some drivers are very friendly and kind but some aren't,4,2025-09-18 16:35:13,English,Negative,0.7711
ANYONE CAN SIGN UP WITH THIS APP. THEY DO NOT TRAIN THEIR DRIVERS. HALF THE TIME THEY DON'T KNOW WHAT THEY'RE DOING OR WHERE THEY'RE GOING. THE DRIVERS ASK ME WHERE TO GO AND IF MY LOCATION IS CORRECT. DON'T ASK ME TO DO YOUR JOB. PICK ME SHOULD BE PAYING ME.,1,2025-09-18 12:42:45,English,Negative,0.9994
"Lack of Accountability ""Even after reporting bad driver behavior, PickMe did not follow up properly. It feels like the organization doesn’t care about customer safety or feedback."" Unprofessional Standards ""PickMe as an organization needs to improve its quality control. Many drivers are rude or cancel rides, and there seems to be no strict action taken against them.""",1,2025-09-18 11:40:16,English,Negative,0.9997
"Extremely disappointed with PickMe. The app gave a wrong route, and the driver abandoned me on a deserted road after I had already paid by card. He was aggressive, rude, and behaved like a thug, leaving me unsafe and stranded. I had to withdraw cash, take another taxi, spend extra money, and missed my appointment. Be very careful using PickMe – the app is unreliable, drivers are dangerous, and your safety is at risk.",1,2025-09-17 22:03:08,English,Negative,0.9998
Very use full,5,2025-09-17 18:20:55,English,Positive,0.9938
Worst drivers ever.,1,2025-09-17 08:35:21,English,Negative,0.9998
goooooooood,5,2025-09-16 18:27:32,English,Negative,0.6351
the sri lankan best app,5,2025-09-16 12:30:07,English,Positive,0.9997
I was using this app for many years had good experiences but today I was waiting more than 1 hour for a vehicle I could see so many drivers around the location but none pick my hire so instantly uninstalled and download another app got a vehicle within 5min,1,2025-09-16 08:13:12,English,Negative,0.9967
"Extremely Disappointed with PickMe I’ve had two deeply frustrating experiences with PickMe. First, I lost valuable items during a ride, and when I contacted customer service, they simply told me to report it to the police—no support or accountability. Second, the fare shown befo after a big conversation it ended up with sorry. from customer service.",1,2025-09-15 23:06:23,English,Negative,0.9998
"Dear PickMe Support Team, I am very disappointed with a problem I face regularly when using PickMe. After booking a ride, some drivers ask whether I will pay by card or cash. When I say that I will pay by card, the drivers cancel my booking. This has happened several times and causes a lot of inconvenience. I kindly request you to look into this matter and take necessary action to ensure that drivers accept all available payment methods on the app. Thank you for your attention to this issue.",1,2025-09-15 19:28:32,English,Negative,0.9981
why i cant download pickme in huwawei phone we need it,1,2025-09-15 11:28:28,English,Negative,0.9937
supper,5,2025-09-15 06:20:58,English,Positive,0.9822
good served,5,2025-09-14 11:53:17,English,Positive,0.9998
they charge hidden charges for serching. and very hard to complane agents service .,1,2025-09-13 19:05:42,English,Negative,0.9987
best driving app in 🇱🇰,5,2025-09-13 11:58:38,English,Positive,0.9992
Amma oka pick me bang meke,1,2025-09-13 11:40:13,English,Negative,0.9694
Not reliable. I ordered one food parcel but pick me deducted for 2 parcel and deluvered 2 parcels through different orders.App has not even notified the progress of second order.,1,2025-09-12 15:21:25,English,Negative,0.9996
paid by card. but ask mony,1,2025-09-12 12:15:04,English,Negative,0.9914
getting late no driver is taking even its high price . poor sevice 😡😡,1,2025-09-12 06:47:10,English,Negative,0.9996
This one app very very useful for every time me,5,2025-09-12 00:42:10,English,Positive,0.9969
v good,5,2025-09-11 18:34:05,English,Positive,0.9985
Whatsapp,5,2025-09-11 02:41:41,English,Positive,0.9673
"worst service ever do not use this application, customer Service always blames the merchant and the merchant blames Pick Me, so just to earn money not to provide any service,they have 0 concern and it's not a service oriented business honestly, I have made 4 orders to Celeste and all where automatically cancelled and when called both parties they blame each other,best part is they inform that all other customers orders are perfectly fetched but not mine so something for me to think of,",1,2025-09-11 00:32:53,English,Negative,0.9986
all your three wheeler drivers are spitting during the journey.please advise them not to spitt while the costermer is I n the vehicle.for the wind the spitt ckmes to I ur faces,1,2025-09-10 18:55:34,English,Negative,0.9958
Ride was good,4,2025-09-10 12:55:41,English,Positive,0.9999
"timely arrival, knowledge of the area",5,2025-09-09 16:08:47,English,Positive,0.9998
megoda dham mawata,5,2025-09-09 06:48:07,English,Negative,0.9489
super 🩵,5,2025-09-08 20:20:50,English,Positive,0.9332
Good . but some of the drivers dnt know how to talk.,4,2025-09-08 18:51:25,English,Positive,0.9994
"very friendly guy , cheers",5,2025-09-08 14:16:39,English,Positive,0.9998
app getting worst bcz all drivers ignored . uninstalled👎👎👎,1,2025-09-08 10:06:54,English,Negative,0.9991
i was waiting nearly a hour for a any vehicle i still couldnt get in touch with a vehicle worst,1,2025-09-08 08:36:20,English,Negative,0.9985
பபப,5,2025-09-07 19:02:05,Tamil,Not Analyzed,
ver good 👍,5,2025-09-07 12:51:21,English,Positive,0.9955
he is a good driver and driving also good. very understanding person.,5,2025-09-07 09:46:06,English,Positive,0.9999
very good intelegant Driver.,5,2025-09-07 01:18:26,English,Positive,0.9998
good job.👍,5,2025-09-07 00:55:14,English,Positive,0.9999
barely any drivers on the app,1,2025-09-06 20:00:53,English,Negative,0.9995
"hi, please could you tell me why the app say's (user blocked permanent) can you unblock me from the app.",1,2025-09-06 16:53:08,English,Negative,0.9992
"I have a very unpleasant experience with this app because the drivers are not customer friendly in any way and when we suddenly hire a driver, most of the time those drivers say they can't go for various reasons (either they say it's too far, or they don't show the location correctly) so it's a very bad experience I don't like this app at all. That's why I'm using the Uber app now, it's not very good, everyone should go to the Uber app",1,2025-09-06 13:50:58,English,Negative,0.9998
no any complains yet but satisfied.,5,2025-09-06 00:06:27,English,Positive,0.997
great service 😊❤️✊,5,2025-09-05 17:08:01,English,Positive,0.9996
worst service ever had,1,2025-09-05 15:24:00,English,Negative,0.9998
Was quite useful as a tourist with a language barrier to book a cab/ tuk-tuk and also cab for long distance travel. Was pretty comfortable using it in Colombo There were challenges with LankaPay while taking a long cab service from Colombo to Nuwara Eliya. Had booked using LankaPay( integrated with Indian UPI) but at the end of the trip it mapped to Cash. Which was a suprise. Otherwise recommended for local travel.,4,2025-09-05 10:30:50,English,Negative,0.9917
"Good, however, when using the option of card payment, it is a bit erratic as it appears not to register and having to pay by cash instead. This potentially can be awkward, problematical, and not to say embarrassing 😳",4,2025-09-05 06:06:08,English,Negative,0.9932
Driver never came,1,2025-09-04 18:16:45,English,Negative,0.9994
I am highly recommended. Very good customer service.,5,2025-09-04 17:04:41,English,Positive,0.9999
Excellent driver. Very knowledgable and friendly. I would like to give him a 100 out of 100.,5,2025-09-04 14:01:23,English,Positive,0.9998
"Previously the service was good, the recent change to bids for rides is not good and I would not recommend at all. I booked a cab in advance by 1.5 hrs to be told 40 mins before there were no cabs close by so I needed to pay Rs 600 more. Why when I booked it 90 mins early.....then after canceling 30 seconds later another call asking how many passengers and how much luggage......not impressed",2,2025-09-03 21:58:27,English,Negative,0.9995
good savis,5,2025-09-03 13:02:26,English,Positive,0.9998
fmfasarath,5,2025-09-02 23:25:04,English,Negative,0.9617
thanikarama Hora kanawa,1,2025-09-02 20:44:45,English,Negative,0.6839
It is a very easy and convenient app.,5,2025-09-02 20:01:12,English,Positive,0.9962
Very friendly and honest.,5,2025-09-02 17:55:19,English,Positive,0.9999
👎👎👎,1,2025-09-02 15:39:27,English,Negative,0.6971
bad application 🤬🤬,1,2025-09-02 13:36:38,English,Negative,0.9998
"Don't like thing is each and very time when use the app they says to update so last directing to playstore drove me to rate 3 stars, other things are really good service is highly recommend",3,2025-09-01 06:54:37,English,Positive,0.9992
"We ordered food at 8:00pm, ready by 8:30pm, but these bloody idiots kept my family hungry for almost 2 hours with no help line and no response from these filthy dogs. In the end we had to go to the restaurant ourselves. PickMe is the worst Sri Lankan made app, simply good for nothing.",1,2025-08-31 23:44:47,English,Negative,0.9998
everything good but the worse part is most of the drivers are refeuse cardpayment hire i dont know why and its kind of suck,1,2025-08-31 22:25:32,English,Negative,0.9991
"Convinient, friendly and punctual...👍",5,2025-08-31 20:22:19,English,Positive,0.9993
please change the update to the old version new version is very difficult for drivers ....thanks,5,2025-08-31 12:55:44,English,Negative,0.9985
"one of the most unprofessional apps as their drivers, and I'll never recommend this to anyone, especially for a foreigner, because they dont stick to the given price and then charge extra. always gotta ride with skeptical feelings whether will it change or not and more other issues.",1,2025-08-31 00:13:11,English,Negative,0.9364
harmful app,1,2025-08-30 22:40:08,English,Negative,0.9996
cheat app ever,1,2025-08-30 21:27:35,English,Negative,0.9984
This is not useful when you need it at all. It takes like half an hour to pair with you a driver,1,2025-08-30 19:06:50,English,Negative,0.9997
encountered too many cancellations from drivers recently after they confirm,1,2025-08-30 18:16:18,English,Negative,0.9994
patta chater driverlage paththata kisi deyak nha un hambakara gannawa vitharai kalakanni ballo,1,2025-08-30 15:57:06,English,Negative,0.9894
The best service for my urgent transportation needs. I would rate more than five if I could.,5,2025-08-30 15:56:34,English,Positive,0.9829
cause hire are little late,4,2025-08-30 15:41:34,English,Negative,0.8075
harmful,1,2025-08-30 15:40:02,English,Negative,0.9997
This is not for drivers and passengers.This is only running for company profit.,1,2025-08-30 14:48:29,English,Negative,0.9992
very bad service 🤮🤮🤮🤮🤢🤢,1,2025-08-30 14:37:55,English,Negative,0.9996
every bad,1,2025-08-30 14:33:14,English,Negative,0.9997
help full,4,2025-08-29 23:06:17,English,Positive,0.9875
exceptionally good person,5,2025-08-29 22:14:17,English,Positive,0.9999
MY FIRST TIME 5 STAR APP POCK ME REALLY GOOD APP❤,5,2025-08-29 22:03:50,English,Positive,0.9984
"Pickme Foods, what happened to you?Did your drivers go on strike?🤣🤣",1,2025-08-29 12:47:57,English,Negative,0.999
"This app is really good. once I use normal travels it get so much money, but when I know this it only take a little. I rate you a t stars good luck. ehenam kollo api giya.",5,2025-08-29 11:22:57,English,Positive,0.9953
good moaning,5,2025-08-29 09:40:04,English,Positive,0.9926
ale dewalaya,5,2025-08-28 13:04:27,English,Positive,0.9817
Most UNRELIABLE app ever. Half the time I am unable to get a tuk especially during an emergency and when it rains. Riders accept and cancel last minute. I have to cancel Classes because I have wasted my time and energy waiting for over an hour just to get a ride.. In the time that a driver takes to accept a ride if I had gone walking I would have reached my destination before they could accept.,1,2025-08-28 11:14:11,English,Negative,0.9997
stupid freaking app to disconnect customer after few months.,1,2025-08-28 07:50:35,English,Negative,0.9997
Very Helpful App,5,2025-08-28 00:42:30,English,Positive,0.9997
The bikers are not arriving when we want for an important ride otherwise the tuk-tuk drivers are working well,1,2025-08-27 19:55:12,English,Negative,0.7387
"I ordered a pizza hut buy one and get one offer and delivered only one. verify that the order has been delivered to pickme Guy.Contacted pickme hotline wait for Feedback, but they tried to convince me even without contacting the guy who delivered order. Asked for a resolution, no feedback or complaint details either.",1,2025-08-27 19:48:44,English,Negative,0.996
better to get a Uber at this point,1,2025-08-27 15:29:52,English,Negative,0.9984
It take so long to get a driver. If you're in a hurry you can't get one.,1,2025-08-27 13:33:54,English,Negative,0.9995
veryy use full app i like,5,2025-08-27 13:03:59,English,Positive,0.9923
best than uber,5,2025-08-27 12:55:39,English,Positive,0.9989
few drivers demand cash. sometimes locations do not get picked up correctly and drivers end in wrong location. one driver refused to wait 5mts till rain ceased and asked to cancel the hire.,3,2025-08-27 12:32:05,English,Negative,0.9996
Good but searching drives is very slow.,4,2025-08-27 10:00:52,English,Negative,0.9898
use less,1,2025-08-27 08:09:47,English,Negative,0.9963
salyarj laga rani,5,2025-08-27 03:35:44,English,Positive,0.8395
"Horrible experience with the riders.. they'll take forever to arrive and yet the cancelation fee for the ride has been taken from my account.. This happened to me several times. Also they make us wait until their whole work is over and come when they get a reminder, i guess",1,2025-08-26 20:32:51,English,Negative,0.9996
Paid Rs. 549 for the pickme pass subscription. This damn app is still charging delivery fees even after purchasing the pickme Pass. Pathetic. Pickme is loosing customer's trust.,1,2025-08-26 13:04:12,English,Negative,0.9993
"excellent driving, clean car",5,2025-08-26 12:10:23,English,Positive,0.9999
i will never recommend this app for ever i place order at 4.30 am till 5.20 am now no delivery agent to pick my food order waste of time and money,1,2025-08-26 05:20:07,English,Negative,0.9934
"all good, the driver was polite and on time",5,2025-08-25 22:23:40,English,Positive,0.9997
"I got this very quickly, good & very safe travel",5,2025-08-25 11:04:32,English,Positive,0.9998
Very Good servis,5,2025-08-24 20:07:28,English,Positive,0.9998
Good app very useful 👌,5,2025-08-24 18:32:30,English,Positive,0.9996
රට පුරාම ව්‍යාප්ත වෙනවා නම් ඉතා හොදයි. වාහන අංකය පාරිභෝගිකයන් ට පෙන්වන එක නෙමෙයි කතා කරාම එන්නේ..,5,2025-08-24 15:17:49,Sinhala,Not Analyzed,
worst app ever invented drivers still don't pick up when it's a short distance.,1,2025-08-24 09:06:15,English,Negative,0.9998
Complaining about pick me. No customer relation experiene. Old vehicle.,1,2025-08-24 09:01:04,English,Negative,0.9994
Thank you so good,5,2025-08-24 08:55:52,English,Positive,0.9998
best & ontime service,5,2025-08-23 22:29:41,English,Positive,0.9988
they are coming fast,5,2025-08-23 15:01:37,English,Positive,0.9992
In the past days the app was great until 3 days ago the 50% offer in pickme wasn't working plus there are some map problems and if book one ride the ride becomes 2 . I think they should check this.,1,2025-08-23 11:37:25,English,Negative,0.9353
Charged than the amount displayed at the beginning due to traffic jam at the railway crossing. This is unfair.,3,2025-08-23 04:02:59,English,Negative,0.9996
the application not running well always.,4,2025-08-22 20:26:54,English,Negative,0.9997
grate job,5,2025-08-22 09:59:05,English,Negative,0.9739
"I’ve had a great experience with PickMe! The app is easy to use, rides are convenient, and drivers are generally friendly and professional. Booking is quick, and I like the transparent pricing. Definitely worth 5 stars!",5,2025-08-21 21:17:08,English,Positive,0.9993
rickety vehicles accuracy of location,4,2025-08-21 14:13:45,English,Negative,0.9813
good driver and friendly,2,2025-08-21 14:06:13,English,Positive,0.9998
Tuk tuk drivers suck. No rides during noon time.,1,2025-08-21 13:42:04,English,Negative,0.999
"driver kamal doesn't know how to treat customers, he is mentally low level",1,2025-08-20 20:33:20,English,Negative,0.9998
"This is FRAUD. When I contacted support about drivers cheating, they banned ME. So cheater driver got my money, that's all.",1,2025-08-20 19:57:02,English,Negative,0.9995
app icon is not appearing on my desktop,5,2025-08-19 16:29:20,English,Negative,0.9996
can I sell the foods from my home?,2,2025-08-19 12:47:28,English,Negative,0.9959
most times have to wait so long time to get vehicle. time waste. 😑,1,2025-08-19 08:54:16,English,Negative,0.9996
Its difficulty use code,1,2025-08-19 08:52:58,English,Negative,0.999
"​The app shares our numbers with clients, which poses a significant security risk. Unlike Uber, it lacks an in-app calling feature, and the app itself isn't as well designed. While I want to support local apps, these design flaws and security issues led me to uninstall it immediately. The company needs to implement in-app calling as a priority.",1,2025-08-19 06:36:51,English,Negative,0.9997
he started the trip before picking me from Armer street.,1,2025-08-19 05:04:55,English,Negative,0.7761
What an unpleasant app...they are cancelling their rides and we should await if they cancel again and again...I ll never rate this as a good app,1,2025-08-18 18:01:35,English,Negative,0.9998
late for the food order💔,1,2025-08-18 03:51:30,English,Negative,0.9991
my new account,1,2025-08-18 02:16:48,English,Positive,0.9741
simply waste this app I'm gonna uninstall it,1,2025-08-17 17:43:16,English,Negative,0.9998
this app and her divers are not good but inside serilanka for helpful,3,2025-08-17 17:05:25,English,Positive,0.9968
horrible experience with money being taken from my account for orders and not being refunded after cancellations on the store or pick me side. everytime they make me wait a week and then say something is being done. still waiting on 3 seperate orders to be resolved and it's been 1 and a half months. do not recommend.,1,2025-08-17 15:29:30,English,Negative,0.9997
The drivers already didn't accept trips they only accept big trips and expect more money and now pick me has introduced new bidding system so you can bid a driver who's near for like extra rs 200 + the actual trip fair whoever introduced this system has given another excuse for these riders not to accept trips this system maybe the downfall of pickme please fix it if can or the best app is uber downfall of pickme 👍,1,2025-08-17 10:02:33,English,Negative,0.9981
not good.....,1,2025-08-17 04:54:07,English,Negative,0.9998
"This morning at around 9 am, I called the customer care department of Pickme to get an answer to a certain problem. I was really disappointed at that moment. The Pickme employee who answered my call started singing after listening to my call. While I was on the call, she put the call aside and started talking to other employees. What I really felt at that moment was zero customer care. If you think your customer is a joke, remind your employees that the customer does not need your service.😡",1,2025-08-16 12:46:18,English,Negative,0.9996
Safety and useful app,5,2025-08-15 18:17:36,English,Positive,0.9992
Exhalent,4,2025-08-15 14:36:45,English,Positive,0.9766
something very good,5,2025-08-15 13:58:04,English,Positive,0.9999
"Very sad, No drivers accepting the hires. Even more drivers are around there. Need more attention to this. also can't even change payment method after ordering.",1,2025-08-15 13:20:09,English,Negative,0.999
I think you should include a text business option for PickMe foods. Sometimes I have the urge to ask them whether they're decorating my order with 24k gold since they've taken so long with order preparations.,3,2025-08-15 10:43:00,English,Negative,0.9982
wonderfully app,5,2025-08-15 05:40:22,English,Positive,0.9999
excellent 👌,5,2025-08-14 20:06:49,English,Positive,0.9998
අවුරුදු ගානක් මේ app එක පාවිච්චි කර තිබුනත් අද අයින් කරන්න තීරණය කලා. ඒ නුවර ටවුන් එකේ පැයකට අදික කාලයක් රස්තියාදු වෙන්න වීමත් එක්කයි. pickme threewheel කිහිපයක් accept කර එන බව පැවසූවත් ටික වෙලාවක් ගිහින් cancel කරනවා calls කතා කරන් ඉද්දි cut කරනවා. හතර පස් වතාවක් මේ වගේ උනාට පස්සෙ මෙයාලගෙ 1313 අංකයට ඇමතුවත් කිසිදු පිලියමක් ලැබුනේ නෑ. පැයකට අදික කාලකින් පසුත් wheel එකක් සොයා ගැනීමට නොහැකි උනා. හරිම කලකිරීමයි pickme පිලිබදව.,1,2025-08-14 18:13:04,Sinhala,Not Analyzed,
Super🥰🥰🥰,5,2025-08-14 12:27:16,English,Negative,0.6971
took me a detour,1,2025-08-13 16:05:34,English,Negative,0.9934
convenient.,5,2025-08-13 08:19:16,English,Positive,0.9992
one driver found my number after the ride and now he's texting n bothering me this is so annoying other than that everything are fine,1,2025-08-11 21:12:26,English,Negative,0.9864
pickme is good app .🥰,5,2025-08-11 19:57:29,English,Positive,0.9996
apoi,5,2025-08-11 17:51:19,English,Positive,0.9799
ewww,1,2025-08-11 17:26:08,English,Negative,0.983
after I download it is not working and loading... frustrated so much,1,2025-08-11 11:44:06,English,Negative,0.9993
refuse to load up to 700kg,1,2025-08-11 11:13:54,English,Negative,0.9997
best app in the world,5,2025-08-10 23:58:53,English,Positive,0.9995
"Driver never arrived, then he instantly ""finished"" the trip and took my money. PickMe customer support did not help and closed off the complaint, without any contact. The scam should have been obvious because the trip only lasted 1 minute and the driver never actually arrived at the pickup location. I would suggest using cash as primary source of payment to avoid scams in the future as PickMe will not help.",1,2025-08-10 23:11:56,English,Negative,0.9998
"This is by far the worst service app I have ever used. It lags so badly that the delivery address changes automatically, causing major inconvenience. The customer service is extremely poor, and to make matters worse, the customer service boy was rude and arrogant. He does not know how to handle customers or address concerns in a respectful way",1,2025-08-10 16:04:26,English,Negative,0.9998
"This app is best sends good drivers, but its taking too long to find a driver nearby when there are drivers",3,2025-08-10 09:04:01,English,Negative,0.9985
good service great job👍loved so much ❤️,5,2025-08-10 08:48:01,English,Positive,0.9998
Single Hand driving 😦 other hand always with phone 🤳 careless driving unnecessarily beeping centre AC socket fully turned to his body not caring back seat passengers comfort not supporting to load or in load goods on the back 😔 swallen head 🙂‍↕️ and not caring passengers who are,1,2025-08-10 08:08:06,English,Negative,0.9991
bad customers care,1,2025-08-10 07:27:02,English,Negative,0.9991
good for short range visit,5,2025-08-09 04:14:52,English,Positive,0.999
Very useful ✨✨,5,2025-08-08 20:32:35,English,Positive,0.9995
Sooo good🙃👍,5,2025-08-08 18:30:20,English,Positive,0.5489
"I'm currently facing issues with this app. For instance, when I booked one ride, it registered as two rides. Additionally, sometimes drivers call me even though I haven't booked a ride. Please address these problems.",2,2025-08-08 12:00:50,English,Negative,0.997
ko meke bike hayer genna ganne kohamada,5,2025-08-08 09:40:10,English,Negative,0.9592
cannot even able to book a cab for a friend. gets crashed all the time.,1,2025-08-08 03:35:50,English,Negative,0.9995
highly recommend,5,2025-08-07 21:09:22,English,Positive,0.9999
poor vehicle availability,2,2025-08-07 18:39:10,English,Negative,0.9998
"pathetic. no customer service, no service levels or standards, it's the wild west.",1,2025-08-07 10:57:44,English,Negative,0.9998
not interested uber is better than pickme,1,2025-08-06 23:41:34,English,Negative,0.9965
Very Good 👍👍👍,5,2025-08-06 11:59:35,English,Positive,0.9999
great 👍,5,2025-08-06 10:30:58,English,Positive,0.9998
The driver has dropped us on the road of our hospital because he has failed to take us into the hospital to get off.,1,2025-08-06 09:17:27,English,Negative,0.9991
Good saves,5,2025-08-06 06:58:27,English,Positive,0.9998
unbeatable,5,2025-08-05 16:50:18,English,Negative,0.9879
Very friendly driver. Was on time.,5,2025-08-05 10:41:33,English,Positive,0.9995
Bad Taxi Service In Sri lanka,1,2025-08-05 09:04:00,English,Negative,0.9997
time saver,5,2025-08-05 07:14:14,English,Positive,0.9864
very good driving and polite,1,2025-08-04 19:34:53,English,Positive,0.9999
vehicals are not taking on time. have to seek too much time.,1,2025-08-04 11:52:58,English,Negative,0.9965
"Welcome to PickMe! 🚖 Fast, safe, and reliable rides at your fingertips.",5,2025-08-03 23:41:39,English,Positive,0.9998
it's always useful,5,2025-08-03 15:10:56,English,Positive,0.9997
"Now, most of the drivers reject to accept card payments, saying they don't get money on time. Therefore, need to use cash which is annoying.",2,2025-08-02 22:29:11,English,Negative,0.9991
this is ok but this app needs extra data more than our monthly data package 😐,3,2025-08-02 22:27:23,English,Negative,0.9895
very bad boyssssss,2,2025-08-02 10:22:00,English,Negative,0.9954
thank you for the info,5,2025-08-01 22:38:04,English,Positive,0.9998
bike option is not showing.i hv the latest update also. but i cant book a bike ride due to this,2,2025-08-01 20:56:26,English,Negative,0.9686
Excellence driving and very friendly.🙏,5,2025-08-01 19:02:03,English,Positive,0.9999
polite and professio,5,2025-08-01 17:47:47,English,Positive,0.9978
good🩷,5,2025-08-01 15:09:42,English,Negative,0.6971
milk pkt damaged. this is the third time. nobody is taking notice when I complain. ⁶,1,2025-08-01 14:44:03,English,Negative,0.9963
Hire ekak dammama ganna bari kaalakanniwa thiyagenne harakda picme eke inne ?,1,2025-08-01 08:39:51,English,Negative,0.9951
excellent 👌👌,5,2025-08-01 07:10:39,English,Positive,0.9998
it'll be convenient to the customers if the company hires permanent pickme drivers who can work 24/7. Coz it's not easy to find a pickme after 11 pm and before 5 am.,3,2025-07-31 16:50:58,English,Negative,0.9992
good ...god,5,2025-07-31 16:30:51,English,Positive,0.9998
Food delivery service is a total nightmare! took more than 2hrs to deliver 4 portions of rice & curry. this is my first and last order on PickMe Food.,1,2025-07-31 15:04:45,English,Negative,0.9995
